Command: /home/mayo/.espressif/python_env/idf5.5_py3.13_env/bin/python /home/mayo/esp/esp-idf/tools/idf_monitor.py -p /dev/ttyACM0 -b 921600 --toolchain-prefix xtensa-esp32s3-elf- --target esp32s3 --revision 0 /home/mayo/Documents/projects/csi_research/csi/csi_recv/build/csi_recv.elf /home/mayo/Documents/projects/csi_research/csi/csi_recv/build/bootloader/bootloader.elf -m '/home/mayo/.espressif/python_env/idf5.5_py3.13_env/bin/python' '/home/mayo/esp/esp-idf/tools/idf.py'
ESP-ROM:esp32s3-20210327
Build:Mar 27 2021
rst:0x15 (USB_UART_CHIP_RESET),boot:0x8 (SPI_FAST_FLASH_BOOT)
Saved PC:0x40048dfe
SPIWP:0xee
mode:DIO, clock div:1
load:0x3fce2820,len:0x14f0
load:0x403c8700,len:0xd30
load:0x403cb700,len:0x2ef0
entry 0x403c8928
[0;32mI (24) boot: ESP-IDF v5.5.3 2nd stage bootloader[0m
[0;32mI (24) boot: compile time Jul 27 2026 06:04:27[0m
[0;32mI (25) boot: Multicore bootloader[0m
[0;32mI (25) boot: chip revision: v0.2[0m
[0;32mI (25) boot: efuse block revision: v1.4[0m
[0;32mI (25) boot.esp32s3: Boot SPI Speed : 80MHz[0m
[0;32mI (26) boot.esp32s3: SPI Mode       : DIO[0m
[0;32mI (26) boot.esp32s3: SPI Flash Size : 2MB[0m
[0;32mI (27) boot: Enabling RNG early entropy source...[0m
[0;32mI (27) boot: Partition Table:[0m
[0;32mI (27) boot: ## Label            Usage          Type ST Offset   Length[0m
[0;32mI (28) boot:  0 nvs              WiFi data        01 02 0000b000 00006000[0m
[0;32mI (29) boot:  1 phy_init         RF data          01 01 00011000 00001000[0m
[0;32mI (30) boot:  2 factory          factory app      00 00 00020000 00100000[0m
[0;32mI (31) boot: End of partition table[0m
[0;32mI (31) esp_image: segment 0: paddr=00020020 vaddr=3c080020 size=18ec4h (102084) map[0m
[0;32mI (50) esp_image: segment 1: paddr=00038eec vaddr=3fc9a300 size=04dech ( 19948) load[0m
[0;32mI (55) esp_image: segment 2: paddr=0003dce0 vaddr=40374000 size=02338h (  9016) load[0m
[0;32mI (57) esp_image: segment 3: paddr=00040020 vaddr=42000020 size=7e850h (518224) map[0m
[0;32mI (149) esp_image: segment 4: paddr=000be878 vaddr=40376338 size=13f74h ( 81780) load[0m
[0;32mI (167) esp_image: segment 5: paddr=000d27f4 vaddr=50000000 size=00020h (    32) load[0m
[0;32mI (176) boot: Loaded app from partition at offset 0x20000[0m
[0;32mI (176) boot: Disabling RNG early entropy source...[0m
[0;32mI (178) cpu_start: Multicore app[0m
[0;32mI (186) cpu_start: GPIO 44 and 43 are used as console UART I/O pins[0m
[0;32mI (187) cpu_start: Pro cpu start user code[0m
[0;32mI (187) cpu_start: cpu freq: 160000000 Hz[0m
[0;32mI (188) app_init: Application information:[0m
[0;32mI (188) app_init: Project name:     csi_recv[0m
[0;32mI (188) app_init: App version:      1[0m
[0;32mI (188) app_init: Compile time:     Jul 27 2026 06:04:16[0m
[0;32mI (189) app_init: ELF file SHA256:  532a5ac3f...[0m
[0;32mI (189) app_init: ESP-IDF:          v5.5.3[0m
[0;32mI (190) efuse_init: Min chip rev:     v0.0[0m
[0;32mI (190) efuse_init: Max chip rev:     v0.99 [0m
[0;32mI (191) efuse_init: Chip rev:         v0.2[0m
[0;32mI (191) heap_init: Initializing. RAM available for dynamic allocation:[0m
[0;32mI (192) heap_init: At 3FCA2E48 len 000468C8 (282 KiB): RAM[0m
[0;32mI (193) heap_init: At 3FCE9710 len 00005724 (21 KiB): RAM[0m
[0;32mI (193) heap_init: At 3FCF0000 len 00008000 (32 KiB): DRAM[0m
[0;32mI (194) heap_init: At 600FE000 len 00001FE8 (7 KiB): RTCRAM[0m
[0;32mI (196) spi_flash: detected chip: boya[0m
[0;32mI (196) spi_flash: flash io: dio[0m
[0;33mW (196) spi_flash: Detected size(16384k) larger than the size in the binary image header(2048k). Using the size in the binary image header.[0m
[0;32mI (197) sleep_gpio: Configure to isolate all GPIO pins in sleep state[0m
[0;32mI (198) sleep_gpio: Enable automatic switching of GPIO sleep configuration[0m
[0;32mI (199) main_task: Started on CPU0[0m
[0;32mI (209) main_task: Calling app_main()[0m
[0;32mI (229) pp: pp rom version: e7ae62f[0m
[0;32mI (229) net80211: net80211 rom version: e7ae62f[0m
[0;32mI (239) wifi:wifi driver task: 3fceeb20, prio:23, stack:6656, core=0[0m
[0;32mI (239) wifi:wifi firmware version: 4df78f2[0m
[0;32mI (239) wifi:wifi certification version: v7.0[0m
[0;32mI (239) wifi:config NVS flash: enabled[0m
[0;32mI (239) wifi:config nano formatting: disabled[0m
[0;32mI (249) wifi:Init data frame dynamic rx buffer num: 128[0m
[0;32mI (249) wifi:Init static rx mgmt buffer num: 5[0m
[0;32mI (249) wifi:Init management short buffer num: 32[0m
[0;32mI (249) wifi:Init dynamic tx buffer num: 32[0m
[0;32mI (249) wifi:Init static tx FG buffer num: 2[0m
[0;32mI (249) wifi:Init static rx buffer size: 2212[0m
[0;32mI (249) wifi:Init static rx buffer num: 10[0m
[0;32mI (249) wifi:Init dynamic rx buffer num: 128[0m
[0;32mI (249) wifi_init: rx ba win: 6[0m
[0;32mI (249) wifi_init: accept mbox: 6[0m
[0;32mI (249) wifi_init: tcpip mbox: 32[0m
[0;32mI (249) wifi_init: udp mbox: 6[0m
[0;32mI (249) wifi_init: tcp mbox: 6[0m
[0;32mI (249) wifi_init: tcp tx win: 5760[0m
[0;32mI (249) wifi_init: tcp rx win: 5760[0m
[0;32mI (249) wifi_init: tcp mss: 1440[0m
[0;32mI (249) wifi_init: WiFi IRAM OP enabled[0m
[0;32mI (249) wifi_init: WiFi RX IRAM OP enabled[0m
[0;32mI (249) phy_init: phy_version 711,97bcf0a2,Aug 25 2025,19:04:10[0m
[0;32mI (299) wifi:mode : sta (14:c1:9f:28:99:dc)[0m
[0;32mI (299) wifi:enable tsf[0m
[0;32mI (299) wifi:Set ps type: 0, coexist: 0[0m

[0;32mI (299) wifi:enable tsf[0m
[0;32mI (299) ESPNOW: espnow [version: 2.0] init[0m
[0;32mI (299) wifi:ic_enable_sniffer[0m
[0;32mI (299) main_task: Returned from app_main()[0m
[0;32mI (309) csi_recv: compensate_gain 1.000000, agc_gain 0, fft_gain -18[0m
[0;32mI (309) csi_recv: ================ CSI RECV ================[0m
type,id,mac,rssi,rate,sig_mode,mcs,bandwidth,smoothing,not_sounding,aggregation,stbc,fec_coding,sgi,noise_floor,ampdu_cnt,channel,secondary_channel,local_timestamp,ant,sig_len,rx_state,len,first_word,data
CSI_DATA,35835,14:c1:9f:28:c1:a0,-9,11,1,0,1,1,1,0,0,0,0,-97,0,11,2,308943,0,47,0,128,0,"[0,0,0,0,0,0,0,0,0,0,0,0,-3,-12,-3,-10,-5,-13,-3,-13,-4,-10,-3,-9,-4,-10,-4,-7,-4,-9,-6,-8,-3,-11,-6,-11,-4,-10,-6,-8,-5,-7,-6,-10,-6,-9,-7,-7,-7,-7,-6,-7,-5,-5,-7,-7,-7,-5,-7,-9,-7,-9,-6,-8,0,0,-8,-8,-7,-10,-7,-10,-11,-11,-8,-7,-7,-8,-8,-8,-7,-6,-9,-9,-6,-7,-5,-11,-5,-8,-6,-10,-5,-7,-4,-8,-3,-9,-4,-10,-4,-8,-2,-6,-4,-8,-2,-6,-3,-7,-2,-7,-1,-8,-2,-7,-1,-7,0,0,0,0,0,0,0,0,0,0]"
[0;32mI (319) csi_recv: compensate_gain 1.000000, agc_gain 0, fft_gain -18[0m
CSI_DATA,35836,14:c1:9f:28:c1:a0,-9,11,1,0,1,1,1,0,0,0,0,-97,0,11,2,319945,0,47,0,128,0,"[0,0,0,0,0,0,0,0,0,0,0,0,-8,8,-7,7,-9,10,-10,8,-7,8,-6,6,-7,7,-4,6,-6,7,-4,8,-8,7,-6,9,-7,7,-5,8,-3,6,-6,9,-5,9,-2,9,-3,9,-3,8,-2,6,-3,8,-1,7,-4,10,-5,10,-4,8,0,0,-3,10,-5,10,-6,9,-4,13,-2,9,-4,9,-4,10,-2,8,-4,11,-3,8,-7,9,-5,7,-6,9,-4,7,-6,7,-7,6,-7,7,-5,7,-5,4,-4,6,-5,4,-5,5,-5,4,-7,3,-5,4,-6,3,0,0,0,0,0,0,0,0,0,0]"
[0;32mI (329) csi_recv: compensate_gain 1.000000, agc_gain 0, fft_gain -18[0m
CSI_DATA,35837,14:c1:9f:28:c1:a0,-9,11,1,0,1,1,1,0,0,0,0,-97,0,11,2,330962,0,47,0,128,0,"[0,0,0,0,0,0,0,0,0,0,0,0,10,1,10,1,13,0,12,2,10,0,9,0,9,0,7,-1,9,0,8,-3,10,1,11,-2,10,0,9,-2,7,-2,10,-1,9,-2,8,-4,9,-4,8,-3,5,-3,8,-4,5,-5,10,-3,10,-3,9,-2,0,0,9,-5,11,-2,11,-2,12,-6,9,-5,9,-3,10,-4,8,-4,11,-4,8,-3,11,-1,8,-2,10,-2,8,-2,8,0,9,1,9,0,8,-1,5,0,7,-1,5,1,6,0,6,1,6,2,6,1,6,1,0,0,0,0,0,0,0,0,0,0]"
[0;32mI (339) csi_recv: compensate_gain 1.000000, agc_gain 0, fft_gain -18[0m
CSI_DATA,35838,14:c1:9f:28:c1:a0,-9,11,1,0,1,1,1,0,0,0,0,-97,0,11,2,341946,0,47,0,128,0,"[0,0,0,0,0,0,0,0,0,0,0,0,-1,-12,-2,-11,-3,-14,-1,-13,-3,-11,-2,-9,-2,-10,-3,-8,-2,-10,-5,-9,-2,-11,-4,-12,-3,-10,-4,-9,-4,-7,-4,-11,-5,-10,-6,-8,-6,-8,-5,-8,-4,-6,-6,-8,-6,-5,-6,-10,-6,-10,-5,-9,0,0,-7,-9,-6,-11,-5,-11,-9,-12,-7,-8,-6,-9,-7,-9,-6,-7,-7,-10,-5,-8,-4,-11,-4,-8,-5,-10,-4,-8,-3,-9,-2,-10,-3,-10,-3,-8,-2,-6,-3,-8,-1,-6,-2,-7,-1,-7,0,-8,-1,-7,-1,-7,0,0,0,0,0,0,0,0,0,0]"
[0;32mI (349) csi_recv: compensate_gain 1.000000, agc_gain 0, fft_gain -18[0m
CSI_DATA,35839,14:c1:9f:28:c1:a0,-9,11,1,0,1,1,1,0,0,0,0,-97,0,11,2,352975,0,47,0,128,0,"[0,0,0,0,0,0,0,0,0,0,0,0,-9,7,-8,7,-10,9,-10,7,-7,7,-7,6,-7,7,-5,6,-7,6,-5,8,-8,7,-7,9,-7,7,-5,8,-4,7,-6,9,-5,8,-3,9,-3,9,-3,8,-2,6,-4,8,-1,7,-5,9,-6,10,-5,8,0,0,-3,10,-6,10,-6,9,-4,13,-3,9,-4,9,-4,10,-3,8,-4,11,-4,8,-7,9,-5,7,-6,9,-5,7,-6,7,-7,6,-7,7,-5,7,-4,4,-5,6,-5,4,-5,5,-5,4,-7,3,-6,4,-6,3,0,0,0,0,0,0,0,0,0,0]"
[0;32mI (359) csi_recv: compensate_gain 1.000000, agc_gain 0, fft_gain -18[0m
CSI_DATA,35840,14:c1:9f:28:c1:a0,-9,11,1,0,1,1,1,0,0,0,0,-97,0,11,2,363950,0,47,0,128,0,"[0,0,0,0,0,0,0,0,0,0,0,0,8,7,7,6,10,8,9,8,8,5,7,5,7,5,6,3,7,5,8,2,8,6,10,5,8,5,8,3,7,2,9,5,9,3,9,1,9,2,8,1,6,1,9,2,7,-1,10,3,10,3,8,3,0,0,10,1,10,4,10,4,14,2,10,1,9,2,10,2,8,1,11,2,8,2,9,5,7,3,9,4,7,3,7,4,7,6,7,5,7,4,4,3,7,3,4,3,5,3,4,4,4,5,4,4,4,4,0,0,0,0,0,0,0,0,0,0]"
[0;32mI (379) csi_recv: compensate_gain 1.000000, agc_gain 0, fft_gain -18[0m
CSI_DATA,35841,14:c1:9f:28:c1:a0,-9,11,1,0,1,1,1,0,0,0,0,-97,0,11,2,374960,0,47,0,128,0,"[0,0,0,0,0,0,0,0,0,0,0,0,2,-12,2,-11,2,-14,3,-13,1,-11,1,-9,1,-10,0,-8,1,-10,-2,-10,2,-11,-1,-12,0,-10,-1,-10,-1,-8,0,-12,-1,-11,-3,-9,-3,-10,-2,-9,-2,-7,-3,-10,-4,-7,-2,-11,-2,-12,-2,-10,0,0,-4,-11,-1,-12,-1,-12,-4,-14,-4,-10,-2,-10,-3,-11,-3,-9,-3,-12,-2,-9,0,-12,-1,-9,-1,-11,-1,-9,1,-9,2,-10,1,-10,0,-9,1,-6,0,-8,1,-6,1,-7,1,-7,3,-7,2,-7,2,-7,0,0,0,0,0,0,0,0,0,0]"
[0;32mI (389) csi_recv: compensate_gain 1.000000, agc_gain 0, fft_gain -18[0m
CSI_DATA,35842,14:c1:9f:28:c1:a0,-9,11,1,0,1,1,1,0,0,0,0,-97,0,11,2,385940,0,47,0,128,0,"[0,0,0,0,0,0,0,0,0,0,0,0,-12,-2,-11,-2,-14,-1,-13,-3,-11,-1,-9,-1,-10,-1,-8,0,-10,-1,-10,2,-11,-2,-12,0,-11,-1,-10,1,-8,1,-11,1,-10,2,-9,3,-10,3,-9,2,-6,2,-10,3,-7,4,-11,2,-12,2,-10,1,0,0,-11,4,-12,1,-12,1,-14,5,-10,4,-10,2,-11,3,-9,3,-12,3,-9,2,-12,-1,-9,0,-11,1,-9,0,-9,-1,-10,-2,-10,-2,-9,0,-6,-1,-9,0,-6,-2,-8,-1,-7,-2,-7,-3,-7,-2,-7,-3,0,0,0,0,0,0,0,0,0,0]"
[0;32mI (399) csi_recv: compensate_gain 1.000000, agc_gain 0, fft_gain -18[0m
CSI_DATA,35843,14:c1:9f:28:c1:a0,-9,11,1,0,1,1,1,0,0,0,0,-97,0,11,2,396969,0,47,0,128,0,"[0,0,0,0,0,0,0,0,0,0,0,0,4,10,4,9,6,11,4,11,5,8,4,8,4,8,4,6,4,8,6,6,4,9,6,9,4,8,5,7,5,5,6,8,6,7,7,5,7,6,6,5,5,3,7,6,6,3,7,7,7,8,6,7,0,0,8,6,7,8,7,8,11,8,8,5,7,6,8,6,6,5,8,7,6,6,5,9,5,6,6,8,5,6,4,7,3,9,3,8,4,7,2,5,4,6,1,5,2,6,2,5,0,7,1,6,1,6,0,0,0,0,0,0,0,0,0,0]"
[0;32mI (409) csi_recv: compensate_gain 1.000000, agc_gain 0, fft_gain -19[0m
CSI_DATA,35844,14:c1:9f:28:c1:a0,-9,11,1,0,1,1,1,0,0,0,0,-97,0,11,2,407969,0,47,0,128,0,"[0,0,0,0,0,0,0,0,0,0,0,0,7,-9,7,-8,8,-11,9,-9,6,-8,6,-7,6,-8,3,-7,5,-8,3,-9,7,-8,6,-10,6,-9,4,-9,3,-8,5,-10,4,-10,1,-10,2,-10,2,-9,1,-7,2,-9,-1,-8,3,-11,4,-11,3,-9,0,0,2,-11,4,-11,5,-11,3,-15,1,-10,3,-10,3,-11,1,-9,3,-12,2,-9,6,-10,4,-8,4,-10,3,-8,5,-7,6,-7,6,-8,4,-8,3,-5,3,-7,3,-5,4,-6,4,-5,6,-5,4,-5,5,-5,0,0,0,0,0,0,0,0,0,0]"
[0;32mI (419) csi_recv: compensate_gain 1.000000, agc_gain 0, fft_gain -18[0m
CSI_DATA,35845,14:c1:9f:28:c1:a0,-9,11,1,0,1,1,1,0,0,0,0,-97,0,11,2,418953,0,47,0,128,0,"[0,0,0,0,0,0,0,0,0,0,0,0,-10,-7,-9,-6,-13,-7,-11,-8,-10,-5,-8,-5,-9,-5,-8,-3,-9,-5,-10,-2,-10,-6,-11,-5,-10,-5,-10,-3,-8,-2,-11,-4,-10,-3,-10,-1,-10,-1,-9,-1,-7,-1,-10,-1,-8,1,-11,-2,-12,-3,-10,-3,0,0,-11,-1,-12,-3,-11,-3,-15,-1,-10,0,-10,-2,-12,-1,-9,-1,-12,-2,-9,-2,-11,-5,-9,-3,-11,-3,-8,-3,-9,-4,-8,-6,-9,-5,-8,-4,-6,-3,-8,-3,-5,-4,-7,-4,-6,-4,-6,-6,-6,-4,-5,-5,0,0,0,0,0,0,0,0,0,0]"
[0;32mI (429) csi_recv: compensate_gain 1.000000, agc_gain 0, fft_gain -18[0m
CSI_DATA,35846,14:c1:9f:28:c1:a0,-9,11,1,0,1,1,1,0,0,0,0,-97,0,11,2,429975,0,47,0,128,0,"[0,0,0,0,0,0,0,0,0,0,0,0,-2,11,-2,10,-2,13,-3,12,-1,10,-1,9,-1,9,0,7,-1,9,1,8,-2,10,0,11,-1,9,1,9,1,7,0,10,1,10,3,8,3,9,2,8,2,6,2,8,4,6,2,10,2,10,1,9,0,0,4,10,1,11,1,11,4,13,3,9,2,9,3,10,2,8,3,11,2,8,0,11,0,8,1,10,0,8,-1,8,-2,9,-2,9,0,8,-1,5,0,7,-2,5,-1,6,-2,6,-3,6,-2,6,-3,6,0,0,0,0,0,0,0,0,0,0]"
[0;32mI (439) csi_recv: compensate_gain 1.000000, agc_gain 0, fft_gain -19[0m
CSI_DATA,35847,14:c1:9f:28:c1:a0,-9,11,1,0,1,1,1,0,0,0,0,-97,0,11,2,440968,0,47,0,128,0,"[0,0,0,0,0,0,0,0,0,0,0,0,11,0,10,-1,13,-1,12,0,10,-2,8,-1,9,-1,7,-2,9,-1,8,-4,10,-1,11,-3,9,-2,9,-4,7,-4,10,-3,9,-4,7,-6,8,-6,7,-5,5,-4,8,-5,5,-6,9,-5,10,-5,8,-4,0,0,8,-7,10,-5,10,-4,11,-8,8,-6,8,-5,9,-6,7,-5,10,-6,7,-5,10,-3,8,-3,10,-4,7,-3,8,-2,9,-1,9,-2,8,-3,6,-1,7,-3,5,-1,6,-2,6,-1,7,0,6,-1,6,0,0,0,0,0,0,0,0,0,0,0]"
[0;32mI (449) csi_recv: compensate_gain 1.000000, agc_gain 0, fft_gain -18[0m
CSI_DATA,35848,14:c1:9f:28:c1:a0,-9,11,1,0,1,1,1,0,0,0,0,-97,0,11,2,451949,0,47,0,128,0,"[0,0,0,0,0,0,0,0,0,0,0,0,-1,-12,-1,-11,-2,-14,0,-13,-2,-11,-2,-10,-2,-10,-3,-8,-2,-10,-4,-9,-1,-11,-4,-12,-2,-10,-4,-9,-4,-7,-4,-11,-4,-10,-6,-8,-6,-9,-5,-8,-4,-6,-5,-9,-6,-6,-5,-10,-5,-11,-4,-9,0,0,-7,-9,-5,-11,-4,-11,-9,-12,-6,-8,-5,-9,-6,-10,-5,-8,-7,-11,-5,-8,-3,-11,-4,-8,-5,-11,-3,-8,-2,-9,-1,-10,-2,-10,-3,-9,-1,-6,-3,-8,-1,-6,-2,-7,-1,-7,0,-8,-1,-7,0,-7,0,0,0,0,0,0,0,0,0,0]"
[0;32mI (459) csi_recv: compensate_gain 1.000000, agc_gain 0, fft_gain -19[0m
CSI_DATA,35849,14:c1:9f:28:c1:a0,-9,11,1,0,1,1,1,0,0,0,0,-97,0,11,2,462942,0,47,0,128,0,"[0,0,0,0,0,0,0,0,0,0,0,0,-11,2,-10,2,-13,4,-13,2,-10,3,-9,2,-10,2,-7,3,-9,2,-8,5,-11,2,-11,5,-10,3,-9,4,-7,4,-10,4,-9,5,-7,6,-8,6,-7,5,-5,4,-8,6,-5,6,-9,6,-10,6,-9,5,0,0,-9,7,-11,5,-11,5,-11,9,-8,6,-9,5,-9,6,-7,5,-10,6,-8,4,-11,3,-8,3,-10,4,-8,3,-9,2,-10,0,-10,1,-8,2,-6,0,-8,2,-6,0,-7,1,-7,0,-8,-1,-7,0,-7,-1,0,0,0,0,0,0,0,0,0,0]"
[0;32mI (469) csi_recv: compensate_gain 1.000000, agc_gain 0, fft_gain -18[0m
CSI_DATA,35850,14:c1:9f:28:c1:a0,-9,11,1,0,1,1,1,0,0,0,0,-97,0,11,2,473959,0,47,0,128,0,"[0,0,0,0,0,0,0,0,0,0,0,0,7,8,7,7,9,8,8,9,7,6,6,6,7,6,6,4,6,6,8,3,7,7,9,6,7,6,8,4,7,3,9,6,9,4,8,2,9,2,8,2,6,1,8,3,7,0,10,4,10,4,8,4,0,0,10,2,10,5,10,5,13,4,9,2,9,4,10,3,8,2,11,4,8,3,9,6,7,4,9,5,7,4,6,5,6,7,7,6,6,4,4,4,6,4,3,4,4,4,4,4,3,6,3,4,3,5,0,0,0,0,0,0,0,0,0,0]"
[0;32mI (489) csi_recv: compensate_gain 1.000000, agc_gain 0, fft_gain -18[0m
CSI_DATA,35851,14:c1:9f:28:c1:a0,-9,11,1,0,1,1,1,0,0,0,0,-97,0,11,2,484970,0,47,0,128,0,"[0,0,0,0,0,0,0,0,0,0,0,0,6,-10,5,-10,6,-12,7,-11,4,-10,4,-9,4,-9,2,-8,4,-9,1,-10,5,-10,3,-11,4,-9,2,-10,1,-8,3,-11,2,-11,0,-10,0,-10,0,-9,0,-7,1,-10,-2,-8,2,-11,2,-11,2,-10,0,0,0,-12,3,-11,3,-12,0,-15,0,-11,1,-10,0,-11,0,-9,1,-12,1,-9,4,-11,2,-9,3,-11,2,-8,3,-8,5,-8,5,-9,3,-8,3,-6,2,-8,3,-5,3,-6,3,-5,5,-5,4,-5,4,-5,0,0,0,0,0,0,0,0,0,0]"
[0;32mI (499) csi_recv: compensate_gain 1.000000, agc_gain 0, fft_gain -18[0m
CSI_DATA,35852,14:c1:9f:28:c1:a0,-9,11,1,0,1,1,1,0,0,0,0,-97,0,11,2,495954,0,47,0,128,0,"[0,0,0,0,0,0,0,0,0,0,0,0,-11,-6,-10,-5,-13,-5,-12,-7,-10,-4,-9,-4,-9,-4,-8,-2,-9,-4,-10,-1,-10,-5,-12,-3,-10,-3,-10,-2,-8,-1,-11,-3,-11,-2,-10,1,-10,0,-9,0,-7,0,-10,0,-8,2,-11,-1,-12,-1,-10,-1,0,0,-11,1,-12,-2,-12,-2,-15,1,-10,1,-10,0,-11,0,-9,1,-12,0,-9,0,-11,-3,-9,-2,-11,-2,-9,-1,-9,-3,-9,-5,-10,-4,-9,-2,-6,-3,-8,-2,-6,-3,-7,-3,-6,-3,-6,-5,-6,-3,-6,-4,0,0,0,0,0,0,0,0,0,0]"
[0;32mI (509) csi_recv: compensate_gain 1.000000, agc_gain 0, fft_gain -18[0m
CSI_DATA,35853,14:c1:9f:28:c1:a0,-9,11,1,0,1,1,1,0,0,0,0,-97,0,11,2,506964,0,47,0,128,0,"[0,0,0,0,0,0,0,0,0,0,0,0,-2,11,-2,10,-1,13,-3,12,-1,10,-1,9,-1,9,0,7,-1,9,2,9,-2,10,1,11,-1,9,1,9,1,7,1,11,2,9,4,8,3,9,2,8,2,5,3,8,4,6,3,10,2,10,2,9,0,0,4,9,2,11,1,11,5,13,4,8,3,9,4,10,3,8,4,11,2,8,0,11,1,8,1,10,1,8,0,8,-2,9,-1,9,0,8,-1,6,1,7,-1,5,-1,6,-1,6,-3,7,-2,6,-2,6,0,0,0,0,0,0,0,0,0,0]"
[0;32mI (519) csi_recv: compensate_gain 1.000000, agc_gain 0, fft_gain -19[0m
CSI_DATA,35854,14:c1:9f:28:c1:a0,-9,11,1,0,1,1,1,0,0,0,0,-97,0,11,2,517966,0,47,0,128,0,"[0,0,0,0,0,0,0,0,0,0,0,0,11,-2,10,-2,13,-3,12,-1,10,-3,8,-2,9,-2,7,-3,8,-2,8,-5,10,-2,10,-4,9,-3,8,-4,6,-4,10,-4,9,-5,7,-6,8,-6,7,-5,5,-4,7,-6,4,-6,9,-6,9,-6,8,-5,0,0,8,-7,10,-5,10,-5,11,-9,7,-7,8,-6,9,-7,6,-6,9,-7,7,-5,10,-4,7,-4,9,-5,7,-4,8,-3,9,-1,9,-2,8,-3,5,-2,7,-3,5,-1,6,-2,6,-1,7,0,6,-1,6,0,0,0,0,0,0,0,0,0,0,0]"
[0;32mI (529) csi_recv: compensate_gain 1.000000, agc_gain 0, fft_gain -18[0m
CSI_DATA,35855,14:c1:9f:28:c1:a0,-9,11,1,0,1,1,1,0,0,0,0,-97,0,11,2,528971,0,47,0,128,0,"[0,0,0,0,0,0,0,0,0,0,0,0,-3,-12,-4,-10,-5,-13,-3,-13,-5,-10,-3,-9,-4,-10,-4,-7,-4,-9,-6,-8,-4,-11,-6,-11,-4,-10,-6,-8,-5,-7,-6,-10,-6,-9,-8,-7,-7,-7,-6,-7,-5,-5,-7,-8,-7,-5,-7,-9,-7,-10,-6,-8,0,0,-8,-8,-7,-10,-6,-10,-11,-11,-8,-7,-7,-8,-8,-9,-7,-7,-8,-9,-6,-8,-5,-11,-5,-8,-6,-10,-5,-7,-4,-9,-2,-10,-4,-10,-4,-8,-2,-6,-4,-8,-2,-6,-3,-7,-2,-7,-1,-8,-1,-7,-1,-7,0,0,0,0,0,0,0,0,0,0]"
[0;32mI (539) csi_recv: compensate_gain 1.000000, agc_gain 0, fft_gain -19[0m
CSI_DATA,35856,14:c1:9f:28:c1:a0,-9,11,1,0,1,1,1,0,0,0,0,-97,0,11,2,539942,0,47,0,128,0,"[0,0,0,0,0,0,0,0,0,0,0,0,-12,2,-11,2,-14,3,-13,2,-10,3,-9,2,-10,2,-8,3,-9,2,-8,5,-11,2,-11,4,-10,3,-9,4,-7,4,-10,4,-9,5,-7,6,-8,6,-7,5,-6,4,-8,5,-5,6,-10,6,-10,6,-8,4,0,0,-8,7,-11,5,-11,4,-11,9,-8,6,-9,5,-9,6,-7,5,-10,6,-8,5,-11,3,-8,3,-10,4,-8,3,-9,2,-10,1,-10,2,-8,2,-6,1,-8,2,-6,0,-7,1,-7,0,-8,-1,-7,0,-7,-1,0,0,0,0,0,0,0,0,0,0]"
[0;32mI (549) csi_recv: compensate_gain 1.000000, agc_gain 0, fft_gain -18[0m
CSI_DATA,35857,14:c1:9f:28:c1:a0,-9,11,1,0,1,1,1,0,0,0,0,-97,0,11,2,550953,0,47,0,128,0,"[0,0,0,0,0,0,0,0,0,0,0,0,3,10,3,9,4,12,3,12,4,9,3,8,3,9,3,6,3,8,5,7,3,10,5,10,3,9,5,7,4,6,5,9,5,8,6,6,6,7,5,6,4,4,6,7,6,4,6,8,6,8,5,7,0,0,7,7,6,9,5,9,9,10,7,6,6,7,7,8,6,6,7,9,5,7,4,10,4,7,5,9,3,7,2,8,1,9,2,9,3,7,1,5,3,7,0,5,1,6,1,6,-1,7,0,6,0,6,0,0,0,0,0,0,0,0,0,0]"
[0;32mI (559) csi_recv: compensate_gain 1.000000, agc_gain 0, fft_gain -18[0m
CSI_DATA,35858,14:c1:9f:28:c1:a0,-9,11,1,0,1,1,1,0,0,0,0,-97,0,11,2,561964,0,47,0,128,0,"[0,0,0,0,0,0,0,0,0,0,0,0,9,-7,8,-6,10,-9,11,-7,8,-7,7,-6,7,-6,5,-6,7,-6,5,-8,8,-7,7,-9,7,-7,6,-8,4,-7,7,-9,6,-9,3,-9,4,-9,4,-8,2,-6,4,-9,1,-8,5,-10,6,-10,5,-8,0,0,4,-10,7,-10,7,-9,6,-14,3,-10,5,-9,5,-10,3,-8,5,-11,4,-8,7,-8,5,-7,6,-9,5,-7,6,-6,8,-6,7,-6,5,-7,4,-4,5,-6,4,-4,5,-5,5,-4,6,-3,5,-4,5,-3,0,0,0,0,0,0,0,0,0,0]"
[0;32mI (569) csi_recv: compensate_gain 1.000000, agc_gain 0, fft_gain -19[0m
CSI_DATA,35859,14:c1:9f:28:c1:a0,-9,11,1,0,1,1,1,0,0,0,0,-97,0,11,2,572948,0,47,0,128,0,"[0,0,0,0,0,0,0,0,0,0,0,0,-6,-10,-6,-9,-8,-11,-7,-11,-7,-9,-6,-8,-6,-9,-6,-6,-6,-8,-8,-6,-6,-10,-9,-9,-7,-8,-8,-7,-7,-5,-8,-8,-8,-7,-9,-5,-9,-5,-8,-5,-6,-4,-9,-5,-8,-2,-10,-7,-10,-7,-8,-7,0,0,-10,-5,-9,-8,-9,-8,-13,-7,-9,-5,-9,-6,-10,-6,-8,-5,-10,-7,-8,-6,-8,-9,-7,-6,-9,-8,-7,-6,-6,-7,-5,-9,-6,-9,-6,-7,-4,-6,-6,-6,-3,-6,-4,-6,-4,-6,-3,-8,-3,-6,-3,-6,0,0,0,0,0,0,0,0,0,0]"
[0;32mI (579) csi_recv: compensate_gain 1.000000, agc_gain 0, fft_gain -18[0m
CSI_DATA,35860,14:c1:9f:28:c1:a0,-9,11,1,0,1,1,1,0,0,0,0,-97,0,11,2,583957,0,47,0,128,0,"[0,0,0,0,0,0,0,0,0,0,0,0,-8,8,-7,8,-8,11,-9,9,-6,8,-6,7,-6,8,-4,7,-5,7,-3,8,-7,8,-5,10,-6,8,-4,9,-3,7,-5,10,-4,9,-1,9,-2,9,-2,8,-1,6,-2,9,0,7,-3,10,-3,10,-3,9,0,0,-1,10,-4,10,-4,10,-2,14,-1,10,-2,9,-2,11,-1,8,-2,11,-2,8,-5,10,-3,8,-4,10,-3,8,-4,7,-6,7,-5,8,-4,7,-4,5,-3,7,-4,4,-4,6,-4,5,-6,5,-4,5,-5,4,0,0,0,0,0,0,0,0,0,0]"
[0;32mI (599) csi_recv: compensate_gain 1.000000, agc_gain 0, fft_gain -18[0m
CSI_DATA,35861,14:c1:9f:28:c1:a0,-9,11,1,0,1,1,1,0,0,0,0,-97,0,11,2,594959,0,47,0,128,0,"[0,0,0,0,0,0,0,0,0,0,0,0,8,7,8,6,10,7,9,9,8,5,7,5,7,6,6,3,7,5,8,2,8,6,10,5,8,5,8,3,7,2,9,5,9,4,9,1,9,2,8,2,6,1,9,2,7,-1,10,3,10,3,8,3,0,0,10,2,10,4,10,5,13,3,9,1,9,3,10,3,8,2,11,3,8,2,9,6,7,4,9,5,7,4,6,5,6,7,7,6,7,4,4,4,6,4,3,4,5,4,4,4,3,6,4,5,3,5,0,0,0,0,0,0,0,0,0,0]"
[0;32mI (609) csi_recv: compensate_gain 1.000000, agc_gain 0, fft_gain -18[0m
CSI_DATA,35862,14:c1:9f:28:c1:a0,-9,11,1,0,1,1,1,0,0,0,0,-97,0,11,2,605969,0,47,0,128,0,"[0,0,0,0,0,0,0,0,0,0,0,0,2,-11,1,-10,2,-13,3,-12,1,-10,1,-9,1,-10,0,-8,1,-9,-2,-9,2,-11,0,-11,1,-10,-1,-9,-1,-8,-1,-11,-2,-10,-4,-9,-3,-9,-3,-8,-2,-6,-3,-9,-4,-7,-2,-11,-2,-11,-2,-9,0,0,-4,-10,-2,-11,-1,-11,-5,-14,-4,-9,-2,-10,-3,-11,-3,-8,-4,-11,-2,-9,0,-11,-1,-8,-1,-11,-1,-8,0,-9,1,-9,1,-10,0,-9,0,-6,-1,-8,1,-6,0,-7,1,-6,2,-7,1,-6,2,-6,0,0,0,0,0,0,0,0,0,0]"
[0;32mI (619) csi_recv: compensate_gain 1.000000, agc_gain 0, fft_gain -18[0m
CSI_DATA,35863,14:c1:9f:28:c1:a0,-9,11,1,0,1,1,1,0,0,0,0,-97,0,11,2,616943,0,47,0,128,0,"[0,0,0,0,0,0,0,0,0,0,0,0,-10,-6,-9,-6,-13,-7,-11,-8,-10,-5,-9,-5,-9,-5,-8,-3,-9,-5,-10,-2,-10,-6,-12,-4,-10,-5,-10,-3,-8,-2,-11,-4,-10,-3,-10,0,-10,-1,-9,-1,-7,0,-10,-1,-8,1,-11,-2,-12,-2,-10,-2,0,0,-11,0,-12,-3,-12,-3,-15,-1,-11,0,-10,-2,-12,-1,-9,-1,-12,-2,-9,-2,-11,-5,-9,-3,-11,-3,-9,-3,-8,-4,-8,-6,-9,-5,-8,-3,-6,-3,-8,-3,-5,-4,-7,-4,-6,-4,-6,-6,-6,-4,-5,-5,0,0,0,0,0,0,0,0,0,0]"
[0;32mI (629) csi_recv: compensate_gain 1.000000, agc_gain 0, fft_gain -19[0m
CSI_DATA,35864,14:c1:9f:28:c1:a0,-9,11,1,0,1,1,1,0,0,0,0,-97,0,11,2,627970,0,47,0,128,0,"[0,0,0,0,0,0,0,0,0,0,0,0,0,11,0,10,1,13,-1,12,1,10,1,9,1,9,2,7,1,9,3,8,0,10,3,11,1,9,3,8,3,7,3,10,3,9,5,7,5,8,4,7,3,5,4,8,5,5,4,9,4,10,3,8,0,0,6,9,3,10,3,11,7,12,5,8,4,8,5,9,4,7,5,10,3,7,2,11,2,8,3,10,2,7,1,8,-1,9,0,9,1,8,0,6,1,7,0,5,0,6,0,6,-2,7,-1,6,-1,6,0,0,0,0,0,0,0,0,0,0]"
[0;32mI (639) csi_recv: compensate_gain 1.000000, agc_gain 0, fft_gain -18[0m
CSI_DATA,35865,14:c1:9f:28:c1:a0,-9,11,1,0,1,1,1,0,0,0,0,-97,0,11,2,638951,0,47,0,128,0,"[0,0,0,0,0,0,0,0,0,0,0,0,11,-1,10,-1,13,-2,13,0,10,-2,9,-1,9,-2,7,-3,9,-2,8,-4,10,-1,11,-4,9,-2,9,-4,7,-4,10,-4,9,-4,7,-6,8,-6,7,-5,5,-4,8,-6,5,-6,9,-5,10,-5,8,-4,0,0,8,-7,10,-5,10,-5,11,-8,8,-7,8,-5,9,-7,7,-6,10,-7,7,-5,10,-3,8,-3,10,-4,7,-4,8,-3,9,-1,9,-2,8,-3,5,-1,7,-3,5,-1,6,-2,6,-1,7,1,6,-1,6,0,0,0,0,0,0,0,0,0,0,0]"
[0;32mI (659) csi_recv: compensate_gain 1.000000, agc_gain 0, fft_gain -19[0m
CSI_DATA,35867,14:c1:9f:28:c1:a0,-9,11,1,0,1,1,1,0,0,0,0,-97,0,11,2,660968,0,47,0,128,0,"[0,0,0,0,0,0,0,0,0,0,0,0,-9,6,-9,6,-10,8,-11,7,-8,7,-7,6,-8,6,-5,5,-7,6,-5,7,-9,6,-8,9,-8,7,-6,7,-5,6,-7,8,-6,8,-4,8,-4,9,-4,7,-3,6,-5,8,-1,7,-6,9,-6,9,-5,8,0,0,-4,10,-7,9,-7,9,-6,13,-4,9,-5,8,-5,9,-4,7,-6,10,-5,7,-8,8,-6,6,-7,8,-6,6,-6,6,-8,5,-8,6,-6,6,-5,3,-5,6,-5,3,-6,4,-5,3,-7,3,-6,3,-6,3,0,0,0,0,0,0,0,0,0,0]"
[0;32mI (669) csi_recv: compensate_gain 1.000000, agc_gain 0, fft_gain -18[0m
CSI_DATA,35868,14:c1:9f:28:c1:a0,-9,11,1,0,1,1,1,0,0,0,0,-97,0,11,2,671952,0,47,0,128,0,"[0,0,0,0,0,0,0,0,0,0,0,0,6,9,5,8,8,10,6,10,7,7,5,7,6,7,5,5,6,6,7,5,6,8,8,8,6,7,7,5,6,4,8,7,8,5,8,3,8,3,7,3,5,2,8,4,7,1,9,5,9,5,7,5,0,0,10,3,9,6,8,6,13,5,9,2,8,4,10,4,8,3,10,4,8,4,8,7,6,5,8,6,6,4,6,5,5,7,6,7,6,5,3,4,6,4,3,4,5,4,4,4,3,6,3,5,3,5,0,0,0,0,0,0,0,0,0,0]"
[0;32mI (679) csi_recv: compensate_gain 1.000000, agc_gain 0, fft_gain -19[0m
CSI_DATA,35869,14:c1:9f:28:c1:a0,-9,11,1,0,1,1,1,0,0,0,0,-97,0,11,2,683132,0,47,0,128,0,"[0,0,0,0,0,0,0,0,0,0,0,0,-10,-6,-9,-6,-13,-6,-11,-7,-10,-5,-9,-5,-9,-5,-8,-3,-9,-4,-10,-2,-10,-6,-12,-4,-10,-4,-10,-2,-8,-2,-11,-3,-10,-2,-10,0,-10,0,-9,-1,-7,0,-10,0,-8,2,-11,-1,-12,-2,-10,-2,0,0,-11,0,-12,-2,-12,-2,-15,0,-11,1,-10,-1,-12,0,-9,0,-12,0,-9,-1,-11,-4,-9,-2,-11,-2,-9,-2,-9,-3,-9,-5,-10,-4,-9,-3,-6,-3,-8,-2,-6,-3,-7,-3,-6,-3,-6,-5,-6,-4,-6,-4,0,0,0,0,0,0,0,0,0,0]"
[0;32mI (689) csi_recv: compensate_gain 1.000000, agc_gain 0, fft_gain -18[0m
CSI_DATA,35870,14:c1:9f:28:c1:a0,-9,11,1,0,1,1,1,0,0,0,0,-97,0,11,2,693943,0,47,0,128,0,"[0,0,0,0,0,0,0,0,0,0,0,0,-9,-8,-8,-8,-11,-9,-10,-10,-9,-7,-8,-6,-8,-7,-7,-4,-8,-6,-9,-4,-8,-8,-11,-6,-9,-6,-9,-5,-8,-3,-10,-6,-10,-5,-10,-2,-10,-3,-9,-3,-7,-2,-10,-3,-8,0,-11,-4,-11,-4,-9,-4,0,0,-11,-2,-11,-5,-11,-5,-14,-3,-10,-2,-10,-3,-11,-3,-9,-2,-12,-3,-9,-3,-10,-6,-8,-4,-11,-5,-8,-4,-8,-5,-8,-7,-8,-6,-8,-5,-5,-4,-7,-4,-5,-4,-6,-5,-5,-5,-5,-6,-5,-5,-5,-6,0,0,0,0,0,0,0,0,0,0]"
[0;32mI (709) csi_recv: compensate_gain 1.000000, agc_gain 0, fft_gain -19[0m
CSI_DATA,35871,14:c1:9f:28:c1:a0,-9,11,1,0,1,1,1,0,0,0,0,-97,0,11,2,704952,0,47,0,128,0,"[0,0,0,0,0,0,0,0,0,0,0,0,-5,9,-5,9,-6,12,-7,10,-4,9,-4,8,-4,8,-2,7,-4,8,-1,9,-5,9,-3,11,-4,9,-2,9,-1,7,-3,10,-2,9,1,9,0,9,0,8,0,6,0,9,2,7,-1,10,-1,10,-1,9,0,0,1,10,-2,11,-2,11,1,13,1,9,-1,9,0,10,0,8,0,11,-1,8,-3,10,-2,8,-2,10,-2,8,-3,8,-5,8,-4,8,-3,8,-3,5,-2,7,-3,5,-3,6,-3,5,-5,5,-4,5,-4,5,0,0,0,0,0,0,0,0,0,0]"
[0;32mI (719) csi_recv: compensate_gain 1.000000, agc_gain 0, fft_gain -18[0m
CSI_DATA,35872,14:c1:9f:28:c1:a0,-9,11,1,0,1,1,1,0,0,0,0,-97,0,11,2,715972,0,47,0,128,0,"[0,0,0,0,0,0,0,0,0,0,0,0,11,1,10,0,13,0,13,2,10,-1,9,0,9,0,7,-1,9,0,8,-3,10,1,11,-2,10,-1,9,-2,7,-3,10,-2,10,-3,8,-5,9,-4,8,-4,5,-3,9,-4,5,-5,10,-4,11,-4,9,-3,0,0,10,-5,10,-3,11,-3,12,-6,9,-5,9,-4,10,-4,7,-4,11,-4,8,-3,11,-1,8,-2,10,-2,8,-2,8,0,9,1,9,0,8,-1,6,0,7,-1,5,0,7,0,6,0,6,2,6,1,6,1,0,0,0,0,0,0,0,0,0,0]"
[0;32mI (729) csi_recv: compensate_gain 1.000000, agc_gain 0, fft_gain -18[0m
CSI_DATA,35873,14:c1:9f:28:c1:a0,-9,11,1,0,1,1,1,0,0,0,0,-97,0,11,2,726956,0,47,0,128,0,"[0,0,0,0,0,0,0,0,0,0,0,0,2,-12,1,-11,1,-14,3,-13,1,-11,1,-10,1,-10,0,-8,1,-10,-2,-10,2,-11,-1,-12,0,-11,-1,-10,-2,-8,-1,-11,-2,-11,-4,-9,-3,-10,-3,-9,-2,-7,-3,-10,-4,-7,-3,-11,-2,-12,-2,-10,0,0,-4,-11,-1,-12,-1,-12,-4,-14,-4,-10,-2,-10,-3,-11,-3,-9,-3,-12,-2,-9,0,-12,-1,-9,-1,-11,-1,-9,1,-9,2,-10,2,-10,0,-9,1,-6,0,-8,1,-6,1,-7,1,-6,3,-7,2,-7,2,-6,0,0,0,0,0,0,0,0,0,0]"
[0;32mI (739) csi_recv: compensate_gain 1.000000, agc_gain 0, fft_gain -19[0m
CSI_DATA,35874,14:c1:9f:28:c1:a0,-9,11,1,0,1,1,1,0,0,0,0,-97,0,11,2,737952,0,47,0,128,0,"[0,0,0,0,0,0,0,0,0,0,0,0,-11,-3,-11,-3,-14,-3,-13,-4,-11,-2,-9,-2,-10,-2,-8,-1,-10,-2,-10,1,-11,-3,-12,-1,-11,-2,-10,0,-8,1,-12,-1,-11,0,-9,2,-10,2,-9,1,-7,1,-10,1,-7,3,-11,1,-12,1,-10,0,0,0,-11,3,-12,0,-12,-1,-14,3,-10,2,-10,1,-11,2,-9,2,-12,2,-9,1,-11,-2,-9,-1,-11,-1,-9,-1,-9,-2,-9,-4,-10,-3,-9,-2,-6,-2,-8,-1,-6,-2,-7,-2,-6,-3,-7,-4,-6,-3,-6,-3,0,0,0,0,0,0,0,0,0,0]"
[0;32mI (749) csi_recv: compensate_gain 1.000000, agc_gain 0, fft_gain -18[0m
CSI_DATA,35875,14:c1:9f:28:c1:a0,-9,11,1,0,1,1,1,0,0,0,0,-97,0,11,2,748972,0,47,0,128,0,"[0,0,0,0,0,0,0,0,0,0,0,0,0,11,1,10,2,13,0,12,1,10,1,8,1,9,2,7,1,8,3,8,1,10,3,10,1,9,3,8,3,6,3,10,4,9,5,7,5,7,4,7,3,5,4,7,5,4,5,9,4,9,4,8,0,0,6,8,4,10,4,10,8,11,6,7,4,8,5,9,4,6,6,9,4,7,2,10,3,7,3,9,2,7,2,8,0,9,1,9,2,7,0,5,2,7,0,5,1,6,0,6,-1,7,0,6,-1,6,0,0,0,0,0,0,0,0,0,0]"
[0;32mI (759) csi_recv: compensate_gain 1.000000, agc_gain 0, fft_gain -18[0m
CSI_DATA,35876,14:c1:9f:28:c1:a0,-9,11,1,0,1,1,1,0,0,0,0,-97,0,11,2,759972,0,47,0,128,0,"[0,0,0,0,0,0,0,0,0,0,0,0,10,-3,9,-3,12,-5,12,-3,9,-4,8,-3,9,-4,6,-4,8,-4,7,-6,10,-3,10,-6,9,-4,7,-5,6,-5,9,-6,8,-6,6,-7,7,-7,6,-6,4,-5,7,-7,3,-7,8,-7,9,-7,7,-6,0,0,7,-8,9,-7,9,-6,10,-10,6,-8,7,-7,7,-8,6,-6,8,-8,6,-6,10,-5,7,-5,8,-6,6,-4,7,-4,9,-2,9,-3,7,-4,5,-2,6,-4,5,-2,6,-3,6,-2,7,-1,6,-1,6,-1,0,0,0,0,0,0,0,0,0,0]"
[0;32mI (769) csi_recv: compensate_gain 1.000000, agc_gain 0, fft_gain -19[0m
CSI_DATA,35877,14:c1:9f:28:c1:a0,-9,11,1,0,1,1,1,0,0,0,0,-97,0,11,2,770956,0,47,0,128,0,"[0,0,0,0,0,0,0,0,0,0,0,0,-4,-11,-4,-11,-5,-13,-4,-13,-4,-10,-4,-9,-4,-10,-4,-7,-4,-9,-6,-8,-4,-11,-7,-11,-5,-10,-6,-8,-6,-7,-6,-10,-6,-9,-7,-7,-7,-7,-6,-7,-5,-5,-7,-8,-7,-4,-8,-9,-8,-9,-6,-8,0,0,-9,-8,-7,-10,-7,-10,-11,-10,-8,-7,-7,-8,-8,-9,-7,-7,-8,-9,-6,-7,-5,-11,-5,-8,-6,-10,-5,-8,-4,-8,-3,-10,-4,-10,-4,-8,-2,-6,-4,-8,-2,-6,-3,-7,-2,-7,-1,-8,-2,-7,-1,-7,0,0,0,0,0,0,0,0,0,0]"
[0;32mI (779) csi_recv: compensate_gain 1.000000, agc_gain 0, fft_gain -18[0m
CSI_DATA,35878,14:c1:9f:28:c1:a0,-9,11,1,0,1,1,1,0,0,0,0,-97,0,11,2,781947,0,47,0,128,0,"[0,0,0,0,0,0,0,0,0,0,0,0,-11,3,-10,3,-13,4,-13,3,-10,4,-9,3,-9,3,-7,3,-9,3,-7,5,-11,3,-10,5,-9,3,-8,5,-7,4,-9,5,-8,5,-6,7,-7,7,-6,6,-5,4,-7,6,-4,6,-9,6,-9,7,-8,5,0,0,-7,8,-9,6,-10,6,-9,10,-7,7,-7,6,-8,8,-6,6,-8,8,-7,6,-10,5,-7,4,-9,6,-7,4,-8,4,-9,3,-9,3,-7,4,-6,2,-7,4,-6,2,-7,2,-6,2,-8,0,-7,1,-7,1,0,0,0,0,0,0,0,0,0,0]"
[0;32mI (789) csi_recv: compensate_gain 1.000000, agc_gain 0, fft_gain -18[0m
CSI_DATA,35879,14:c1:9f:28:c1:a0,-9,11,1,0,1,1,1,0,0,0,0,-97,0,11,2,792962,0,47,0,128,0,"[0,0,0,0,0,0,0,0,0,0,0,0,7,8,6,7,9,9,7,9,7,7,5,6,6,7,5,4,6,6,8,4,7,8,9,7,7,6,8,5,6,3,9,6,8,5,9,3,9,3,8,3,6,2,8,3,7,1,9,4,9,5,8,4,0,0,10,3,9,5,9,5,13,4,9,2,8,4,10,4,8,3,10,4,8,3,8,7,7,4,9,5,6,4,6,5,5,7,6,7,6,5,4,4,6,4,3,4,5,4,4,4,3,6,3,5,3,5,0,0,0,0,0,0,0,0,0,0]"
[0;32mI (799) csi_recv: compensate_gain 1.000000, agc_gain 0, fft_gain -18[0m
CSI_DATA,35880,14:c1:9f:28:c1:a0,-9,11,1,0,1,1,1,0,0,0,0,-97,0,11,2,803973,0,47,0,128,0,"[0,0,0,0,0,0,0,0,0,0,0,0,6,-10,5,-9,6,-12,7,-11,4,-9,4,-8,4,-9,2,-8,4,-9,1,-9,5,-10,3,-11,4,-9,2,-10,1,-8,3,-11,2,-10,0,-10,0,-10,0,-9,0,-7,1,-10,-2,-8,1,-11,2,-11,1,-10,0,0,0,-11,3,-11,3,-11,0,-14,-1,-10,1,-10,1,-11,0,-9,1,-12,1,-9,4,-11,2,-8,3,-11,2,-9,3,-8,5,-8,4,-9,3,-8,2,-6,2,-8,3,-5,3,-6,3,-5,5,-5,3,-6,4,-5,0,0,0,0,0,0,0,0,0,0]"
[0;32mI (819) csi_recv: compensate_gain 1.000000, agc_gain 0, fft_gain -19[0m
CSI_DATA,35881,14:c1:9f:28:c1:a0,-9,11,1,0,1,1,1,0,0,0,0,-97,0,11,2,814968,0,47,0,128,0,"[0,0,0,0,0,0,0,0,0,0,0,0,-11,-3,-11,-3,-14,-3,-13,-4,-11,-2,-9,-2,-10,-2,-8,-1,-10,-2,-10,1,-11,-3,-12,-1,-11,-2,-10,0,-8,1,-12,-1,-11,0,-10,2,-10,2,-9,2,-7,1,-10,2,-7,3,-11,1,-12,1,-10,0,0,0,-11,3,-12,0,-12,0,-14,3,-10,3,-10,1,-11,2,-9,2,-12,2,-9,1,-12,-2,-9,0,-11,0,-9,0,-9,-2,-9,-3,-10,-2,-9,-1,-7,-2,-9,-1,-6,-2,-7,-2,-7,-2,-7,-4,-6,-3,-6,-3,0,0,0,0,0,0,0,0,0,0]"
[0;32mI (829) csi_recv: compensate_gain 1.000000, agc_gain 0, fft_gain -18[0m
CSI_DATA,35882,14:c1:9f:28:c1:a0,-9,11,1,0,1,1,1,0,0,0,0,-97,0,11,2,825970,0,47,0,128,0,"[0,0,0,0,0,0,0,0,0,0,0,0,-2,11,-2,10,-1,13,-3,12,-1,10,-1,8,-1,9,0,7,-1,9,2,8,-1,10,1,11,0,9,1,9,2,7,1,10,2,9,4,8,3,8,3,7,2,5,3,8,4,5,3,10,3,10,2,8,0,0,5,9,2,10,2,10,6,12,4,8,3,8,4,9,3,7,4,10,3,8,1,10,1,8,2,10,1,7,0,8,-1,9,0,9,1,8,-1,5,1,7,-1,5,0,6,-1,6,-2,6,-1,6,-2,6,0,0,0,0,0,0,0,0,0,0]"
[0;32mI (839) csi_recv: compensate_gain 1.000000, agc_gain 0, fft_gain -19[0m
CSI_DATA,35883,14:c1:9f:28:c1:a0,-9,11,1,0,1,1,1,0,0,0,0,-97,0,11,2,836947,0,47,0,128,0,"[0,0,0,0,0,0,0,0,0,0,0,0,11,1,10,1,13,0,12,2,10,0,9,0,9,0,7,-1,9,0,9,-3,10,1,11,-1,10,0,9,-2,7,-2,11,-1,10,-2,8,-4,9,-4,8,-3,6,-3,9,-3,6,-5,10,-3,11,-3,9,-2,0,0,10,-4,11,-2,11,-2,13,-5,9,-4,9,-3,10,-4,8,-3,11,-4,8,-3,11,0,8,-1,10,-1,8,-1,8,0,9,2,9,1,8,0,5,1,7,-1,5,1,6,1,6,1,6,3,5,2,5,2,0,0,0,0,0,0,0,0,0,0]"
[0;32mI (849) csi_recv: compensate_gain 1.000000, agc_gain 0, fft_gain -18[0m
CSI_DATA,35884,14:c1:9f:28:c1:a0,-9,11,1,0,1,1,1,0,0,0,0,-97,0,11,2,847947,0,47,0,128,0,"[0,0,0,0,0,0,0,0,0,0,0,0,-2,-12,-2,-11,-3,-14,-1,-13,-3,-11,-2,-9,-2,-10,-3,-8,-2,-10,-5,-9,-2,-11,-5,-12,-3,-10,-4,-9,-4,-7,-4,-11,-5,-10,-7,-8,-6,-8,-5,-8,-4,-6,-6,-8,-6,-6,-6,-10,-6,-10,-5,-9,0,0,-7,-9,-5,-11,-5,-11,-9,-12,-7,-8,-6,-9,-7,-10,-6,-7,-7,-10,-5,-8,-4,-11,-4,-8,-5,-10,-4,-8,-3,-9,-1,-10,-2,-10,-3,-9,-1,-6,-3,-8,-1,-6,-2,-7,-1,-7,0,-8,-1,-7,0,-7,0,0,0,0,0,0,0,0,0,0]"
[0;32mI (859) wifi_rx_gain: agc_gain(median): 0, fft_gain@median: -18[0m
[0;32mI (859) csi_recv: compensate_gain 1.029201, agc_gain 0, fft_gain -19[0m
CSI_DATA,35885,14:c1:9f:28:c1:a0,-9,11,1,0,1,1,1,0,0,0,0,-97,0,11,2,858976,0,47,0,128,0,"[0,0,0,0,0,0,0,0,0,0,0,0,-11,4,-10,4,-13,5,-12,4,-10,4,-9,3,-9,4,-7,4,-9,4,-7,6,-10,4,-10,6,-9,4,-8,5,-6,5,-9,6,-8,6,-6,7,-7,7,-6,6,-5,5,-7,7,-4,6,-8,7,-9,7,-7,6,0,0,-7,8,-9,7,-9,6,-10,11,-6,8,-7,7,-8,8,-6,6,-8,8,-7,6,-10,5,-7,5,-9,6,-7,4,-8,4,-9,3,-10,3,-8,4,-6,2,-7,4,-6,2,-7,2,-7,2,-8,1,-7,1,-7,1,0,0,0,0,0,0,0,0,0,0]"
[0;32mI (869) csi_recv: compensate_gain 1.029201, agc_gain 0, fft_gain -19[0m
CSI_DATA,35886,14:c1:9f:28:c1:a0,-9,11,1,0,1,1,1,0,0,0,0,-97,0,11,2,869942,0,47,0,128,0,"[0,0,0,0,0,0,0,0,0,0,0,0,2,11,2,10,3,12,1,12,3,9,2,8,2,9,3,6,2,9,5,7,2,10,4,10,3,9,4,8,4,6,4,10,5,8,6,6,6,7,5,6,4,4,5,7,6,4,6,9,5,9,4,8,0,0,7,8,5,9,5,10,9,10,6,7,5,8,6,8,5,6,6,9,4,7,3,10,3,7,4,9,3,7,2,8,1,9,2,9,2,7,1,5,3,7,0,5,1,6,0,6,-1,7,0,6,0,6,0,0,0,0,0,0,0,0,0,0]"
[0;32mI (879) csi_recv: compensate_gain 1.000000, agc_gain 0, fft_gain -18[0m
CSI_DATA,35887,14:c1:9f:28:c1:a0,-9,11,1,0,1,1,1,0,0,0,0,-97,0,11,2,880953,0,47,0,128,0,"[0,0,0,0,0,0,0,0,0,0,0,0,10,-4,9,-4,12,-6,12,-4,9,-5,8,-4,9,-4,6,-5,8,-5,6,-7,10,-4,9,-7,9,-5,7,-6,6,-6,9,-6,7,-7,5,-8,6,-8,5,-7,4,-5,6,-7,3,-7,7,-8,8,-8,7,-7,0,0,6,-9,8,-8,9,-8,8,-12,6,-9,6,-8,7,-9,5,-7,7,-9,6,-7,9,-6,6,-6,8,-7,6,-6,7,-5,9,-4,8,-5,7,-5,5,-3,6,-5,5,-3,6,-4,5,-3,7,-2,6,-2,6,-2,0,0,0,0,0,0,0,0,0,0]"
[0;32mI (889) csi_recv: compensate_gain 1.000000, agc_gain 0, fft_gain -18[0m
CSI_DATA,35888,14:c1:9f:28:c1:a0,-9,11,1,0,1,1,1,0,0,0,0,-97,0,11,2,891948,0,47,0,128,0,"[0,0,0,0,0,0,0,0,0,0,0,0,-7,-10,-7,-9,-9,-10,-7,-11,-7,-8,-6,-7,-7,-8,-6,-5,-7,-7,-8,-5,-7,-9,-9,-8,-7,-8,-8,-6,-7,-5,-9,-7,-9,-6,-9,-4,-9,-4,-8,-4,-6,-3,-9,-5,-8,-2,-10,-6,-10,-6,-8,-6,0,0,-11,-4,-10,-7,-10,-7,-13,-6,-10,-4,-9,-5,-10,-5,-8,-4,-11,-6,-8,-5,-8,-8,-7,-6,-9,-7,-7,-6,-6,-6,-6,-8,-7,-8,-7,-6,-4,-5,-6,-5,-4,-5,-5,-6,-4,-5,-4,-7,-4,-6,-4,-6,0,0,0,0,0,0,0,0,0,0]"
[0;32mI (899) csi_recv: compensate_gain 1.000000, agc_gain 0, fft_gain -18[0m
CSI_DATA,35889,14:c1:9f:28:c1:a0,-9,11,1,0,1,1,1,0,0,0,0,-97,0,11,2,902968,0,47,0,128,0,"[0,0,0,0,0,0,0,0,0,0,0,0,-7,9,-7,8,-8,11,-9,9,-6,9,-6,7,-6,8,-4,6,-6,7,-3,9,-7,8,-5,10,-6,8,-4,8,-3,7,-5,10,-4,9,-1,9,-2,9,-2,8,-1,6,-3,9,0,7,-3,10,-4,10,-3,9,0,0,-1,10,-4,10,-5,10,-3,14,-1,9,-3,9,-3,10,-2,8,-3,11,-2,8,-6,9,-4,7,-5,10,-4,7,-5,7,-7,7,-6,8,-4,7,-4,4,-4,7,-4,4,-4,5,-4,4,-6,4,-5,4,-5,4,0,0,0,0,0,0,0,0,0,0]"
[0;32mI (909) csi_recv: compensate_gain 1.000000, agc_gain 0, fft_gain -18[0m
CSI_DATA,35890,14:c1:9f:28:c1:a0,-9,11,1,0,1,1,1,0,0,0,0,-97,0,11,2,913970,0,47,0,128,0,"[0,0,0,0,0,0,0,0,0,0,0,0,9,5,9,4,12,5,11,6,9,3,8,3,8,3,7,2,8,3,9,0,9,5,11,3,9,3,9,1,7,0,10,2,10,1,9,-1,9,-1,8,0,6,-1,9,0,7,-2,10,1,11,1,9,1,0,0,10,-1,11,2,11,2,14,-1,10,-1,10,0,11,0,8,-1,11,0,8,0,10,3,8,1,10,2,8,1,7,3,7,4,8,4,7,2,5,2,7,2,4,2,6,3,5,3,5,5,5,3,4,4,0,0,0,0,0,0,0,0,0,0]"
[0;32mI (929) csi_recv: compensate_gain 1.000000, agc_gain 0, fft_gain -18[0m
CSI_DATA,35891,14:c1:9f:28:c1:a0,-9,11,1,0,1,1,1,0,0,0,0,-97,0,11,2,924946,0,47,0,128,0,"[0,0,0,0,0,0,0,0,0,0,0,0,6,-10,5,-9,6,-12,7,-11,4,-10,4,-8,4,-9,2,-8,4,-9,1,-10,5,-10,3,-12,4,-10,2,-10,1,-8,3,-11,2,-10,-1,-10,0,-10,0,-9,-1,-7,0,-10,-2,-8,1,-11,1,-12,1,-10,0,0,-1,-11,2,-12,2,-11,0,-15,-1,-10,0,-10,0,-11,-1,-9,0,-12,0,-9,3,-11,1,-9,2,-11,1,-9,3,-9,4,-9,4,-9,2,-8,2,-6,1,-8,2,-6,2,-7,3,-6,4,-6,3,-6,4,-6,0,0,0,0,0,0,0,0,0,0]"
[0;32mI (939) csi_recv: compensate_gain 1.000000, agc_gain 0, fft_gain -18[0m
CSI_DATA,35892,14:c1:9f:28:c1:a0,-9,11,1,0,1,1,1,0,0,0,0,-97,0,11,2,935948,0,47,0,128,0,"[0,0,0,0,0,0,0,0,0,0,0,0,-12,-3,-11,-2,-14,-2,-13,-4,-11,-1,-9,-2,-10,-2,-8,0,-10,-2,-10,1,-11,-3,-12,0,-11,-1,-10,0,-8,1,-11,0,-11,1,-9,3,-10,3,-9,2,-7,2,-10,2,-7,4,-11,2,-12,2,-10,1,0,0,-11,3,-12,1,-12,1,-14,4,-10,3,-10,2,-11,3,-9,2,-12,3,-9,2,-12,-1,-9,0,-11,1,-9,0,-9,-1,-10,-2,-10,-2,-9,0,-6,-1,-8,0,-6,-2,-7,-1,-7,-2,-7,-3,-7,-2,-7,-3,0,0,0,0,0,0,0,0,0,0]"
[0;32mI (949) csi_recv: compensate_gain 1.000000, agc_gain 0, fft_gain -18[0m
CSI_DATA,35893,14:c1:9f:28:c1:a0,-9,11,1,0,1,1,1,0,0,0,0,-97,0,11,2,946949,0,47,0,128,0,"[0,0,0,0,0,0,0,0,0,0,0,0,-1,11,-1,10,0,13,-2,12,0,10,0,9,-1,9,1,7,0,9,3,8,-1,10,1,11,0,9,2,9,2,7,2,11,2,9,4,8,4,8,3,7,2,5,3,8,4,5,3,10,3,10,2,9,0,0,5,9,3,10,2,10,6,12,4,8,3,9,4,10,3,7,4,10,3,8,1,11,1,8,2,10,1,8,0,8,-1,9,0,9,1,8,-1,6,1,7,-1,5,0,6,-1,6,-2,6,-1,6,-2,6,0,0,0,0,0,0,0,0,0,0]"
[0;32mI (959) csi_recv: compensate_gain 1.000000, agc_gain 0, fft_gain -18[0m
CSI_DATA,35894,14:c1:9f:28:c1:a0,-9,11,1,0,1,1,1,0,0,0,0,-97,0,11,2,957951,0,47,0,128,0,"[0,0,0,0,0,0,0,0,0,0,0,0,10,-4,9,-4,12,-5,12,-4,9,-5,8,-4,9,-4,6,-4,8,-4,7,-6,10,-4,9,-6,9,-5,7,-6,6,-5,9,-6,8,-6,6,-8,6,-8,6,-6,4,-5,7,-7,3,-7,8,-7,8,-7,7,-6,0,0,7,-8,9,-7,9,-7,9,-11,6,-8,7,-7,7,-8,6,-7,8,-9,6,-6,10,-5,7,-5,9,-6,7,-5,7,-4,9,-3,9,-4,7,-4,5,-2,6,-4,5,-2,6,-3,6,-2,7,-1,6,-2,6,-1,0,0,0,0,0,0,0,0,0,0]"
[0;32mI (969) csi_recv: compensate_gain 1.000000, agc_gain 0, fft_gain -18[0m
CSI_DATA,35895,14:c1:9f:28:c1:a0,-9,11,1,0,1,1,1,0,0,0,0,-97,0,11,2,968953,0,47,0,128,0,"[0,0,0,0,0,0,0,0,0,0,0,0,-6,-11,-6,-10,-8,-12,-6,-12,-7,-9,-5,-8,-6,-9,-6,-6,-6,-8,-7,-6,-6,-10,-8,-9,-6,-9,-7,-7,-6,-6,-8,-9,-8,-7,-9,-5,-9,-6,-8,-5,-6,-4,-8,-6,-8,-3,-9,-7,-9,-8,-7,-7,0,0,-10,-6,-9,-8,-8,-9,-13,-8,-9,-5,-8,-7,-10,-7,-8,-5,-10,-8,-7,-6,-7,-10,-6,-7,-8,-8,-6,-7,-5,-8,-4,-9,-5,-9,-6,-7,-3,-6,-5,-7,-3,-6,-4,-7,-3,-6,-2,-8,-3,-7,-2,-7,0,0,0,0,0,0,0,0,0,0]"
[0;32mI (979) csi_recv: compensate_gain 1.000000, agc_gain 0, fft_gain -18[0m
CSI_DATA,35896,14:c1:9f:28:c1:a0,-9,11,1,0,1,1,1,0,0,0,0,-97,0,11,2,979973,0,47,0,128,0,"[0,0,0,0,0,0,0,0,0,0,0,0,-9,7,-8,7,-9,9,-10,8,-7,7,-7,6,-7,7,-5,6,-7,6,-4,8,-8,7,-7,9,-7,7,-5,8,-4,7,-6,9,-5,9,-2,8,-3,9,-3,8,-2,6,-4,8,-1,7,-4,10,-5,10,-4,8,0,0,-3,10,-6,10,-6,10,-4,13,-3,9,-4,9,-4,10,-3,8,-4,11,-3,8,-7,9,-5,7,-6,9,-4,7,-6,6,-7,6,-7,7,-5,7,-5,4,-4,6,-5,4,-5,5,-5,4,-7,3,-5,4,-6,4,0,0,0,0,0,0,0,0,0,0]"
[0;32mI (989) csi_recv: compensate_gain 1.000000, agc_gain 0, fft_gain -18[0m
CSI_DATA,35897,14:c1:9f:28:c1:a0,-9,11,1,0,1,1,1,0,0,0,0,-97,0,11,2,990964,0,47,0,128,0,"[0,0,0,0,0,0,0,0,0,0,0,0,8,7,7,6,10,7,8,8,8,5,6,5,7,5,6,3,7,5,8,3,7,6,9,5,7,5,8,4,7,2,9,5,9,3,8,1,9,1,8,2,6,1,8,2,7,-1,10,3,10,3,8,3,0,0,10,1,10,4,10,4,13,2,9,1,9,2,10,2,8,1,10,2,8,2,9,5,7,3,9,4,7,3,7,4,6,6,7,5,7,4,4,3,6,3,4,3,5,4,4,4,4,5,4,4,4,4,0,0,0,0,0,0,0,0,0,0]"
[0;32mI (999) csi_recv: compensate_gain 1.000000, agc_gain 0, fft_gain -18[0m
CSI_DATA,35898,14:c1:9f:28:c1:a0,-9,11,1,0,1,1,1,0,0,0,0,-97,0,11,2,1001955,0,47,0,128,0,"[0,0,0,0,0,0,0,0,0,0,0,0,6,-10,5,-9,6,-12,7,-10,4,-10,4,-8,4,-9,2,-7,4,-8,2,-9,5,-9,4,-11,4,-9,2,-9,1,-8,3,-11,2,-10,0,-10,0,-10,1,-9,0,-7,1,-10,-2,-8,2,-11,2,-11,2,-9,0,0,0,-11,3,-11,3,-11,1,-15,0,-10,1,-10,1,-11,0,-9,1,-12,1,-9,4,-10,2,-8,3,-10,2,-8,3,-8,5,-8,5,-9,3,-8,3,-5,2,-8,3,-5,3,-6,3,-5,5,-5,4,-5,4,-5,0,0,0,0,0,0,0,0,0,0]"
[0;32mI (1009) csi_recv: compensate_gain 1.000000, agc_gain 0, fft_gain -18[0m
CSI_DATA,35899,14:c1:9f:28:c1:a0,-9,11,1,0,1,1,1,0,0,0,0,-97,0,11,2,1012948,0,47,0,128,0,"[0,0,0,0,0,0,0,0,0,0,0,0,-10,-5,-9,-5,-12,-5,-11,-6,-10,-4,-9,-4,-9,-4,-8,-2,-9,-4,-9,-1,-10,-5,-11,-3,-9,-3,-10,-2,-8,-1,-10,-3,-10,-2,-9,0,-10,0,-9,-1,-7,0,-9,0,-7,2,-11,-1,-11,-1,-9,-1,0,0,-11,0,-11,-2,-11,-2,-14,0,-10,1,-10,-1,-11,0,-9,0,-12,-1,-9,-1,-10,-4,-8,-2,-11,-2,-8,-2,-8,-3,-8,-5,-9,-4,-8,-3,-6,-3,-8,-2,-5,-3,-6,-3,-6,-3,-6,-5,-6,-4,-5,-4,0,0,0,0,0,0,0,0,0,0]"
[0;32mI (1019) csi_recv: compensate_gain 1.000000, agc_gain 0, fft_gain -18[0m
CSI_DATA,35900,14:c1:9f:28:c1:a0,-9,11,1,0,1,1,1,0,0,0,0,-97,0,11,2,1023960,0,47,0,128,0,"[0,0,0,0,0,0,0,0,0,0,0,0,-4,10,-4,10,-4,12,-5,12,-2,10,-3,9,-3,9,-1,7,-3,9,0,9,-3,10,-1,11,-2,9,0,9,0,7,-1,10,0,10,2,8,2,9,1,8,1,6,1,9,3,6,1,10,1,11,0,9,0,0,3,10,0,11,0,11,3,13,2,9,1,9,2,10,2,8,2,11,1,8,-1,11,0,8,0,10,0,8,-2,8,-3,9,-2,9,-1,8,-2,5,-1,7,-2,5,-2,6,-2,5,-3,6,-3,6,-3,6,0,0,0,0,0,0,0,0,0,0]"
[0;32mI (1039) csi_recv: compensate_gain 1.000000, agc_gain 0, fft_gain -18[0m
CSI_DATA,35901,14:c1:9f:28:c1:a0,-9,11,1,0,1,1,1,0,0,0,0,-97,0,11,2,1035007,0,47,0,128,0,"[0,0,0,0,0,0,0,0,0,0,0,0,10,-4,9,-4,12,-6,12,-4,9,-5,8,-4,8,-4,6,-5,8,-4,7,-7,10,-4,9,-7,8,-5,7,-6,6,-6,9,-7,7,-7,5,-8,6,-8,5,-7,4,-5,6,-7,3,-7,8,-8,8,-8,7,-7,0,0,6,-9,9,-8,9,-7,9,-11,6,-8,6,-7,7,-9,5,-7,7,-9,6,-7,9,-6,7,-5,8,-7,6,-5,7,-5,8,-3,9,-4,7,-5,5,-3,6,-5,5,-3,6,-3,5,-3,7,-1,6,-2,6,-2,0,0,0,0,0,0,0,0,0,0]"
[0;32mI (1049) csi_recv: compensate_gain 1.000000, agc_gain 0, fft_gain -18[0m
CSI_DATA,35902,14:c1:9f:28:c1:a0,-9,11,1,0,1,1,1,0,0,0,0,-97,0,11,2,1045979,0,47,0,128,0,"[0,0,0,0,0,0,0,0,0,0,0,0,-4,-12,-4,-10,-6,-13,-4,-12,-5,-10,-4,-9,-4,-9,-5,-7,-4,-9,-7,-8,-4,-11,-7,-11,-5,-10,-6,-8,-6,-6,-7,-10,-7,-8,-8,-6,-8,-7,-7,-6,-6,-5,-8,-7,-7,-4,-8,-9,-8,-9,-6,-8,0,0,-9,-7,-8,-9,-7,-9,-11,-10,-8,-6,-7,-7,-9,-8,-7,-6,-9,-9,-7,-7,-6,-10,-5,-8,-7,-9,-5,-7,-4,-8,-3,-9,-4,-10,-5,-8,-3,-6,-5,-7,-2,-6,-3,-7,-3,-7,-1,-8,-2,-7,-2,-7,0,0,0,0,0,0,0,0,0,0]"
[0;32mI (1059) csi_recv: compensate_gain 1.000000, agc_gain 0, fft_gain -18[0m
CSI_DATA,35903,14:c1:9f:28:c1:a0,-9,11,1,0,1,1,1,0,0,0,0,-97,0,11,2,1056963,0,47,0,128,0,"[0,0,0,0,0,0,0,0,0,0,0,0,-11,2,-10,2,-13,3,-13,2,-10,3,-9,2,-9,2,-7,3,-9,2,-8,5,-11,2,-11,4,-10,3,-9,4,-7,4,-10,4,-9,5,-7,6,-8,6,-7,5,-5,4,-8,5,-5,6,-9,6,-10,5,-8,4,0,0,-8,7,-10,5,-10,5,-11,9,-8,6,-8,5,-9,6,-7,5,-9,6,-7,5,-11,3,-8,3,-10,4,-8,3,-8,2,-10,1,-10,2,-8,3,-6,1,-8,3,-6,0,-7,1,-6,0,-8,-1,-7,0,-7,0,0,0,0,0,0,0,0,0,0,0]"
[0;32mI (1069) csi_recv: compensate_gain 1.000000, agc_gain 0, fft_gain -18[0m
CSI_DATA,35904,14:c1:9f:28:c1:a0,-9,11,1,0,1,1,1,0,0,0,0,-97,0,11,2,1067974,0,47,0,128,0,"[0,0,0,0,0,0,0,0,0,0,0,0,7,8,6,7,9,9,7,10,7,7,6,6,6,7,6,4,6,6,8,4,6,8,9,7,7,6,8,5,6,3,9,6,8,5,9,2,9,3,8,3,6,1,8,3,7,0,9,4,10,5,8,4,0,0,10,2,9,5,9,5,13,4,9,2,9,3,10,3,8,2,11,3,8,3,8,6,7,4,9,5,7,4,6,5,6,7,7,6,6,4,4,4,6,4,4,4,5,4,4,4,3,6,3,5,3,5,0,0,0,0,0,0,0,0,0,0]"
[0;32mI (1079) csi_recv: compensate_gain 1.000000, agc_gain 0, fft_gain -18[0m
CSI_DATA,35905,14:c1:9f:28:c1:a0,-9,11,1,0,1,1,1,0,0,0,0,-97,0,11,2,1078976,0,47,0,128,0,"[0,0,0,0,0,0,0,0,0,0,0,0,7,-9,6,-9,8,-11,9,-10,6,-9,5,-8,5,-8,3,-7,5,-8,3,-9,6,-9,5,-11,5,-9,3,-9,2,-8,4,-10,3,-10,1,-10,2,-10,2,-9,1,-7,2,-10,-1,-8,3,-11,3,-11,3,-9,0,0,1,-11,4,-11,4,-11,2,-15,1,-10,2,-10,2,-11,1,-9,2,-12,2,-9,5,-10,3,-8,4,-10,3,-8,4,-8,6,-8,5,-8,4,-8,3,-5,3,-8,3,-5,3,-6,4,-5,5,-5,4,-5,5,-5,0,0,0,0,0,0,0,0,0,0]"
[0;32mI (1089) csi_recv: compensate_gain 1.000000, agc_gain 0, fft_gain -18[0m
CSI_DATA,35906,14:c1:9f:28:c1:a0,-9,11,1,0,1,1,1,0,0,0,0,-97,0,11,2,1089942,0,47,0,128,0,"[0,0,0,0,0,0,0,0,0,0,0,0,-7,-9,-7,-9,-9,-10,-8,-11,-8,-8,-6,-7,-7,-8,-6,-5,-7,-7,-9,-5,-7,-9,-10,-8,-8,-8,-8,-6,-7,-4,-9,-7,-9,-6,-9,-4,-9,-4,-8,-4,-7,-3,-9,-5,-8,-2,-10,-5,-10,-6,-9,-6,0,0,-11,-4,-10,-7,-10,-7,-14,-6,-10,-4,-9,-5,-10,-5,-8,-4,-11,-6,-8,-5,-9,-8,-8,-5,-9,-7,-7,-5,-7,-7,-6,-8,-7,-8,-7,-6,-4,-5,-6,-5,-4,-5,-5,-6,-4,-6,-4,-7,-4,-6,-4,-6,0,0,0,0,0,0,0,0,0,0]"
[0;32mI (1099) csi_recv: compensate_gain 1.000000, agc_gain 0, fft_gain -18[0m
CSI_DATA,35907,14:c1:9f:28:c1:a0,-9,11,1,0,1,1,1,0,0,0,0,-97,0,11,2,1100962,0,47,0,128,0,"[0,0,0,0,0,0,0,0,0,0,0,0,-7,9,-6,8,-7,11,-8,10,-5,9,-5,7,-5,8,-3,7,-4,8,-2,9,-6,9,-4,11,-5,9,-3,9,-2,7,-4,10,-2,9,0,9,-1,9,-1,8,0,6,-1,9,2,7,-2,10,-2,11,-2,9,0,0,0,10,-2,11,-3,11,0,14,0,9,-1,9,0,10,0,8,-1,11,-1,8,-4,10,-2,8,-2,10,-2,8,-3,8,-5,8,-4,8,-3,8,-3,5,-2,7,-3,5,-3,6,-3,5,-5,5,-4,5,-4,5,0,0,0,0,0,0,0,0,0,0]"
[0;32mI (1109) csi_recv: compensate_gain 1.000000, agc_gain 0, fft_gain -18[0m
CSI_DATA,35908,14:c1:9f:28:c1:a0,-9,11,1,0,1,1,1,0,0,0,0,-97,0,11,2,1111946,0,47,0,128,0,"[0,0,0,0,0,0,0,0,0,0,0,0,8,7,7,6,10,7,8,8,8,5,6,5,7,5,6,3,7,5,8,3,7,7,9,5,7,5,8,3,7,2,9,5,9,3,8,1,9,2,8,2,6,1,8,2,7,0,10,3,10,4,8,3,0,0,10,2,10,4,9,4,13,3,9,1,9,3,10,3,8,2,10,3,8,2,8,6,7,4,9,4,7,3,6,5,6,6,7,6,6,4,4,3,6,4,3,4,5,4,4,4,3,5,3,4,3,5,0,0,0,0,0,0,0,0,0,0]"
[0;32mI (1119) csi_recv: compensate_gain 1.000000, agc_gain 0, fft_gain -18[0m
CSI_DATA,35909,14:c1:9f:28:c1:a0,-9,11,1,0,1,1,1,0,0,0,0,-97,0,11,2,1122969,0,47,0,128,0,"[0,0,0,0,0,0,0,0,0,0,0,0,3,-11,2,-11,2,-13,4,-12,2,-10,2,-9,2,-10,0,-8,1,-9,-1,-9,2,-11,0,-12,1,-10,0,-10,-1,-8,1,-11,-1,-11,-3,-9,-2,-10,-1,-9,-2,-7,-2,-10,-4,-7,-1,-11,-1,-11,-1,-10,0,0,-3,-11,0,-11,0,-12,-3,-14,-2,-10,-1,-10,-2,-11,-2,-9,-2,-12,-1,-9,2,-11,0,-9,0,-11,0,-9,2,-9,3,-9,3,-9,1,-9,2,-6,1,-8,2,-6,2,-7,2,-6,4,-6,2,-6,3,-6,0,0,0,0,0,0,0,0,0,0]"
[0;32mI (1129) csi_recv: compensate_gain 1.000000, agc_gain 0, fft_gain -18[0m
CSI_DATA,35910,14:c1:9f:28:c1:a0,-9,11,1,0,1,1,1,0,0,0,0,-97,0,11,2,1133943,0,47,0,128,0,"[0,0,0,0,0,0,0,0,0,0,0,0,-11,-4,-10,-4,-14,-4,-12,-5,-11,-3,-9,-3,-10,-3,-8,-1,-9,-3,-10,0,-11,-4,-12,-2,-10,-3,-10,-1,-8,0,-12,-2,-10,0,-10,2,-10,1,-9,1,-7,1,-10,1,-7,3,-12,0,-12,0,-10,-1,0,0,-11,2,-12,0,-12,-1,-15,2,-10,2,-10,1,-11,1,-9,1,-12,1,-9,0,-11,-2,-9,-1,-11,-1,-9,-1,-9,-2,-9,-4,-10,-3,-9,-2,-6,-2,-8,-1,-6,-2,-7,-2,-6,-3,-7,-4,-6,-3,-6,-3,0,0,0,0,0,0,0,0,0,0]"
[0;32mI (1149) csi_recv: compensate_gain 1.000000, agc_gain 0, fft_gain -18[0m
CSI_DATA,35911,14:c1:9f:28:c1:a0,-9,11,1,0,1,1,1,0,0,0,0,-97,0,11,2,1144962,0,47,0,128,0,"[0,0,0,0,0,0,0,0,0,0,0,0,0,11,1,10,2,13,0,12,2,10,1,8,1,9,2,7,1,9,4,8,1,10,3,11,2,9,3,8,3,6,3,10,4,9,5,7,5,7,4,7,3,5,5,8,5,5,5,9,4,9,3,8,0,0,6,8,4,10,3,10,8,11,6,7,4,8,5,9,4,7,6,10,4,7,2,10,3,8,3,9,2,7,1,8,0,9,1,9,2,7,0,6,2,7,0,5,0,6,0,6,-1,7,-1,6,-1,6,0,0,0,0,0,0,0,0,0,0]"
[0;32mI (1159) csi_recv: compensate_gain 1.000000, agc_gain 0, fft_gain -18[0m
CSI_DATA,35912,14:c1:9f:28:c1:a0,-9,11,1,0,1,1,1,0,0,0,0,-97,0,11,2,1155966,0,47,0,128,0,"[0,0,0,0,0,0,0,0,0,0,0,0,10,-6,8,-6,11,-8,11,-6,8,-6,7,-5,8,-6,5,-6,7,-6,5,-8,9,-6,8,-8,8,-6,6,-7,5,-7,7,-8,6,-8,4,-9,4,-9,4,-8,3,-6,5,-8,1,-8,6,-9,6,-10,5,-8,0,0,4,-10,7,-9,7,-9,6,-13,4,-10,5,-9,5,-10,4,-8,5,-11,4,-8,8,-8,5,-7,7,-9,5,-7,6,-6,8,-6,7,-6,5,-6,4,-4,5,-6,4,-4,5,-5,5,-4,6,-3,5,-4,5,-3,0,0,0,0,0,0,0,0,0,0]"
[0;32mI (1169) csi_recv: compensate_gain 1.000000, agc_gain 0, fft_gain -18[0m
CSI_DATA,35913,14:c1:9f:28:c1:a0,-9,11,1,0,1,1,1,0,0,0,0,-97,0,11,2,1166950,0,47,0,128,0,"[0,0,0,0,0,0,0,0,0,0,0,0,-7,-10,-7,-9,-9,-11,-7,-11,-7,-9,-6,-8,-6,-9,-6,-6,-6,-8,-8,-6,-7,-10,-9,-9,-7,-8,-8,-6,-7,-5,-9,-8,-9,-7,-9,-5,-9,-5,-8,-5,-6,-4,-9,-5,-8,-3,-9,-7,-10,-7,-8,-7,0,0,-10,-6,-9,-8,-9,-8,-13,-8,-10,-5,-9,-6,-10,-6,-8,-5,-10,-7,-8,-6,-8,-9,-7,-6,-8,-8,-6,-6,-6,-8,-5,-9,-6,-9,-6,-7,-3,-6,-6,-6,-3,-6,-4,-6,-3,-6,-3,-8,-3,-6,-3,-6,0,0,0,0,0,0,0,0,0,0]"
[0;32mI (1179) csi_recv: compensate_gain 1.000000, agc_gain 0, fft_gain -18[0m
CSI_DATA,35914,14:c1:9f:28:c1:a0,-9,11,1,0,1,1,1,0,0,0,0,-97,0,11,2,1177997,0,47,0,128,0,"[0,0,0,0,0,0,0,0,0,0,0,0,-2,11,-2,10,-2,13,-3,12,-1,10,-1,9,-1,9,0,7,-1,9,2,8,-2,10,1,11,-1,9,1,9,1,7,1,10,2,9,4,8,3,9,3,7,2,5,3,8,4,6,3,10,3,10,2,9,0,0,5,9,3,10,2,10,6,12,4,8,3,9,4,9,3,7,4,10,3,8,1,11,2,8,2,10,2,7,1,8,-1,9,0,9,1,8,0,6,1,7,-1,5,0,6,-1,6,-2,7,-1,6,-1,6,0,0,0,0,0,0,0,0,0,0]"
[0;32mI (1189) csi_recv: compensate_gain 1.000000, agc_gain 0, fft_gain -18[0m
CSI_DATA,35915,14:c1:9f:28:c1:a0,-9,11,1,0,1,1,1,0,0,0,0,-97,0,11,2,1188963,0,47,0,128,0,"[0,0,0,0,0,0,0,0,0,0,0,0,10,4,9,3,12,3,12,5,9,2,8,2,9,2,7,1,8,2,9,-1,10,3,11,1,9,2,9,0,7,-1,10,1,10,0,9,-2,9,-2,8,-1,6,-2,9,-2,6,-3,10,-1,11,-1,9,0,0,0,10,-3,11,0,11,0,13,-3,10,-3,9,-1,11,-2,8,-2,11,-2,8,-1,11,2,8,0,10,0,8,0,8,1,8,3,9,2,8,1,5,1,7,1,5,2,6,2,5,2,5,4,5,2,5,3,0,0,0,0,0,0,0,0,0,0]"
[0;32mI (1199) csi_recv: compensate_gain 1.000000, agc_gain 0, fft_gain -18[0m
CSI_DATA,35916,14:c1:9f:28:c1:a0,-9,11,1,0,1,1,1,0,0,0,0,-97,0,11,2,1199954,0,47,0,128,0,"[0,0,0,0,0,0,0,0,0,0,0,0,2,-11,2,-11,2,-13,3,-13,1,-11,1,-9,1,-10,-1,-8,1,-9,-2,-9,2,-11,-1,-12,1,-10,-1,-10,-2,-8,-1,-11,-1,-10,-3,-9,-3,-10,-2,-9,-2,-6,-3,-9,-4,-7,-2,-11,-2,-11,-2,-10,0,0,-4,-11,-1,-11,-1,-12,-4,-14,-4,-10,-2,-10,-3,-11,-3,-9,-3,-12,-2,-9,0,-11,-1,-9,-1,-11,-1,-9,1,-9,2,-10,1,-10,0,-9,1,-6,0,-8,1,-6,1,-7,1,-6,3,-7,2,-6,2,-6,0,0,0,0,0,0,0,0,0,0]"
[0;32mI (1209) csi_recv: compensate_gain 1.000000, agc_gain 0, fft_gain -18[0m
CSI_DATA,35917,14:c1:9f:28:c1:a0,-9,11,1,0,1,1,1,0,0,0,0,-97,0,11,2,1210956,0,47,0,128,0,"[0,0,0,0,0,0,0,0,0,0,0,0,-12,1,-11,1,-14,2,-13,0,-11,2,-9,1,-10,1,-8,2,-10,1,-9,4,-11,1,-11,4,-10,2,-9,3,-7,3,-11,3,-10,4,-8,5,-8,5,-8,4,-6,3,-8,5,-5,5,-10,5,-10,5,-9,4,0,0,-9,6,-11,5,-11,4,-12,8,-8,6,-9,5,-10,6,-7,5,-10,6,-8,5,-11,3,-8,3,-10,4,-8,3,-9,2,-10,1,-10,2,-8,2,-6,1,-8,3,-6,0,-7,1,-7,0,-8,-1,-7,0,-7,0,0,0,0,0,0,0,0,0,0,0]"
[0;32mI (1219) csi_recv: compensate_gain 1.000000, agc_gain 0, fft_gain -18[0m
CSI_DATA,35918,14:c1:9f:28:c1:a0,-9,11,1,0,1,1,1,0,0,0,0,-97,0,11,2,1221969,0,47,0,128,0,"[0,0,0,0,0,0,0,0,0,0,0,0,4,10,4,9,6,11,5,11,5,8,4,8,5,8,4,5,4,7,6,6,4,9,7,9,5,8,6,7,5,5,6,8,7,7,7,5,7,5,6,5,5,3,7,5,6,2,7,7,7,7,6,6,0,0,8,6,7,8,7,8,11,8,8,5,7,6,8,6,7,5,9,7,6,6,5,9,5,6,6,8,5,6,4,7,3,8,4,8,4,7,2,5,4,6,2,5,3,6,2,5,0,7,1,6,1,6,0,0,0,0,0,0,0,0,0,0]"
[0;32mI (1229) csi_recv: compensate_gain 1.000000, agc_gain 0, fft_gain -18[0m
CSI_DATA,35919,14:c1:9f:28:c1:a0,-9,11,1,0,1,1,1,0,0,0,0,-97,0,11,2,1232974,0,47,0,128,0,"[0,0,0,0,0,0,0,0,0,0,0,0,5,-10,4,-10,5,-12,6,-11,3,-10,3,-9,4,-9,2,-8,3,-9,1,-9,4,-10,2,-12,3,-10,2,-10,1,-8,2,-11,1,-11,-1,-9,-1,-10,0,-9,0,-7,0,-10,-2,-7,0,-11,1,-11,1,-10,0,0,-1,-11,2,-11,2,-12,-1,-14,-1,-11,0,-10,0,-11,-1,-9,0,-12,0,-9,3,-11,1,-9,2,-11,1,-9,2,-8,4,-9,3,-9,2,-9,2,-6,1,-8,2,-5,2,-7,2,-6,4,-6,3,-6,3,-6,0,0,0,0,0,0,0,0,0,0]"
[0;32mI (1239) csi_recv: compensate_gain 1.000000, agc_gain 0, fft_gain -18[0m
CSI_DATA,35920,14:c1:9f:28:c1:a0,-9,11,1,0,1,1,1,0,0,0,0,-97,0,11,2,1243957,0,47,0,128,0,"[0,0,0,0,0,0,0,0,0,0,0,0,-11,-5,-10,-4,-13,-4,-12,-6,-11,-3,-9,-3,-10,-3,-8,-2,-9,-3,-10,0,-11,-4,-12,-2,-10,-3,-10,-1,-8,-1,-11,-2,-11,-1,-10,1,-10,1,-9,0,-7,1,-10,0,-7,2,-11,0,-12,-1,-10,-1,0,0,-11,1,-12,-1,-12,-2,-15,2,-10,1,-10,0,-11,1,-9,1,-12,0,-9,0,-11,-3,-9,-1,-11,-2,-9,-1,-9,-3,-9,-5,-10,-4,-9,-2,-6,-3,-8,-2,-6,-3,-7,-3,-6,-3,-6,-5,-6,-4,-6,-4,0,0,0,0,0,0,0,0,0,0]"
[0;32mI (1259) csi_recv: compensate_gain 1.000000, agc_gain 0, fft_gain -18[0m
CSI_DATA,35921,14:c1:9f:28:c1:a0,-9,11,1,0,1,1,1,0,0,0,0,-97,0,11,2,1254950,0,47,0,128,0,"[0,0,0,0,0,0,0,0,0,0,0,0,-3,10,-3,10,-3,13,-4,12,-2,10,-2,9,-2,9,-1,7,-2,9,1,9,-3,10,-1,11,-2,9,0,9,0,7,-1,11,0,10,2,9,2,9,1,8,1,6,2,9,3,6,1,10,1,11,0,9,0,0,3,10,0,11,0,11,3,13,2,9,1,9,2,10,2,8,2,11,1,8,-2,11,-1,8,-1,10,-1,8,-2,8,-4,9,-3,9,-1,8,-2,5,-1,7,-2,5,-2,6,-2,6,-4,6,-3,5,-3,5,0,0,0,0,0,0,0,0,0,0]"
[0;32mI (1269) csi_recv: compensate_gain 1.000000, agc_gain 0, fft_gain -18[0m
CSI_DATA,35922,14:c1:9f:28:c1:a0,-9,11,1,0,1,1,1,0,0,0,0,-97,0,11,2,1265952,0,47,0,128,0,"[0,0,0,0,0,0,0,0,0,0,0,0,11,-1,10,-2,13,-3,12,-1,10,-3,8,-2,9,-2,7,-3,8,-2,8,-5,10,-2,10,-4,9,-3,8,-4,7,-4,10,-4,9,-5,7,-6,8,-6,7,-5,5,-4,7,-6,4,-6,9,-6,9,-6,8,-5,0,0,8,-7,10,-5,10,-5,11,-9,7,-7,8,-6,8,-7,6,-6,9,-7,7,-5,10,-4,7,-4,9,-5,7,-4,8,-3,9,-2,9,-2,7,-3,5,-2,7,-3,5,-1,6,-2,6,-1,7,0,6,-1,6,-1,0,0,0,0,0,0,0,0,0,0]"
[0;32mI (1279) csi_recv: compensate_gain 1.000000, agc_gain 0, fft_gain -18[0m
CSI_DATA,35923,14:c1:9f:28:c1:a0,-9,11,1,0,1,1,1,0,0,0,0,-97,0,11,2,1276966,0,47,0,128,0,"[0,0,0,0,0,0,0,0,0,0,0,0,-7,-9,-7,-9,-9,-10,-7,-11,-7,-8,-6,-7,-7,-8,-6,-5,-7,-7,-8,-5,-7,-9,-9,-8,-7,-7,-8,-6,-7,-4,-9,-7,-9,-6,-9,-4,-9,-4,-8,-4,-6,-3,-9,-5,-8,-2,-10,-6,-10,-6,-8,-5,0,0,-11,-4,-9,-7,-10,-7,-13,-6,-10,-4,-9,-5,-10,-5,-8,-4,-11,-5,-8,-5,-9,-8,-7,-5,-9,-7,-7,-5,-6,-6,-6,-8,-7,-8,-7,-6,-4,-5,-7,-5,-4,-5,-5,-6,-4,-5,-4,-7,-4,-6,-4,-6,0,0,0,0,0,0,0,0,0,0]"
[0;32mI (1289) csi_recv: compensate_gain 1.000000, agc_gain 0, fft_gain -18[0m
CSI_DATA,35924,14:c1:9f:28:c1:a0,-9,11,1,0,1,1,1,0,0,0,0,-97,0,11,2,1287950,0,47,0,128,0,"[0,0,0,0,0,0,0,0,0,0,0,0,-8,8,-7,7,-8,10,-9,8,-7,8,-6,6,-6,7,-4,6,-6,7,-4,8,-8,8,-6,10,-6,7,-4,8,-3,6,-5,9,-4,9,-2,9,-2,9,-3,8,-2,6,-3,9,0,7,-4,10,-4,10,-4,8,0,0,-2,10,-5,10,-5,9,-3,13,-2,9,-3,9,-3,10,-2,8,-3,11,-3,8,-6,9,-4,7,-5,9,-4,7,-5,7,-7,6,-7,7,-5,7,-4,4,-4,7,-4,4,-5,5,-5,4,-6,4,-5,4,-5,3,0,0,0,0,0,0,0,0,0,0]"
[0;32mI (1299) csi_recv: compensate_gain 1.000000, agc_gain 0, fft_gain -18[0m
CSI_DATA,35925,14:c1:9f:28:c1:a0,-9,11,1,0,1,1,1,0,0,0,0,-97,0,11,2,1298964,0,47,0,128,0,"[0,0,0,0,0,0,0,0,0,0,0,0,11,2,10,1,13,1,12,2,10,0,9,0,9,0,7,-1,8,0,9,-3,10,1,11,-1,9,0,9,-2,7,-3,10,-2,9,-3,8,-5,9,-4,8,-4,5,-3,8,-4,5,-5,10,-4,11,-4,9,-3,0,0,9,-5,11,-3,11,-3,12,-6,9,-5,9,-4,10,-5,7,-4,10,-5,8,-4,11,-2,8,-2,10,-3,8,-2,8,-1,9,0,9,0,8,-2,5,0,7,-2,5,0,6,-1,6,0,7,2,6,0,6,1,0,0,0,0,0,0,0,0,0,0]"
[0;32mI (1309) csi_recv: compensate_gain 1.000000, agc_gain 0, fft_gain -18[0m
CSI_DATA,35926,14:c1:9f:28:c1:a0,-9,11,1,0,1,1,1,0,0,0,0,-97,0,11,2,1309945,0,47,0,128,0,"[0,0,0,0,0,0,0,0,0,0,0,0,-2,-12,-3,-11,-4,-13,-2,-13,-3,-10,-2,-9,-3,-10,-3,-8,-3,-10,-5,-8,-2,-11,-5,-11,-3,-10,-5,-9,-4,-7,-5,-11,-5,-10,-6,-8,-6,-8,-5,-7,-4,-6,-6,-8,-6,-5,-6,-10,-6,-10,-5,-9,0,0,-7,-9,-5,-11,-5,-11,-9,-12,-7,-8,-6,-9,-7,-10,-6,-8,-7,-10,-5,-8,-4,-11,-4,-8,-5,-10,-4,-8,-2,-9,-1,-10,-2,-10,-3,-9,-1,-6,-3,-8,-1,-6,-2,-7,-1,-7,0,-8,-1,-7,0,-7,0,0,0,0,0,0,0,0,0,0]"
[0;32mI (1319) csi_recv: compensate_gain 1.000000, agc_gain 0, fft_gain -18[0m
CSI_DATA,35927,14:c1:9f:28:c1:a0,-9,11,1,0,1,1,1,0,0,0,0,-97,0,11,2,1320962,0,47,0,128,0,"[0,0,0,0,0,0,0,0,0,0,0,0,-9,7,-8,7,-9,10,-10,8,-7,7,-6,6,-7,7,-5,6,-6,7,-4,8,-8,7,-7,9,-7,7,-5,8,-4,7,-6,9,-5,9,-2,9,-3,9,-3,8,-2,6,-3,9,0,7,-4,10,-5,10,-4,8,0,0,-3,10,-5,10,-6,10,-4,13,-2,9,-4,9,-4,10,-3,8,-4,11,-3,8,-6,9,-4,7,-6,9,-4,7,-6,6,-7,6,-7,7,-5,7,-4,4,-4,6,-4,4,-5,5,-5,4,-6,4,-5,4,-6,4,0,0,0,0,0,0,0,0,0,0]"
[0;32mI (1329) csi_recv: compensate_gain 1.000000, agc_gain 0, fft_gain -18[0m
CSI_DATA,35928,14:c1:9f:28:c1:a0,-9,11,1,0,1,1,1,0,0,0,0,-97,0,11,2,1331964,0,47,0,128,0,"[0,0,0,0,0,0,0,0,0,0,0,0,9,5,9,4,12,5,10,6,9,3,8,3,9,3,7,2,8,3,9,1,9,5,11,3,9,3,9,1,7,0,10,2,10,1,9,-1,9,-1,8,0,6,-1,9,0,7,-2,11,0,11,1,9,1,0,0,10,-1,11,1,11,1,14,-1,10,-1,9,0,11,-1,8,-1,11,-1,8,0,10,3,8,1,10,2,8,1,8,2,8,4,9,3,8,2,5,2,7,1,5,2,6,2,5,3,5,4,5,3,5,3,0,0,0,0,0,0,0,0,0,0]"
[0;32mI (1339) csi_recv: compensate_gain 1.000000, agc_gain 0, fft_gain -18[0m
CSI_DATA,35929,14:c1:9f:28:c1:a0,-9,11,1,0,1,1,1,0,0,0,0,-97,0,11,2,1342948,0,47,0,128,0,"[0,0,0,0,0,0,0,0,0,0,0,0,3,-11,3,-11,3,-13,4,-12,2,-10,2,-9,2,-10,0,-8,2,-9,-1,-9,3,-10,1,-12,1,-10,0,-10,-1,-8,0,-11,-1,-11,-2,-9,-2,-10,-2,-9,-2,-7,-2,-10,-4,-7,-1,-11,-1,-11,-1,-10,0,0,-3,-11,0,-11,0,-12,-3,-14,-3,-10,-1,-10,-2,-11,-2,-9,-2,-12,-1,-9,1,-11,0,-9,0,-11,0,-9,1,-9,3,-9,2,-9,1,-9,1,-6,0,-8,2,-6,1,-7,2,-6,3,-6,2,-6,3,-6,0,0,0,0,0,0,0,0,0,0]"
[0;32mI (1349) csi_recv: compensate_gain 1.000000, agc_gain 0, fft_gain -18[0m
CSI_DATA,35930,14:c1:9f:28:c1:a0,-9,11,1,0,1,1,1,0,0,0,0,-97,0,11,2,1353940,0,47,0,128,0,"[0,0,0,0,0,0,0,0,0,0,0,0,-12,-3,-11,-3,-14,-3,-13,-4,-11,-2,-9,-2,-10,-2,-8,0,-10,-2,-10,1,-11,-3,-12,-1,-10,-2,-10,0,-9,1,-11,0,-11,1,-9,3,-10,2,-9,2,-7,2,-10,2,-7,3,-11,1,-12,1,-10,1,0,0,-11,3,-12,0,-12,0,-14,3,-10,3,-10,1,-11,2,-9,2,-12,2,-9,1,-12,-2,-9,-1,-11,0,-9,0,-9,-2,-10,-3,-10,-3,-9,-1,-6,-2,-8,-1,-6,-2,-7,-2,-6,-2,-7,-4,-7,-3,-6,-3,0,0,0,0,0,0,0,0,0,0]"
[0;32mI (1369) csi_recv: compensate_gain 1.000000, agc_gain 0, fft_gain -18[0m
CSI_DATA,35931,14:c1:9f:28:c1:a0,-9,11,1,0,1,1,1,0,0,0,0,-97,0,11,2,1364960,0,47,0,128,0,"[0,0,0,0,0,0,0,0,0,0,0,0,4,10,4,9,6,11,4,11,5,8,4,7,4,8,4,5,4,7,7,6,4,9,7,9,5,8,6,6,5,5,7,8,7,6,8,5,8,5,6,5,5,3,7,5,7,2,8,6,8,7,6,6,0,0,9,5,8,7,7,7,12,7,8,4,7,6,9,6,7,4,9,6,6,5,6,8,6,6,7,7,5,5,5,6,4,8,5,8,5,6,3,5,5,5,2,5,3,5,3,5,2,7,2,5,2,6,0,0,0,0,0,0,0,0,0,0]"
[0;32mI (1379) csi_recv: compensate_gain 1.000000, agc_gain 0, fft_gain -18[0m
CSI_DATA,35932,14:c1:9f:28:c1:a0,-9,11,1,0,1,1,1,0,0,0,0,-97,0,11,2,1375953,0,47,0,128,0,"[0,0,0,0,0,0,0,0,0,0,0,0,7,-9,7,-8,8,-11,9,-9,6,-9,5,-7,6,-8,3,-7,5,-8,3,-9,7,-8,5,-11,5,-9,4,-9,3,-8,5,-10,4,-10,1,-10,2,-10,2,-9,1,-7,2,-10,-1,-8,3,-11,4,-11,3,-9,0,0,2,-11,4,-11,5,-11,3,-14,1,-10,3,-10,2,-11,1,-9,3,-12,2,-9,6,-10,3,-8,4,-10,3,-8,4,-8,6,-7,6,-8,4,-8,3,-5,3,-7,3,-5,4,-6,4,-5,5,-5,4,-5,4,-5,0,0,0,0,0,0,0,0,0,0]"
[0;32mI (1389) csi_recv: compensate_gain 1.000000, agc_gain 0, fft_gain -18[0m
CSI_DATA,35933,14:c1:9f:28:c1:a0,-9,11,1,0,1,1,1,0,0,0,0,-97,0,11,2,1386946,0,47,0,128,0,"[0,0,0,0,0,0,0,0,0,0,0,0,-10,-7,-9,-6,-13,-7,-11,-8,-10,-5,-8,-5,-9,-5,-8,-3,-9,-4,-10,-2,-10,-6,-11,-4,-10,-5,-10,-3,-8,-2,-11,-4,-10,-3,-10,0,-10,-1,-9,-1,-7,0,-10,-1,-8,1,-11,-2,-12,-2,-10,-2,0,0,-11,0,-12,-3,-11,-3,-15,-1,-10,0,-10,-1,-12,-1,-9,0,-12,-1,-9,-2,-11,-5,-9,-3,-11,-3,-8,-3,-9,-4,-8,-5,-10,-5,-8,-3,-6,-3,-8,-3,-5,-3,-7,-4,-6,-4,-6,-6,-6,-4,-5,-5,0,0,0,0,0,0,0,0,0,0]"
[0;32mI (1399) csi_recv: compensate_gain 1.000000, agc_gain 0, fft_gain -18[0m
CSI_DATA,35934,14:c1:9f:28:c1:a0,-9,11,1,0,1,1,1,0,0,0,0,-97,0,11,2,1397966,0,47,0,128,0,"[0,0,0,0,0,0,0,0,0,0,0,0,-1,11,0,10,1,13,-1,12,1,10,0,9,0,9,1,7,0,9,3,8,0,10,2,11,1,9,2,9,2,7,2,10,3,9,4,7,4,8,3,7,3,5,4,8,5,5,4,9,4,10,3,9,0,0,5,9,3,10,3,11,6,12,5,8,3,9,4,9,4,7,4,10,3,7,1,11,2,8,2,10,2,8,0,8,-1,9,0,9,1,8,-1,6,1,7,-1,5,0,6,-1,6,-2,7,-1,6,-2,6,0,0,0,0,0,0,0,0,0,0]"
[0;32mI (1409) csi_recv: compensate_gain 1.000000, agc_gain 0, fft_gain -18[0m
CSI_DATA,35935,14:c1:9f:28:c1:a0,-9,11,1,0,1,1,1,0,0,0,0,-97,0,11,2,1408960,0,47,0,128,0,"[0,0,0,0,0,0,0,0,0,0,0,0,10,-4,9,-5,12,-6,12,-4,9,-5,8,-4,8,-5,6,-5,8,-5,6,-7,9,-5,9,-7,8,-5,7,-7,5,-6,8,-7,7,-7,5,-8,6,-8,5,-7,3,-6,6,-8,2,-8,7,-8,8,-8,6,-7,0,0,6,-9,8,-8,8,-8,8,-12,5,-9,6,-8,6,-9,4,-8,7,-10,5,-7,9,-7,6,-6,8,-8,6,-6,7,-5,8,-4,8,-5,6,-5,5,-3,5,-6,5,-3,5,-4,5,-3,7,-2,5,-3,6,-2,0,0,0,0,0,0,0,0,0,0]"
[0;32mI (1419) csi_recv: compensate_gain 1.000000, agc_gain 0, fft_gain -18[0m
CSI_DATA,35936,14:c1:9f:28:c1:a0,-9,11,1,0,1,1,1,0,0,0,0,-97,0,11,2,1419944,0,47,0,128,0,"[0,0,0,0,0,0,0,0,0,0,0,0,-5,-11,-5,-10,-7,-12,-5,-12,-6,-10,-5,-9,-5,-9,-5,-7,-5,-8,-7,-7,-5,-11,-7,-10,-6,-9,-7,-8,-6,-6,-8,-9,-7,-8,-9,-6,-8,-6,-8,-6,-6,-4,-8,-6,-8,-3,-9,-8,-9,-8,-7,-7,0,0,-10,-6,-8,-9,-8,-9,-12,-9,-9,-6,-8,-7,-9,-7,-8,-5,-10,-7,-7,-6,-7,-10,-6,-7,-8,-8,-6,-7,-6,-8,-4,-9,-6,-9,-6,-7,-4,-6,-6,-6,-3,-6,-4,-6,-3,-6,-2,-8,-3,-7,-2,-7,0,0,0,0,0,0,0,0,0,0]"
[0;32mI (1429) csi_recv: compensate_gain 1.000000, agc_gain 0, fft_gain -18[0m
CSI_DATA,35937,14:c1:9f:28:c1:a0,-9,11,1,0,1,1,1,0,0,0,0,-97,0,11,2,1430947,0,47,0,128,0,"[0,0,0,0,0,0,0,0,0,0,0,0,-9,7,-8,7,-10,9,-10,7,-8,7,-7,6,-7,7,-5,6,-7,6,-5,8,-8,7,-7,9,-7,7,-6,8,-4,7,-7,9,-5,8,-3,8,-4,9,-4,8,-2,6,-4,8,-1,7,-5,9,-6,10,-5,8,0,0,-4,10,-6,9,-7,9,-5,13,-3,9,-4,9,-4,10,-3,8,-5,10,-4,8,-7,8,-5,7,-6,9,-5,6,-6,6,-8,6,-7,6,-6,6,-5,4,-5,6,-5,3,-5,4,-5,4,-7,3,-6,3,-6,3,0,0,0,0,0,0,0,0,0,0]"
[0;32mI (1439) csi_recv: compensate_gain 1.000000, agc_gain 0, fft_gain -18[0m
CSI_DATA,35938,14:c1:9f:28:c1:a0,-9,11,1,0,1,1,1,0,0,0,0,-97,0,11,2,1441967,0,47,0,128,0,"[0,0,0,0,0,0,0,0,0,0,0,0,10,3,9,3,12,3,11,5,10,2,8,2,9,2,7,1,8,2,9,-1,10,3,11,1,9,1,9,0,7,-1,10,1,10,0,9,-2,9,-2,8,-1,6,-2,9,-2,6,-3,10,-1,11,-1,9,-1,0,0,10,-3,11,0,11,0,13,-3,9,-3,10,-1,10,-2,8,-2,11,-2,8,-1,11,2,8,0,10,0,8,0,8,2,8,3,9,3,8,1,5,1,7,1,5,2,6,2,5,2,6,3,5,2,5,3,0,0,0,0,0,0,0,0,0,0]"
[0;32mI (1449) csi_recv: compensate_gain 1.000000, agc_gain 0, fft_gain -18[0m
CSI_DATA,35939,14:c1:9f:28:c1:a0,-9,11,1,0,1,1,1,0,0,0,0,-97,0,11,2,1452969,0,47,0,128,0,"[0,0,0,0,0,0,0,0,0,0,0,0,3,-11,2,-10,2,-13,4,-12,1,-10,2,-9,2,-10,0,-8,1,-9,-1,-10,2,-11,0,-12,1,-10,-1,-10,-1,-8,0,-11,-1,-11,-3,-9,-3,-10,-2,-9,-2,-7,-2,-10,-4,-7,-2,-11,-2,-11,-1,-10,0,0,-4,-11,-1,-11,-1,-12,-4,-14,-3,-10,-2,-10,-3,-11,-3,-9,-3,-12,-2,-9,0,-11,-1,-9,-1,-11,-1,-9,0,-9,2,-10,1,-10,0,-9,0,-6,-1,-8,1,-6,0,-7,1,-6,2,-7,1,-6,2,-6,0,0,0,0,0,0,0,0,0,0]"
[0;32mI (1459) csi_recv: compensate_gain 1.000000, agc_gain 0, fft_gain -18[0m
CSI_DATA,35940,14:c1:9f:28:c1:a0,-9,11,1,0,1,1,1,0,0,0,0,-97,0,11,2,1463942,0,47,0,128,0,"[0,0,0,0,0,0,0,0,0,0,0,0,-11,-5,-10,-5,-13,-5,-12,-6,-10,-4,-9,-4,-10,-4,-8,-2,-9,-3,-10,0,-10,-5,-12,-3,-10,-3,-10,-1,-9,-1,-11,-2,-11,-1,-10,1,-10,1,-9,0,-7,1,-10,0,-7,2,-11,0,-12,-1,-10,-1,0,0,-11,1,-12,-1,-12,-1,-14,2,-10,2,-10,0,-11,1,-9,1,-12,1,-9,0,-11,-3,-9,-1,-11,-1,-9,-1,-9,-3,-9,-4,-10,-3,-9,-2,-6,-2,-8,-1,-6,-3,-7,-2,-6,-3,-7,-4,-6,-3,-6,-4,0,0,0,0,0,0,0,0,0,0]"
[0;32mI (1479) csi_recv: compensate_gain 1.000000, agc_gain 0, fft_gain -18[0m
CSI_DATA,35941,14:c1:9f:28:c1:a0,-9,11,1,0,1,1,1,0,0,0,0,-97,0,11,2,1474971,0,47,0,128,0,"[0,0,0,0,0,0,0,0,0,0,0,0,0,11,1,10,2,13,0,12,2,10,1,9,1,9,2,7,1,9,4,8,1,10,3,11,1,9,3,8,3,6,3,10,4,9,5,7,5,7,4,7,3,5,5,7,5,5,5,9,5,9,4,8,0,0,6,8,4,10,4,10,8,11,6,7,5,8,6,8,5,6,6,9,4,7,3,11,3,8,4,9,3,7,2,8,0,9,1,9,2,7,1,5,2,7,0,5,1,6,0,6,-1,7,0,6,-1,6,0,0,0,0,0,0,0,0,0,0]"
[0;32mI (1489) csi_recv: compensate_gain 1.000000, agc_gain 0, fft_gain -18[0m
CSI_DATA,35942,14:c1:9f:28:c1:a0,-9,11,1,0,1,1,1,0,0,0,0,-97,0,11,2,1485973,0,47,0,128,0,"[0,0,0,0,0,0,0,0,0,0,0,0,10,-4,9,-4,12,-5,12,-3,9,-4,8,-3,8,-4,6,-4,8,-4,7,-6,10,-4,10,-6,9,-4,8,-6,6,-6,9,-6,8,-6,6,-7,7,-7,6,-6,4,-5,6,-7,3,-7,8,-7,8,-7,7,-6,0,0,7,-9,9,-7,9,-7,9,-11,6,-8,7,-7,7,-8,5,-7,8,-9,6,-6,10,-5,7,-5,9,-6,7,-5,7,-4,9,-3,9,-4,7,-4,5,-3,6,-4,5,-2,6,-3,5,-2,7,-1,6,-2,6,-1,0,0,0,0,0,0,0,0,0,0]"
[0;32mI (1499) csi_recv: compensate_gain 1.000000, agc_gain 0, fft_gain -18[0m
CSI_DATA,35943,14:c1:9f:28:c1:a0,-9,11,1,0,1,1,1,0,0,0,0,-97,0,11,2,1496966,0,47,0,128,0,"[0,0,0,0,0,0,0,0,0,0,0,0,-4,-11,-4,-9,-6,-12,-4,-12,-5,-9,-4,-8,-4,-9,-4,-7,-4,-8,-6,-7,-4,-10,-7,-10,-5,-9,-6,-8,-5,-6,-6,-9,-6,-8,-8,-6,-7,-6,-7,-6,-5,-4,-7,-7,-7,-4,-8,-8,-7,-8,-6,-7,0,0,-8,-7,-7,-9,-7,-9,-11,-9,-8,-6,-7,-7,-8,-8,-7,-6,-8,-8,-6,-7,-6,-10,-5,-7,-6,-9,-5,-7,-4,-8,-3,-9,-4,-9,-4,-7,-2,-6,-4,-7,-2,-6,-3,-7,-2,-6,-1,-7,-2,-6,-2,-6,0,0,0,0,0,0,0,0,0,0]"
[0;32mI (1509) csi_recv: compensate_gain 1.000000, agc_gain 0, fft_gain -18[0m
CSI_DATA,35944,14:c1:9f:28:c1:a0,-9,11,1,0,1,1,1,0,0,0,0,-97,0,11,2,1507952,0,47,0,128,0,"[0,0,0,0,0,0,0,0,0,0,0,0,-11,4,-10,4,-12,6,-12,5,-9,5,-9,4,-9,5,-6,4,-8,4,-7,7,-10,5,-9,7,-9,5,-7,6,-6,5,-9,7,-7,7,-5,8,-6,8,-5,7,-4,5,-6,7,-3,7,-7,8,-8,8,-7,7,0,0,-6,9,-8,8,-9,8,-8,12,-5,8,-6,8,-6,9,-5,7,-7,9,-6,7,-9,7,-7,6,-8,7,-6,6,-7,5,-9,4,-9,5,-7,5,-5,3,-6,5,-5,3,-6,3,-6,3,-8,2,-6,2,-7,2,0,0,0,0,0,0,0,0,0,0]"
[0;32mI (1519) csi_recv: compensate_gain 1.000000, agc_gain 0, fft_gain -18[0m
CSI_DATA,35945,14:c1:9f:28:c1:a0,-9,11,1,0,1,1,1,0,0,0,0,-97,0,11,2,1518954,0,47,0,128,0,"[0,0,0,0,0,0,0,0,0,0,0,0,4,10,4,9,6,11,4,12,5,8,3,8,4,8,4,6,4,8,6,6,4,9,6,9,5,8,6,7,5,5,6,8,7,7,7,5,7,6,6,5,5,3,7,6,6,2,8,7,8,7,6,6,0,0,9,6,7,8,7,8,11,8,8,5,7,6,8,6,7,5,9,7,6,5,6,9,5,6,7,8,5,6,4,7,3,9,4,8,4,6,2,5,4,6,2,5,3,6,2,5,1,7,2,6,1,6,0,0,0,0,0,0,0,0,0,0]"
[0;32mI (1529) csi_recv: compensate_gain 1.000000, agc_gain 0, fft_gain -18[0m
CSI_DATA,35946,14:c1:9f:28:c1:a0,-9,11,1,0,1,1,1,0,0,0,0,-97,0,11,2,1529949,0,47,0,128,0,"[0,0,0,0,0,0,0,0,0,0,0,0,9,-5,8,-5,11,-6,11,-5,8,-5,7,-4,8,-5,5,-5,7,-5,6,-7,9,-5,8,-7,8,-5,6,-6,5,-6,8,-7,7,-7,4,-8,5,-8,5,-7,3,-6,5,-7,2,-7,7,-8,7,-8,6,-7,0,0,5,-9,8,-8,8,-7,7,-11,5,-8,6,-8,6,-9,4,-7,7,-9,5,-7,8,-6,6,-6,8,-7,6,-5,7,-5,8,-4,8,-5,6,-5,5,-3,5,-5,4,-3,5,-4,5,-3,6,-2,5,-2,6,-2,0,0,0,0,0,0,0,0,0,0]"
[0;32mI (1539) csi_recv: compensate_gain 1.000000, agc_gain 0, fft_gain -18[0m
CSI_DATA,35947,14:c1:9f:28:c1:a0,-9,11,1,0,1,1,1,0,0,0,0,-97,0,11,2,1540973,0,47,0,128,0,"[0,0,0,0,0,0,0,0,0,0,0,0,-6,-10,-6,-9,-8,-11,-7,-12,-7,-8,-6,-8,-6,-9,-6,-6,-6,-8,-8,-6,-6,-10,-9,-9,-7,-8,-8,-7,-7,-5,-8,-8,-9,-7,-9,-5,-9,-5,-8,-5,-6,-4,-9,-6,-8,-2,-9,-7,-9,-7,-8,-7,0,0,-10,-6,-9,-8,-9,-8,-13,-7,-10,-5,-9,-6,-10,-6,-8,-5,-10,-7,-8,-6,-8,-9,-7,-6,-8,-8,-7,-6,-6,-7,-5,-9,-6,-8,-6,-7,-4,-5,-6,-6,-3,-5,-4,-6,-4,-6,-3,-7,-3,-6,-3,-7,0,0,0,0,0,0,0,0,0,0]"
[0;32mI (1549) csi_recv: compensate_gain 1.029201, agc_gain 0, fft_gain -19[0m
CSI_DATA,35948,14:c1:9f:28:c1:a0,-9,11,1,0,1,1,1,0,0,0,0,-97,0,11,2,1551966,0,47,0,128,0,"[0,0,0,0,0,0,0,0,0,0,0,0,-11,3,-10,4,-12,5,-13,3,-9,4,-9,3,-9,4,-7,4,-9,3,-7,6,-10,3,-10,6,-9,4,-8,5,-6,5,-9,5,-8,6,-6,7,-7,7,-6,6,-5,4,-7,6,-4,6,-8,7,-9,7,-8,6,0,0,-7,8,-9,6,-10,6,-9,10,-7,7,-7,6,-8,7,-6,6,-8,8,-6,5,-10,5,-8,4,-9,5,-8,4,-8,3,-10,2,-9,3,-8,4,-6,2,-7,4,-6,1,-7,2,-6,1,-8,0,-7,1,-7,0,0,0,0,0,0,0,0,0,0,0]"
[0;32mI (1559) csi_recv: compensate_gain 1.000000, agc_gain 0, fft_gain -18[0m
CSI_DATA,35949,14:c1:9f:28:c1:a0,-9,11,1,0,1,1,1,0,0,0,0,-97,0,11,2,1562959,0,47,0,128,0,"[0,0,0,0,0,0,0,0,0,0,0,0,3,10,3,9,5,12,3,12,4,9,3,8,3,9,3,6,3,8,5,7,3,10,5,10,3,9,5,8,4,6,5,9,5,8,6,6,6,6,5,6,4,4,6,7,6,3,6,8,6,8,5,7,0,0,7,7,6,9,5,9,9,10,7,6,6,7,7,8,5,6,7,9,5,7,4,10,4,7,5,9,4,7,3,8,1,9,2,9,3,7,1,5,3,7,0,5,1,6,1,6,-1,7,0,6,0,6,0,0,0,0,0,0,0,0,0,0]"
[0;32mI (1569) csi_recv: compensate_gain 1.000000, agc_gain 0, fft_gain -18[0m
CSI_DATA,35950,14:c1:9f:28:c1:a0,-9,11,1,0,1,1,1,0,0,0,0,-97,0,11,2,1573970,0,47,0,128,0,"[0,0,0,0,0,0,0,0,0,0,0,0,10,-5,9,-4,11,-6,11,-4,9,-5,7,-4,8,-5,6,-4,8,-4,6,-7,9,-4,9,-7,8,-5,7,-6,5,-6,8,-7,7,-7,5,-8,5,-8,5,-7,4,-5,6,-8,2,-7,7,-8,8,-8,6,-7,0,0,6,-9,8,-8,8,-7,8,-12,5,-8,6,-8,6,-9,5,-7,7,-9,5,-7,9,-6,6,-6,8,-7,6,-5,7,-5,8,-4,8,-4,6,-5,5,-3,6,-5,5,-3,5,-4,5,-3,7,-2,6,-2,6,-2,0,0,0,0,0,0,0,0,0,0]"
[0;32mI (1589) csi_recv: compensate_gain 1.000000, agc_gain 0, fft_gain -18[0m
CSI_DATA,35951,14:c1:9f:28:c1:a0,-9,11,1,0,1,1,1,0,0,0,0,-97,0,11,2,1584945,0,47,0,128,0,"[0,0,0,0,0,0,0,0,0,0,0,0,-2,-12,-2,-11,-3,-13,-2,-13,-3,-10,-2,-9,-3,-10,-3,-7,-3,-9,-5,-8,-2,-11,-4,-11,-3,-10,-4,-9,-4,-7,-4,-11,-5,-9,-6,-8,-6,-8,-5,-7,-4,-5,-6,-8,-6,-5,-6,-10,-6,-10,-5,-9,0,0,-7,-9,-5,-10,-5,-10,-9,-12,-7,-8,-6,-9,-7,-9,-6,-7,-7,-10,-5,-8,-4,-11,-4,-8,-5,-10,-4,-8,-3,-9,-1,-10,-2,-10,-3,-8,-2,-6,-3,-8,-1,-6,-2,-7,-1,-7,0,-8,0,-7,0,-7,0,0,0,0,0,0,0,0,0,0]"
[0;32mI (1599) csi_recv: compensate_gain 1.000000, agc_gain 0, fft_gain -18[0m
CSI_DATA,35952,14:c1:9f:28:c1:a0,-9,11,1,0,1,1,1,0,0,0,0,-97,0,11,2,1595956,0,47,0,128,0,"[0,0,0,0,0,0,0,0,0,0,0,0,-12,1,-11,1,-14,2,-13,1,-11,2,-9,1,-10,2,-7,2,-9,2,-8,4,-11,1,-11,4,-10,2,-9,4,-7,4,-10,4,-9,4,-7,6,-8,6,-7,5,-5,4,-8,5,-5,6,-10,6,-10,5,-9,4,0,0,-8,7,-11,5,-11,5,-11,9,-8,7,-8,5,-9,6,-7,5,-10,7,-7,5,-11,4,-8,4,-10,5,-8,4,-9,3,-10,1,-10,2,-8,3,-6,1,-8,3,-6,1,-7,1,-7,1,-8,0,-7,0,-7,0,0,0,0,0,0,0,0,0,0,0]"
[0;32mI (1609) csi_recv: compensate_gain 1.000000, agc_gain 0, fft_gain -18[0m
CSI_DATA,35953,14:c1:9f:28:c1:a0,-9,11,1,0,1,1,1,0,0,0,0,-97,0,11,2,1606960,0,47,0,128,0,"[0,0,0,0,0,0,0,0,0,0,0,0,0,11,0,10,1,13,-1,12,1,10,0,8,1,9,1,7,1,9,3,8,0,10,3,11,1,9,3,8,3,6,3,10,3,9,5,7,5,8,4,7,3,5,4,8,5,5,4,9,4,10,3,8,0,0,6,8,4,10,3,10,8,11,5,7,4,8,5,9,4,7,6,10,4,8,2,10,2,7,3,10,2,7,1,8,0,9,1,9,2,7,0,5,2,7,0,5,1,6,0,6,-1,7,0,6,-1,6,0,0,0,0,0,0,0,0,0,0]"
[0;32mI (1619) csi_recv: compensate_gain 1.000000, agc_gain 0, fft_gain -18[0m
CSI_DATA,35954,14:c1:9f:28:c1:a0,-9,11,1,0,1,1,1,0,0,0,0,-97,0,11,2,1617944,0,47,0,128,0,"[0,0,0,0,0,0,0,0,0,0,0,0,10,3,9,2,13,3,12,4,10,2,8,2,9,2,7,0,8,1,9,-1,10,3,11,0,9,1,9,0,7,-1,10,0,10,-1,9,-3,9,-2,8,-2,6,-2,9,-2,6,-4,10,-2,11,-1,9,-1,0,0,10,-3,11,-1,11,0,14,-4,9,-3,9,-2,10,-3,8,-2,11,-3,8,-2,11,1,8,0,10,0,8,0,8,1,8,2,9,2,8,0,5,1,7,0,5,1,6,1,6,2,6,3,5,2,5,2,0,0,0,0,0,0,0,0,0,0]"
[0;32mI (1629) csi_recv: compensate_gain 1.000000, agc_gain 0, fft_gain -18[0m
CSI_DATA,35955,14:c1:9f:28:c1:a0,-9,11,1,0,1,1,1,0,0,0,0,-97,0,11,2,1628955,0,47,0,128,0,"[0,0,0,0,0,0,0,0,0,0,0,0,3,-11,3,-11,3,-13,4,-12,2,-10,2,-9,2,-10,0,-8,2,-9,-1,-10,3,-11,1,-12,2,-10,0,-10,-1,-8,1,-11,0,-11,-3,-10,-2,-10,-2,-9,-2,-7,-2,-10,-4,-7,-1,-11,-1,-12,-1,-10,0,0,-3,-11,0,-12,0,-12,-3,-14,-3,-10,-1,-10,-2,-11,-2,-9,-2,-12,-1,-9,1,-12,0,-9,0,-11,0,-9,1,-9,3,-9,2,-10,1,-9,1,-6,1,-8,2,-6,1,-7,2,-6,3,-7,2,-6,3,-6,0,0,0,0,0,0,0,0,0,0]"
[0;32mI (1639) csi_recv: compensate_gain 1.000000, agc_gain 0, fft_gain -18[0m
CSI_DATA,35956,14:c1:9f:28:c1:a0,-9,11,1,0,1,1,1,0,0,0,0,-97,0,11,2,1639968,0,47,0,128,0,"[0,0,0,0,0,0,0,0,0,0,0,0,-11,-5,-10,-4,-13,-5,-12,-6,-11,-3,-9,-4,-10,-3,-8,-2,-9,-3,-10,-1,-10,-5,-12,-3,-10,-3,-10,-1,-8,-1,-11,-2,-11,-1,-10,1,-10,1,-9,1,-7,1,-10,1,-7,2,-11,0,-12,0,-10,-1,0,0,-11,2,-12,-1,-12,-1,-15,2,-10,2,-10,1,-11,1,-9,1,-12,1,-9,1,-11,-2,-9,-1,-11,-1,-9,-1,-9,-2,-9,-4,-10,-3,-9,-2,-6,-2,-8,-1,-6,-2,-7,-2,-7,-3,-7,-4,-6,-3,-6,-4,0,0,0,0,0,0,0,0,0,0]"
[0;32mI (1649) csi_recv: compensate_gain 1.000000, agc_gain 0, fft_gain -18[0m
CSI_DATA,35957,14:c1:9f:28:c1:a0,-9,11,1,0,1,1,1,0,0,0,0,-97,0,11,2,1650961,0,47,0,128,0,"[0,0,0,0,0,0,0,0,0,0,0,0,-8,7,-8,7,-9,10,-10,8,-7,8,-7,6,-7,7,-5,6,-6,7,-4,8,-8,7,-7,9,-7,7,-5,8,-4,7,-6,9,-5,9,-2,9,-3,9,-3,8,-2,6,-3,8,0,7,-4,10,-5,10,-4,8,0,0,-3,10,-5,10,-6,10,-4,14,-2,10,-4,9,-4,10,-3,8,-4,11,-3,8,-7,9,-5,7,-5,9,-4,7,-5,7,-7,7,-7,7,-5,7,-4,4,-4,7,-4,4,-5,5,-5,4,-6,4,-5,4,-6,4,0,0,0,0,0,0,0,0,0,0]"
[0;32mI (1659) csi_recv: compensate_gain 1.000000, agc_gain 0, fft_gain -18[0m
CSI_DATA,35958,14:c1:9f:28:c1:a0,-9,11,1,0,1,1,1,0,0,0,0,-97,0,11,2,1661959,0,47,0,128,0,"[0,0,0,0,0,0,0,0,0,0,0,0,6,9,6,8,8,10,7,10,6,7,5,7,6,7,5,5,6,6,7,4,6,8,8,7,6,7,7,5,6,4,8,7,8,5,8,3,9,4,7,3,6,2,8,4,7,1,9,5,9,5,7,5,0,0,10,4,9,6,9,7,12,5,9,3,8,4,9,4,7,3,10,5,7,4,8,7,6,5,8,6,6,5,5,6,5,7,6,7,6,5,3,4,5,5,3,4,4,5,3,5,3,6,3,5,2,5,0,0,0,0,0,0,0,0,0,0]"
[0;32mI (1669) csi_recv: compensate_gain 1.000000, agc_gain 0, fft_gain -18[0m
CSI_DATA,35959,14:c1:9f:28:c1:a0,-9,11,1,0,1,1,1,0,0,0,0,-97,0,11,2,1672970,0,47,0,128,0,"[0,0,0,0,0,0,0,0,0,0,0,0,10,-5,9,-5,12,-7,11,-5,9,-6,7,-5,8,-5,6,-5,8,-5,6,-7,9,-5,9,-8,8,-6,7,-7,5,-6,8,-7,7,-7,5,-8,5,-8,5,-7,4,-6,6,-8,2,-7,7,-8,7,-9,6,-7,0,0,6,-9,8,-8,8,-8,8,-12,5,-9,6,-8,7,-9,5,-7,7,-9,6,-7,9,-7,6,-6,8,-7,6,-6,7,-5,8,-4,8,-5,6,-5,5,-3,6,-5,5,-3,6,-4,5,-3,7,-2,6,-3,6,-2,0,0,0,0,0,0,0,0,0,0]"
[0;32mI (1679) csi_recv: compensate_gain 1.000000, agc_gain 0, fft_gain -18[0m
CSI_DATA,35960,14:c1:9f:28:c1:a0,-9,11,1,0,1,1,1,0,0,0,0,-97,0,11,2,1683954,0,47,0,128,0,"[0,0,0,0,0,0,0,0,0,0,0,0,0,-12,-1,-11,-1,-14,0,-13,-2,-11,-1,-10,-1,-10,-2,-8,-1,-10,-4,-9,-1,-11,-3,-12,-2,-10,-3,-10,-3,-8,-3,-11,-4,-10,-6,-8,-6,-9,-5,-8,-4,-6,-5,-9,-6,-6,-5,-10,-5,-11,-4,-9,0,0,-7,-10,-5,-11,-4,-11,-8,-12,-6,-9,-5,-9,-6,-10,-5,-8,-6,-11,-5,-8,-3,-12,-3,-8,-4,-10,-3,-8,-2,-9,-1,-10,-2,-10,-3,-9,-1,-6,-3,-8,-1,-6,-1,-7,-1,-7,0,-8,-1,-7,0,-7,0,0,0,0,0,0,0,0,0,0]"
[0;32mI (1699) csi_recv: compensate_gain 1.000000, agc_gain 0, fft_gain -18[0m
CSI_DATA,35961,14:c1:9f:28:c1:a0,-9,11,1,0,1,1,1,0,0,0,0,-97,0,11,2,1694956,0,47,0,128,0,"[0,0,0,0,0,0,0,0,0,0,0,0,-11,-6,-10,-5,-13,-6,-12,-7,-10,-4,-9,-4,-9,-4,-8,-2,-9,-4,-10,-1,-10,-5,-12,-4,-10,-4,-10,-2,-8,-1,-11,-3,-10,-2,-10,0,-10,0,-9,-1,-7,0,-10,-1,-8,1,-11,-1,-12,-2,-10,-2,0,0,-11,0,-12,-3,-11,-3,-15,-1,-10,0,-10,-1,-12,-1,-9,0,-12,-1,-9,-1,-11,-4,-9,-3,-11,-3,-9,-3,-8,-4,-8,-6,-9,-5,-8,-3,-6,-3,-8,-3,-6,-3,-7,-4,-6,-4,-6,-6,-6,-4,-5,-5,0,0,0,0,0,0,0,0,0,0]"
[0;32mI (1709) csi_recv: compensate_gain 1.000000, agc_gain 0, fft_gain -18[0m
CSI_DATA,35962,14:c1:9f:28:c1:a0,-9,11,1,0,1,1,1,0,0,0,0,-97,0,11,2,1706005,0,47,0,128,0,"[0,0,0,0,0,0,0,0,0,0,0,0,-2,11,-2,10,-2,13,-3,12,-1,10,-1,9,-2,9,0,7,-1,9,1,8,-2,10,0,11,-1,9,1,9,1,7,0,10,1,10,4,8,3,9,2,7,2,6,2,8,4,6,2,10,2,11,1,9,0,0,4,10,1,11,1,11,5,13,3,9,2,9,3,10,3,8,3,11,2,8,0,11,1,8,1,10,1,8,-1,8,-2,9,-1,9,0,8,-1,6,0,7,-1,5,-1,6,-2,6,-3,6,-2,6,-2,6,0,0,0,0,0,0,0,0,0,0]"
[0;32mI (1719) csi_recv: compensate_gain 1.000000, agc_gain 0, fft_gain -18[0m
CSI_DATA,35963,14:c1:9f:28:c1:a0,-9,11,1,0,1,1,1,0,0,0,0,-97,0,11,2,1716964,0,47,0,128,0,"[0,0,0,0,0,0,0,0,0,0,0,0,6,9,6,8,8,10,6,10,6,7,5,7,5,7,5,5,5,7,7,5,6,9,8,8,6,7,7,5,6,4,7,7,8,6,8,4,8,4,7,4,5,2,8,4,7,1,9,6,9,6,7,5,0,0,9,4,9,7,8,7,12,6,9,3,8,5,9,5,7,3,10,5,7,4,7,8,6,5,8,7,6,5,5,6,4,8,5,7,5,6,3,4,5,5,3,4,4,5,3,5,2,6,2,5,2,5,0,0,0,0,0,0,0,0,0,0]"
[0;32mI (1729) csi_recv: compensate_gain 1.000000, agc_gain 0, fft_gain -18[0m
CSI_DATA,35964,14:c1:9f:28:c1:a0,-9,11,1,0,1,1,1,0,0,0,0,-97,0,11,2,1727957,0,47,0,128,0,"[0,0,0,0,0,0,0,0,0,0,0,0,11,-2,10,-2,13,-3,12,-1,10,-3,8,-2,9,-2,7,-3,8,-2,8,-5,10,-2,10,-4,9,-3,8,-4,6,-4,10,-4,9,-5,7,-7,7,-6,7,-5,5,-5,7,-6,4,-6,9,-6,9,-6,8,-5,0,0,8,-8,10,-6,10,-5,10,-9,7,-7,8,-6,8,-7,6,-6,9,-7,7,-6,10,-4,7,-4,9,-5,7,-4,8,-3,9,-2,9,-3,7,-4,5,-2,7,-4,5,-1,6,-2,6,-1,7,0,6,-1,6,-1,0,0,0,0,0,0,0,0,0,0]"
[0;32mI (1739) csi_recv: compensate_gain 1.000000, agc_gain 0, fft_gain -18[0m
CSI_DATA,35965,14:c1:9f:28:c1:a0,-9,11,1,0,1,1,1,0,0,0,0,-97,0,11,2,1738972,0,47,0,128,0,"[0,0,0,0,0,0,0,0,0,0,0,0,0,-12,0,-11,-1,-14,1,-13,-1,-11,0,-10,0,-10,-1,-8,0,-10,-3,-9,0,-11,-3,-12,-1,-10,-3,-10,-3,-8,-2,-11,-3,-11,-5,-9,-4,-9,-3,-9,-3,-6,-4,-10,-5,-6,-4,-11,-4,-11,-3,-10,0,0,-5,-10,-3,-12,-2,-12,-6,-13,-5,-9,-3,-10,-4,-11,-4,-8,-4,-12,-3,-9,-1,-12,-2,-9,-2,-11,-2,-9,0,-9,1,-10,0,-10,-1,-9,0,-6,-1,-8,1,-6,0,-7,0,-7,2,-7,1,-7,2,-7,0,0,0,0,0,0,0,0,0,0]"
[0;32mI (1749) csi_recv: compensate_gain 1.000000, agc_gain 0, fft_gain -18[0m
CSI_DATA,35966,14:c1:9f:28:c1:a0,-9,11,1,0,1,1,1,0,0,0,0,-97,0,11,2,1749947,0,47,0,128,0,"[0,0,0,0,0,0,0,0,0,0,0,0,-9,-8,-9,-7,-12,-8,-10,-9,-10,-6,-8,-6,-9,-6,-7,-4,-8,-5,-9,-3,-9,-7,-11,-6,-9,-6,-10,-4,-8,-3,-10,-5,-10,-4,-10,-1,-10,-2,-9,-2,-7,-1,-10,-2,-8,0,-11,-3,-11,-4,-10,-3,0,0,-11,-2,-11,-4,-11,-4,-15,-2,-10,-1,-10,-3,-11,-2,-9,-2,-12,-2,-9,-3,-10,-6,-8,-4,-11,-4,-8,-4,-8,-5,-8,-6,-9,-6,-8,-4,-5,-4,-8,-4,-5,-4,-6,-4,-5,-4,-5,-6,-5,-5,-5,-5,0,0,0,0,0,0,0,0,0,0]"
[0;32mI (1759) csi_recv: compensate_gain 1.000000, agc_gain 0, fft_gain -18[0m
CSI_DATA,35967,14:c1:9f:28:c1:a0,-9,11,1,0,1,1,1,0,0,0,0,-97,0,11,2,1760961,0,47,0,128,0,"[0,0,0,0,0,0,0,0,0,0,0,0,-9,7,-8,7,-10,9,-10,7,-7,7,-7,6,-7,7,-5,6,-7,6,-5,8,-8,7,-7,9,-7,7,-5,8,-4,7,-6,9,-5,8,-3,9,-3,9,-3,8,-2,6,-3,9,-1,7,-5,10,-5,10,-5,8,0,0,-3,10,-5,10,-6,9,-4,14,-2,9,-4,9,-3,10,-2,8,-4,11,-3,8,-7,9,-4,7,-6,9,-4,7,-5,7,-7,6,-7,7,-5,7,-4,4,-4,7,-4,4,-5,5,-5,4,-6,4,-5,4,-6,4,0,0,0,0,0,0,0,0,0,0]"
[0;32mI (1769) csi_recv: compensate_gain 1.000000, agc_gain 0, fft_gain -18[0m
CSI_DATA,35968,14:c1:9f:28:c1:a0,-9,11,1,0,1,1,1,0,0,0,0,-97,0,11,2,1771945,0,47,0,128,0,"[0,0,0,0,0,0,0,0,0,0,0,0,2,10,3,10,4,12,2,12,3,9,2,8,3,9,3,6,3,8,5,7,3,10,5,10,3,9,5,7,4,6,5,9,5,8,6,6,6,7,5,6,4,4,6,7,6,4,6,8,6,9,5,7,0,0,7,7,5,9,5,9,9,10,7,6,6,7,7,8,5,6,7,9,5,6,4,10,4,7,5,9,4,7,2,8,1,9,2,9,3,7,1,5,3,7,1,5,1,6,1,6,0,7,0,6,0,6,0,0,0,0,0,0,0,0,0,0]"
[0;32mI (1779) csi_recv: compensate_gain 1.000000, agc_gain 0, fft_gain -18[0m
CSI_DATA,35969,14:c1:9f:28:c1:a0,-9,11,1,0,1,1,1,0,0,0,0,-97,0,11,2,1782947,0,47,0,128,0,"[0,0,0,0,0,0,0,0,0,0,0,0,10,3,9,2,13,2,11,4,10,1,8,2,9,2,7,0,8,1,9,-1,10,2,11,0,10,1,9,-1,7,-1,10,0,9,-1,9,-3,9,-3,8,-2,6,-2,9,-3,6,-4,10,-2,11,-2,9,-1,0,0,10,-4,11,-1,11,-1,13,-4,9,-4,9,-2,10,-3,8,-3,11,-3,8,-2,11,1,8,-1,10,-1,8,-1,8,1,8,2,9,1,8,0,5,1,7,0,5,1,6,1,6,1,6,3,5,2,5,2,0,0,0,0,0,0,0,0,0,0]"
[0;32mI (1789) csi_recv: compensate_gain 1.000000, agc_gain 0, fft_gain -18[0m
CSI_DATA,35970,14:c1:9f:28:c1:a0,-9,11,1,0,1,1,1,0,0,0,0,-97,0,11,2,1793940,0,47,0,128,0,"[0,0,0,0,0,0,0,0,0,0,0,0,7,-9,6,-9,8,-11,8,-10,5,-9,5,-8,5,-8,3,-7,5,-8,2,-9,6,-9,4,-11,5,-9,3,-9,2,-8,4,-11,3,-10,1,-10,1,-10,1,-9,1,-7,2,-10,-1,-8,2,-11,3,-11,2,-10,0,0,1,-11,4,-11,4,-11,2,-15,1,-10,2,-10,2,-11,1,-9,2,-12,2,-9,5,-10,3,-8,4,-11,3,-8,4,-8,6,-7,5,-8,3,-8,3,-5,3,-8,3,-5,3,-6,3,-5,5,-5,4,-5,4,-5,0,0,0,0,0,0,0,0,0,0]"
[0;32mI (1809) csi_recv: compensate_gain 1.000000, agc_gain 0, fft_gain -18[0m
CSI_DATA,35971,14:c1:9f:28:c1:a0,-9,11,1,0,1,1,1,0,0,0,0,-97,0,11,2,1804942,0,47,0,128,0,"[0,0,0,0,0,0,0,0,0,0,0,0,-5,-11,-5,-10,-7,-12,-5,-12,-6,-9,-5,-8,-5,-9,-5,-6,-5,-8,-7,-6,-5,-10,-8,-9,-6,-9,-7,-7,-6,-6,-7,-9,-7,-8,-8,-5,-8,-6,-7,-5,-6,-4,-8,-6,-7,-3,-8,-7,-8,-8,-7,-7,0,0,-9,-6,-8,-8,-8,-9,-12,-8,-9,-6,-8,-7,-9,-7,-8,-5,-9,-7,-7,-6,-7,-9,-6,-7,-7,-8,-6,-7,-5,-8,-4,-9,-5,-9,-5,-7,-3,-6,-5,-7,-3,-6,-4,-6,-3,-6,-2,-7,-3,-6,-2,-7,0,0,0,0,0,0,0,0,0,0]"
[0;32mI (1819) csi_recv: compensate_gain 1.000000, agc_gain 0, fft_gain -18[0m
CSI_DATA,35972,14:c1:9f:28:c1:a0,-9,11,1,0,1,1,1,0,0,0,0,-97,0,11,2,1815971,0,47,0,128,0,"[0,0,0,0,0,0,0,0,0,0,0,0,-11,4,-10,4,-12,5,-13,4,-10,4,-9,3,-9,4,-7,4,-9,4,-7,6,-10,4,-10,6,-9,4,-8,6,-6,5,-9,6,-8,6,-6,7,-7,7,-6,6,-4,5,-6,7,-3,6,-8,8,-8,7,-7,6,0,0,-6,9,-9,7,-9,7,-8,11,-6,8,-7,7,-7,8,-5,7,-8,9,-6,6,-9,6,-7,5,-9,7,-7,5,-8,4,-9,3,-9,4,-7,5,-6,3,-6,5,-6,2,-6,3,-6,2,-8,1,-6,2,-7,1,0,0,0,0,0,0,0,0,0,0]"
[0;32mI (1829) csi_recv: compensate_gain 1.000000, agc_gain 0, fft_gain -18[0m
CSI_DATA,35973,14:c1:9f:28:c1:a0,-9,11,1,0,1,1,1,0,0,0,0,-97,0,11,2,1826973,0,47,0,128,0,"[0,0,0,0,0,0,0,0,0,0,0,0,-2,11,-2,10,-2,13,-3,12,-1,10,-2,9,-2,9,0,7,-1,9,2,9,-2,10,0,11,-1,9,1,9,1,7,1,11,1,9,3,8,3,9,2,8,2,6,3,8,4,6,2,10,2,10,1,9,0,0,4,10,2,11,1,11,5,13,4,8,2,9,3,10,3,7,3,11,2,8,0,11,1,8,1,10,1,8,0,8,-2,9,-1,9,0,8,-1,5,0,7,-1,5,-1,6,-1,6,-3,6,-2,6,-2,6,0,0,0,0,0,0,0,0,0,0]"
[0;32mI (1839) csi_recv: compensate_gain 1.000000, agc_gain 0, fft_gain -18[0m
CSI_DATA,35974,14:c1:9f:28:c1:a0,-9,11,1,0,1,1,1,0,0,0,0,-97,0,11,2,1837994,0,47,0,128,0,"[0,0,0,0,0,0,0,0,0,0,0,0,9,4,9,4,12,4,11,5,9,3,8,3,8,3,7,1,8,3,9,0,9,3,11,2,9,2,9,0,7,0,10,1,9,0,8,-2,9,-1,8,-1,6,-1,9,-1,6,-3,10,-1,11,0,9,0,0,0,10,-2,10,1,11,1,13,-2,9,-2,9,-1,10,-1,8,-1,11,-1,8,-1,10,2,8,0,10,1,8,0,7,2,8,4,8,3,8,1,5,2,7,1,5,2,6,2,5,2,5,4,5,2,5,3,0,0,0,0,0,0,0,0,0,0]"
[0;32mI (1849) csi_recv: compensate_gain 1.000000, agc_gain 0, fft_gain -18[0m
CSI_DATA,35975,14:c1:9f:28:c1:a0,-9,11,1,0,1,1,1,0,0,0,0,-97,0,11,2,1848958,0,47,0,128,0,"[0,0,0,0,0,0,0,0,0,0,0,0,10,-5,9,-5,12,-6,12,-4,9,-5,8,-4,8,-5,6,-5,8,-5,6,-7,9,-4,9,-7,8,-5,7,-6,5,-6,8,-7,7,-7,5,-8,6,-8,5,-7,4,-5,6,-7,3,-7,7,-8,8,-8,6,-7,0,0,6,-9,8,-8,9,-7,8,-11,5,-9,7,-7,7,-9,5,-7,7,-9,6,-7,9,-6,7,-6,8,-7,6,-5,7,-5,8,-3,9,-4,7,-5,5,-3,6,-5,5,-2,6,-3,5,-2,7,-1,6,-2,6,-2,0,0,0,0,0,0,0,0,0,0]"
[0;32mI (1859) csi_recv: compensate_gain 1.000000, agc_gain 0, fft_gain -18[0m
CSI_DATA,35976,14:c1:9f:28:c1:a0,-9,11,1,0,1,1,1,0,0,0,0,-97,0,11,2,1859971,0,47,0,128,0,"[0,0,0,0,0,0,0,0,0,0,0,0,-1,-12,-1,-11,-2,-13,0,-13,-2,-11,-1,-9,-2,-10,-3,-8,-2,-9,-4,-9,-1,-11,-3,-11,-2,-10,-3,-9,-3,-7,-3,-11,-4,-10,-6,-8,-5,-8,-5,-8,-4,-6,-5,-9,-6,-6,-5,-10,-5,-10,-4,-9,0,0,-6,-9,-4,-11,-4,-11,-7,-12,-6,-9,-4,-9,-6,-10,-5,-8,-6,-11,-4,-8,-2,-11,-3,-8,-3,-10,-3,-8,-2,-9,0,-10,-1,-10,-2,-9,-1,-6,-2,-8,0,-6,-1,-7,0,-7,1,-7,0,-7,1,-7,0,0,0,0,0,0,0,0,0,0]"
[0;32mI (1869) csi_recv: compensate_gain 1.000000, agc_gain 0, fft_gain -18[0m
CSI_DATA,35977,14:c1:9f:28:c1:a0,-9,11,1,0,1,1,1,0,0,0,0,-97,0,11,2,1870942,0,47,0,128,0,"[0,0,0,0,0,0,0,0,0,0,0,0,-9,-8,-9,-7,-11,-8,-10,-9,-9,-6,-8,-6,-8,-6,-7,-4,-8,-6,-9,-3,-9,-7,-11,-6,-9,-6,-9,-4,-8,-3,-10,-5,-10,-4,-10,-2,-10,-2,-9,-2,-7,-1,-10,-3,-8,0,-11,-3,-11,-4,-9,-4,0,0,-11,-2,-11,-4,-11,-5,-14,-3,-10,-2,-10,-3,-11,-2,-9,-2,-12,-3,-9,-3,-10,-6,-8,-4,-10,-5,-8,-4,-8,-5,-8,-7,-8,-6,-8,-4,-5,-4,-8,-4,-5,-4,-6,-4,-5,-4,-5,-6,-5,-5,-5,-5,0,0,0,0,0,0,0,0,0,0]"
[0;32mI (1879) csi_recv: compensate_gain 1.000000, agc_gain 0, fft_gain -18[0m
CSI_DATA,35978,14:c1:9f:28:c1:a0,-9,11,1,0,1,1,1,0,0,0,0,-97,0,11,2,1881962,0,47,0,128,0,"[0,0,0,0,0,0,0,0,0,0,0,0,-11,4,-10,4,-12,6,-12,4,-9,5,-9,4,-9,4,-6,4,-8,4,-7,6,-10,4,-10,6,-9,4,-8,6,-6,5,-9,6,-8,7,-6,7,-7,7,-6,6,-4,5,-6,7,-3,6,-8,7,-9,7,-7,6,0,0,-6,8,-9,7,-9,7,-9,11,-6,8,-7,7,-7,8,-6,7,-8,9,-6,6,-10,6,-7,5,-9,6,-7,5,-8,4,-9,3,-9,4,-7,4,-6,2,-7,4,-6,2,-6,3,-6,2,-8,1,-7,2,-7,1,0,0,0,0,0,0,0,0,0,0]"
[0;32mI (1889) csi_recv: compensate_gain 1.000000, agc_gain 0, fft_gain -18[0m
CSI_DATA,35979,14:c1:9f:28:c1:a0,-9,11,1,0,1,1,1,0,0,0,0,-97,0,11,2,1892973,0,47,0,128,0,"[0,0,0,0,0,0,0,0,0,0,0,0,0,11,1,10,2,13,0,12,2,10,1,8,1,9,2,7,1,8,4,7,0,10,3,11,1,9,3,8,3,7,3,10,4,9,5,7,5,7,4,7,3,5,5,7,5,5,5,9,4,10,3,8,0,0,6,8,4,10,3,10,8,11,5,7,5,8,6,9,5,7,6,9,4,7,2,10,2,8,3,10,2,7,1,8,0,9,1,9,2,8,0,5,2,7,0,5,1,6,0,6,-2,7,-1,6,-1,6,0,0,0,0,0,0,0,0,0,0]"
[0;32mI (1899) csi_recv: compensate_gain 1.000000, agc_gain 0, fft_gain -18[0m
CSI_DATA,35980,14:c1:9f:28:c1:a0,-9,11,1,0,1,1,1,0,0,0,0,-97,0,11,2,1903948,0,47,0,128,0,"[0,0,0,0,0,0,0,0,0,0,0,0,9,6,8,5,11,6,10,7,9,4,7,4,8,4,6,2,7,4,9,1,8,5,10,4,8,4,9,2,7,1,10,3,9,2,9,0,9,0,8,0,6,0,9,0,7,-2,10,1,11,1,9,1,0,0,10,0,11,2,10,2,14,0,9,-1,9,1,10,0,8,0,11,0,8,1,10,3,8,1,10,2,7,2,8,3,7,5,8,4,7,2,5,2,7,2,4,3,6,3,5,3,5,4,5,3,5,3,0,0,0,0,0,0,0,0,0,0]"
[0;32mI (1919) csi_recv: compensate_gain 1.000000, agc_gain 0, fft_gain -18[0m
CSI_DATA,35981,14:c1:9f:28:c1:a0,-9,11,1,0,1,1,1,0,0,0,0,-97,0,11,2,1914973,0,47,0,128,0,"[0,0,0,0,0,0,0,0,0,0,0,0,9,-7,8,-6,10,-8,11,-7,7,-7,7,-6,7,-6,5,-6,7,-6,5,-8,8,-6,7,-9,7,-7,6,-8,4,-7,7,-8,6,-9,3,-9,4,-9,4,-8,2,-6,4,-9,1,-8,5,-10,6,-10,5,-8,0,0,4,-10,6,-9,7,-9,6,-13,3,-10,5,-9,5,-10,4,-8,5,-11,4,-8,7,-8,5,-7,6,-9,5,-7,6,-6,8,-6,7,-6,5,-7,4,-4,5,-6,4,-4,5,-5,5,-4,6,-3,5,-4,5,-3,0,0,0,0,0,0,0,0,0,0]"
[0;32mI (1929) csi_recv: compensate_gain 1.000000, agc_gain 0, fft_gain -18[0m
CSI_DATA,35982,14:c1:9f:28:c1:a0,-9,11,1,0,1,1,1,0,0,0,0,-97,0,11,2,1925966,0,47,0,128,0,"[0,0,0,0,0,0,0,0,0,0,0,0,0,-12,0,-11,-1,-14,1,-13,-1,-11,-1,-9,-1,-10,-2,-8,-1,-10,-4,-9,0,-11,-3,-12,-1,-10,-3,-10,-3,-8,-3,-11,-4,-10,-5,-9,-5,-9,-4,-8,-4,-6,-5,-9,-6,-6,-4,-11,-4,-11,-3,-9,0,0,-6,-10,-4,-11,-3,-11,-7,-13,-6,-9,-5,-9,-6,-10,-5,-8,-6,-11,-4,-9,-2,-12,-3,-9,-3,-11,-3,-8,-2,-9,0,-10,-1,-11,-2,-9,-1,-6,-2,-8,0,-6,-1,-7,0,-7,1,-7,0,-7,1,-7,0,0,0,0,0,0,0,0,0,0]"
[0;32mI (1939) csi_recv: compensate_gain 1.000000, agc_gain 0, fft_gain -18[0m
CSI_DATA,35983,14:c1:9f:28:c1:a0,-9,11,1,0,1,1,1,0,0,0,0,-97,0,11,2,1936958,0,47,0,128,0,"[0,0,0,0,0,0,0,0,0,0,0,0,-10,-7,-9,-6,-12,-7,-11,-8,-10,-5,-8,-5,-9,-5,-7,-3,-8,-5,-10,-3,-9,-7,-11,-5,-9,-5,-10,-3,-8,-2,-11,-4,-10,-3,-10,-1,-10,-1,-9,-2,-7,-1,-10,-2,-8,0,-11,-3,-11,-3,-9,-3,0,0,-11,-1,-11,-4,-11,-4,-15,-2,-10,-1,-10,-2,-11,-2,-9,-1,-12,-2,-9,-2,-10,-5,-9,-3,-11,-4,-8,-3,-8,-4,-8,-6,-9,-6,-8,-4,-5,-4,-8,-4,-5,-4,-6,-4,-6,-4,-5,-6,-5,-5,-5,-5,0,0,0,0,0,0,0,0,0,0]"
[0;32mI (1949) csi_recv: compensate_gain 1.000000, agc_gain 0, fft_gain -18[0m
CSI_DATA,35984,14:c1:9f:28:c1:a0,-9,11,1,0,1,1,1,0,0,0,0,-97,0,11,2,1947953,0,47,0,128,0,"[0,0,0,0,0,0,0,0,0,0,0,0,-11,4,-10,4,-12,5,-13,4,-10,4,-9,3,-9,4,-7,4,-9,4,-7,6,-10,4,-10,6,-9,4,-8,6,-6,5,-9,6,-8,7,-6,7,-7,7,-6,6,-4,5,-7,7,-3,6,-8,8,-8,8,-7,6,0,0,-6,9,-9,7,-9,7,-8,11,-6,8,-7,7,-7,8,-5,7,-8,9,-6,6,-10,6,-7,5,-9,7,-7,5,-8,4,-9,3,-9,4,-7,5,-6,2,-6,5,-6,2,-6,3,-6,2,-8,1,-6,2,-7,2,0,0,0,0,0,0,0,0,0,0]"
[0;32mI (1959) csi_recv: compensate_gain 1.000000, agc_gain 0, fft_gain -18[0m
CSI_DATA,35985,14:c1:9f:28:c1:a0,-9,11,1,0,1,1,1,0,0,0,0,-97,0,11,2,1958946,0,47,0,128,0,"[0,0,0,0,0,0,0,0,0,0,0,0,-4,10,-4,9,-4,12,-6,11,-3,10,-3,8,-3,9,-1,7,-3,8,0,9,-4,10,-2,11,-3,9,-1,9,0,7,-2,11,-1,10,2,9,1,9,0,8,1,6,1,9,2,6,0,10,0,11,0,9,0,0,2,10,-1,11,-1,11,2,14,2,9,0,9,1,10,1,8,1,11,0,9,-2,11,-1,8,-1,10,-1,8,-2,8,-4,8,-3,9,-2,8,-2,5,-1,7,-2,5,-2,6,-3,5,-4,6,-3,6,-4,5,0,0,0,0,0,0,0,0,0,0]"
[0;32mI (1969) csi_recv: compensate_gain 1.000000, agc_gain 0, fft_gain -18[0m
CSI_DATA,35986,14:c1:9f:28:c1:a0,-9,11,1,0,1,1,1,0,0,0,0,-97,0,11,2,1969968,0,47,0,128,0,"[0,0,0,0,0,0,0,0,0,0,0,0,8,7,7,6,10,7,9,8,8,6,7,5,7,5,6,3,7,5,8,3,8,7,10,5,8,5,8,3,7,2,9,5,9,3,9,1,9,2,8,2,6,1,9,2,7,-1,10,3,10,3,8,3,0,0,10,1,10,4,10,4,14,2,9,1,9,2,10,2,8,1,11,2,8,2,9,5,7,3,9,4,7,3,7,4,6,6,7,6,7,4,4,3,6,3,4,3,5,3,4,4,4,5,4,4,4,5,0,0,0,0,0,0,0,0,0,0]"
[0;32mI (1979) csi_recv: compensate_gain 1.000000, agc_gain 0, fft_gain -18[0m
CSI_DATA,35987,14:c1:9f:28:c1:a0,-9,11,1,0,1,1,1,0,0,0,0,-97,0,11,2,1980960,0,47,0,128,0,"[0,0,0,0,0,0,0,0,0,0,0,0,10,-1,9,-2,13,-2,12,-1,10,-2,8,-2,9,-2,6,-3,8,-2,8,-5,10,-2,10,-4,9,-2,8,-4,6,-4,10,-4,8,-5,7,-6,7,-6,6,-5,4,-4,7,-6,4,-6,9,-6,9,-6,8,-5,0,0,7,-7,9,-5,9,-5,10,-9,7,-7,7,-6,8,-7,6,-6,9,-7,7,-5,10,-4,7,-4,9,-5,7,-4,8,-3,9,-2,9,-3,7,-3,5,-2,6,-4,5,-2,6,-2,6,-2,7,0,6,-1,6,-1,0,0,0,0,0,0,0,0,0,0]"
[0;32mI (1989) csi_recv: compensate_gain 1.000000, agc_gain 0, fft_gain -18[0m
CSI_DATA,35988,14:c1:9f:28:c1:a0,-9,11,1,0,1,1,1,0,0,0,0,-97,0,11,2,1991944,0,47,0,128,0,"[0,0,0,0,0,0,0,0,0,0,0,0,5,-10,5,-9,6,-12,7,-10,4,-10,4,-8,4,-9,2,-7,4,-9,1,-9,5,-10,3,-11,4,-9,2,-10,1,-8,3,-11,1,-10,-1,-10,0,-10,0,-9,0,-7,0,-10,-2,-8,1,-11,1,-11,1,-10,0,0,-1,-11,2,-11,2,-11,-1,-14,-1,-10,0,-10,0,-11,0,-9,0,-12,0,-9,3,-11,2,-9,2,-11,1,-8,3,-9,4,-8,4,-9,2,-8,2,-6,2,-8,2,-5,2,-7,3,-6,4,-6,3,-6,3,-6,0,0,0,0,0,0,0,0,0,0]"
[0;32mI (1999) csi_recv: compensate_gain 1.000000, agc_gain 0, fft_gain -18[0m
CSI_DATA,35989,14:c1:9f:28:c1:a0,-9,11,1,0,1,1,1,0,0,0,0,-97,0,11,2,2002955,0,47,0,128,0,"[0,0,0,0,0,0,0,0,0,0,0,0,-6,-11,-6,-9,-8,-11,-6,-12,-7,-9,-5,-8,-6,-9,-6,-6,-6,-8,-8,-6,-6,-10,-8,-9,-6,-8,-8,-7,-7,-5,-8,-8,-8,-7,-9,-5,-9,-5,-8,-5,-6,-3,-9,-5,-8,-3,-9,-7,-9,-7,-8,-7,0,0,-10,-5,-9,-8,-9,-8,-13,-7,-9,-5,-9,-6,-10,-6,-8,-4,-11,-7,-8,-6,-8,-9,-7,-6,-8,-8,-6,-6,-6,-7,-5,-9,-6,-9,-6,-7,-4,-5,-6,-6,-4,-5,-5,-6,-4,-6,-3,-7,-3,-6,-3,-6,0,0,0,0,0,0,0,0,0,0]"
[0;32mI (2009) csi_recv: compensate_gain 1.000000, agc_gain 0, fft_gain -18[0m
CSI_DATA,35990,14:c1:9f:28:c1:a0,-9,11,1,0,1,1,1,0,0,0,0,-97,0,11,2,2013949,0,47,0,128,0,"[0,0,0,0,0,0,0,0,0,0,0,0,-11,-3,-11,-3,-14,-3,-13,-4,-11,-2,-9,-2,-10,-2,-8,0,-9,-2,-10,1,-11,-3,-12,-1,-11,-1,-10,0,-8,1,-11,-1,-11,1,-9,3,-10,2,-9,2,-7,1,-10,2,-7,3,-11,1,-12,1,-10,1,0,0,-11,3,-12,0,-12,0,-14,4,-10,3,-10,2,-11,2,-9,2,-12,2,-9,1,-12,-1,-9,0,-11,0,-9,0,-9,-1,-9,-3,-10,-2,-9,-1,-6,-2,-8,-1,-6,-2,-7,-2,-7,-2,-7,-4,-7,-3,-7,-3,0,0,0,0,0,0,0,0,0,0]"
[0;32mI (2029) csi_recv: compensate_gain 1.000000, agc_gain 0, fft_gain -18[0m
CSI_DATA,35991,14:c1:9f:28:c1:a0,-9,11,1,0,1,1,1,0,0,0,0,-97,0,11,2,2024972,0,47,0,128,0,"[0,0,0,0,0,0,0,0,0,0,0,0,-6,9,-5,9,-6,12,-7,11,-4,9,-4,8,-4,8,-2,7,-4,8,-1,9,-5,9,-3,11,-4,9,-2,9,-1,7,-3,10,-2,10,1,9,0,9,0,8,0,6,0,9,2,6,-1,11,-1,11,-1,9,0,0,1,10,-2,11,-2,11,1,14,1,9,0,9,0,10,0,8,0,11,0,8,-3,10,-2,8,-2,10,-2,8,-3,8,-5,8,-4,9,-2,8,-3,5,-2,7,-3,5,-3,6,-3,5,-4,5,-3,5,-4,5,0,0,0,0,0,0,0,0,0,0]"
[0;32mI (2049) csi_recv: compensate_gain 1.000000, agc_gain 0, fft_gain -18[0m
CSI_DATA,35993,14:c1:9f:28:c1:a0,-9,11,1,0,1,1,1,0,0,0,0,-97,0,11,2,2046963,0,47,0,128,0,"[0,0,0,0,0,0,0,0,0,0,0,0,10,2,10,2,13,2,12,3,10,1,8,1,9,1,7,0,9,1,9,-2,10,2,11,0,9,1,9,-1,7,-1,10,-1,10,-2,8,-4,9,-3,8,-3,6,-2,9,-3,6,-4,10,-2,11,-2,9,-1,0,0,10,-4,11,-2,11,-1,13,-5,9,-4,9,-3,10,-4,8,-3,11,-3,8,-2,11,0,8,-1,10,-1,8,-1,8,0,9,2,9,1,8,0,5,0,7,-1,5,1,6,1,5,1,6,3,6,2,6,2,0,0,0,0,0,0,0,0,0,0]"
[0;32mI (2059) csi_recv: compensate_gain 1.000000, agc_gain 0, fft_gain -18[0m
CSI_DATA,35994,14:c1:9f:28:c1:a0,-9,11,1,0,1,1,1,0,0,0,0,-97,0,11,2,2057965,0,47,0,128,0,"[0,0,0,0,0,0,0,0,0,0,0,0,8,-8,7,-8,9,-10,10,-9,6,-8,6,-7,6,-7,4,-7,6,-7,3,-9,7,-8,6,-10,6,-8,5,-9,3,-8,6,-9,5,-9,2,-9,3,-10,3,-8,1,-7,3,-9,0,-8,4,-10,5,-10,4,-9,0,0,3,-11,5,-10,6,-10,4,-14,2,-10,4,-10,4,-11,2,-9,4,-11,3,-8,6,-9,4,-8,5,-10,4,-8,5,-7,7,-7,6,-7,5,-7,4,-5,4,-7,4,-4,4,-5,4,-4,6,-4,5,-4,5,-4,0,0,0,0,0,0,0,0,0,0]"
[0;32mI (2069) csi_recv: compensate_gain 1.000000, agc_gain 0, fft_gain -18[0m
CSI_DATA,35995,14:c1:9f:28:c1:a0,-9,11,1,0,1,1,1,0,0,0,0,-97,0,11,2,2068967,0,47,0,128,0,"[0,0,0,0,0,0,0,0,0,0,0,0,-1,-12,-1,-11,-2,-14,0,-13,-2,-11,-1,-9,-1,-10,-2,-8,-1,-10,-4,-9,-1,-11,-3,-12,-2,-10,-3,-10,-3,-8,-3,-11,-4,-10,-6,-9,-5,-9,-4,-8,-4,-6,-5,-9,-6,-6,-5,-10,-4,-11,-4,-9,0,0,-6,-10,-4,-11,-3,-11,-8,-13,-6,-9,-5,-9,-5,-10,-5,-8,-6,-11,-4,-9,-2,-12,-3,-9,-3,-11,-3,-9,-1,-9,0,-10,-1,-11,-2,-9,-1,-6,-2,-8,0,-6,-1,-7,0,-7,1,-8,0,-7,1,-7,0,0,0,0,0,0,0,0,0,0]"
[0;32mI (2079) csi_recv: compensate_gain 1.000000, agc_gain 0, fft_gain -18[0m
CSI_DATA,35996,14:c1:9f:28:c1:a0,-9,11,1,0,1,1,1,0,0,0,0,-97,0,11,2,2079969,0,47,0,128,0,"[0,0,0,0,0,0,0,0,0,0,0,0,-10,-6,-10,-5,-12,-6,-11,-7,-10,-5,-9,-4,-9,-5,-8,-3,-9,-4,-10,-2,-10,-5,-12,-4,-10,-4,-10,-2,-8,-1,-11,-3,-11,-2,-10,0,-10,0,-9,-1,-7,0,-10,-1,-8,2,-11,-1,-12,-2,-10,-2,0,0,-11,0,-12,-2,-12,-3,-15,0,-11,1,-10,-1,-11,0,-9,0,-12,-1,-9,-1,-11,-4,-9,-2,-11,-2,-9,-2,-9,-3,-9,-5,-10,-4,-9,-3,-6,-3,-8,-2,-6,-3,-7,-3,-6,-3,-6,-5,-6,-4,-6,-4,0,0,0,0,0,0,0,0,0,0]"
[0;32mI (2089) csi_recv: compensate_gain 1.000000, agc_gain 0, fft_gain -18[0m
CSI_DATA,35997,14:c1:9f:28:c1:a0,-9,11,1,0,1,1,1,0,0,0,0,-97,0,11,2,2090953,0,47,0,128,0,"[0,0,0,0,0,0,0,0,0,0,0,0,-11,2,-10,2,-13,4,-13,2,-10,3,-9,2,-10,3,-7,3,-9,3,-8,5,-11,2,-11,5,-10,3,-9,4,-7,4,-10,5,-9,5,-7,6,-8,6,-7,5,-5,4,-8,6,-4,6,-9,6,-10,6,-8,5,0,0,-8,7,-10,6,-10,5,-11,10,-7,7,-8,6,-9,7,-7,6,-9,7,-7,5,-10,4,-8,4,-10,5,-8,4,-9,3,-10,2,-10,3,-8,3,-6,1,-7,3,-6,1,-7,2,-7,1,-8,0,-7,1,-7,0,0,0,0,0,0,0,0,0,0,0]"
[0;32mI (2099) csi_recv: compensate_gain 1.000000, agc_gain 0, fft_gain -18[0m
CSI_DATA,35998,14:c1:9f:28:c1:a0,-9,11,1,0,1,1,1,0,0,0,0,-97,0,11,2,2101946,0,47,0,128,0,"[0,0,0,0,0,0,0,0,0,0,0,0,-6,9,-6,9,-6,11,-7,10,-5,9,-4,7,-5,8,-3,7,-4,8,-2,9,-6,9,-4,11,-4,9,-3,9,-2,7,-3,10,-2,10,0,9,0,9,-1,8,0,6,-1,9,2,7,-1,10,-2,11,-2,9,0,0,1,10,-2,11,-2,11,0,14,0,9,-1,9,0,10,0,8,0,11,-1,9,-4,10,-2,8,-2,10,-2,7,-3,8,-5,8,-4,9,-2,8,-3,5,-2,7,-3,5,-3,6,-3,5,-5,5,-4,5,-4,5,0,0,0,0,0,0,0,0,0,0]"
[0;32mI (2109) csi_recv: compensate_gain 1.000000, agc_gain 0, fft_gain -18[0m
CSI_DATA,35999,14:c1:9f:28:c1:a0,-9,11,1,0,1,1,1,0,0,0,0,-97,0,11,2,2112957,0,47,0,128,0,"[0,0,0,0,0,0,0,0,0,0,0,0,5,9,5,8,7,10,6,11,6,8,4,7,5,7,5,5,5,7,7,5,5,9,7,8,5,7,6,6,6,4,7,7,7,6,8,4,8,4,7,4,5,3,8,5,7,2,8,6,8,7,7,6,0,0,9,5,8,7,8,7,12,7,8,4,7,5,9,5,7,4,9,6,7,5,6,8,5,6,7,7,5,6,5,7,4,8,5,8,5,6,3,5,5,5,2,5,3,5,2,5,1,7,2,6,2,6,0,0,0,0,0,0,0,0,0,0]"
[0;32mI (2119) csi_recv: compensate_gain 1.000000, agc_gain 0, fft_gain -18[0m
CSI_DATA,36000,14:c1:9f:28:c1:a0,-9,11,1,0,1,1,1,0,0,0,0,-97,0,11,2,2123951,0,47,0,128,0,"[0,0,0,0,0,0,0,0,0,0,0,0,10,2,10,2,13,2,12,3,10,1,8,1,9,1,7,0,9,1,9,-2,10,2,11,0,9,1,9,-1,7,-2,10,-1,10,-1,8,-3,9,-3,8,-2,6,-2,9,-3,6,-4,10,-2,11,-2,9,-2,0,0,10,-4,11,-2,11,-1,13,-4,9,-4,9,-2,10,-3,8,-3,11,-3,8,-2,10,0,8,-1,10,-1,8,-1,8,0,9,2,9,1,8,0,5,0,7,-1,5,1,6,0,6,1,6,3,6,1,5,2,0,0,0,0,0,0,0,0,0,0]"
[0;32mI (2139) csi_recv: compensate_gain 1.000000, agc_gain 0, fft_gain -18[0m
CSI_DATA,36001,14:c1:9f:28:c1:a0,-9,11,1,0,1,1,1,0,0,0,0,-97,0,11,2,2134971,0,47,0,128,0,"[0,0,0,0,0,0,0,0,0,0,0,0,8,-8,7,-8,9,-10,9,-9,6,-8,6,-7,6,-8,4,-7,6,-7,3,-9,7,-8,6,-10,6,-8,4,-9,3,-8,5,-10,4,-10,2,-10,2,-10,2,-8,1,-7,3,-9,0,-8,4,-11,4,-10,4,-9,0,0,2,-11,5,-10,5,-10,4,-14,2,-10,3,-10,3,-11,2,-9,3,-11,3,-9,6,-10,4,-8,5,-10,4,-8,5,-7,7,-7,6,-8,4,-8,4,-5,4,-7,4,-4,4,-5,4,-5,6,-4,5,-5,5,-4,0,0,0,0,0,0,0,0,0,0]"
[0;32mI (2149) csi_recv: compensate_gain 1.000000, agc_gain 0, fft_gain -18[0m
CSI_DATA,36002,14:c1:9f:28:c1:a0,-9,11,1,0,1,1,1,0,0,0,0,-97,0,11,2,2145961,0,47,0,128,0,"[0,0,0,0,0,0,0,0,0,0,0,0,-2,-10,-2,-10,-4,-12,-2,-12,-3,-9,-3,-8,-3,-9,-3,-7,-3,-8,-5,-8,-2,-10,-5,-10,-3,-9,-4,-8,-4,-6,-4,-10,-5,-8,-6,-7,-6,-7,-5,-7,-4,-5,-6,-7,-6,-5,-6,-9,-6,-9,-5,-8,0,0,-7,-8,-5,-9,-5,-9,-9,-10,-7,-7,-5,-8,-7,-8,-6,-6,-7,-9,-5,-7,-4,-10,-4,-7,-5,-9,-4,-7,-3,-8,-2,-9,-3,-9,-3,-8,-2,-6,-3,-7,-1,-6,-2,-7,-1,-6,0,-7,-1,-6,-1,-6,0,0,0,0,0,0,0,0,0,0]"
[0;32mI (2159) csi_recv: compensate_gain 1.000000, agc_gain 0, fft_gain -18[0m
CSI_DATA,36003,14:c1:9f:28:c1:a0,-9,11,1,0,1,1,1,0,0,0,0,-97,0,11,2,2156947,0,47,0,128,0,"[0,0,0,0,0,0,0,0,0,0,0,0,-10,-7,-9,-6,-12,-7,-11,-8,-10,-5,-8,-5,-9,-5,-7,-3,-8,-5,-10,-2,-9,-6,-11,-5,-9,-5,-10,-3,-8,-2,-11,-4,-10,-3,-10,-1,-10,-1,-9,-2,-7,-1,-10,-2,-8,1,-11,-3,-11,-3,-10,-3,0,0,-11,-1,-11,-4,-11,-4,-15,-2,-10,-1,-10,-2,-11,-2,-9,-1,-12,-2,-9,-2,-10,-5,-8,-3,-11,-4,-8,-3,-8,-5,-8,-6,-9,-6,-8,-4,-5,-4,-8,-4,-5,-4,-6,-4,-5,-4,-5,-6,-5,-5,-5,-5,0,0,0,0,0,0,0,0,0,0]"
[0;32mI (2169) csi_recv: compensate_gain 1.000000, agc_gain 0, fft_gain -18[0m
CSI_DATA,36004,14:c1:9f:28:c1:a0,-9,11,1,0,1,1,1,0,0,0,0,-97,0,11,2,2167966,0,47,0,128,0,"[0,0,0,0,0,0,0,0,0,0,0,0,-9,6,-8,6,-10,8,-11,7,-8,7,-7,5,-8,6,-5,6,-7,6,-5,8,-9,6,-8,8,-8,7,-6,7,-4,6,-7,8,-6,8,-3,9,-4,9,-4,7,-3,6,-4,8,-1,7,-6,9,-6,9,-5,8,0,0,-4,10,-7,9,-7,9,-5,13,-3,9,-5,8,-5,10,-4,8,-5,10,-4,8,-8,8,-6,6,-7,8,-5,6,-6,6,-8,5,-8,6,-6,6,-5,4,-5,6,-5,3,-5,4,-5,3,-7,3,-6,3,-6,3,0,0,0,0,0,0,0,0,0,0]"
[0;32mI (2179) csi_recv: compensate_gain 1.000000, agc_gain 0, fft_gain -18[0m
CSI_DATA,36005,14:c1:9f:28:c1:a0,-9,11,1,0,1,1,1,0,0,0,0,-97,0,11,2,2178968,0,47,0,128,0,"[0,0,0,0,0,0,0,0,0,0,0,0,2,11,2,9,3,12,1,12,3,9,2,8,2,9,3,6,2,8,4,7,2,10,4,10,2,9,4,8,4,6,4,10,4,8,6,7,6,7,5,6,4,4,5,7,6,4,6,8,5,9,4,8,0,0,7,7,5,9,5,9,9,10,6,6,5,7,7,8,5,6,7,9,5,7,3,10,3,7,4,9,3,7,2,8,1,9,2,9,3,7,1,5,3,7,1,5,2,6,1,6,-1,7,0,6,0,6,0,0,0,0,0,0,0,0,0,0]"
[0;32mI (2189) csi_recv: compensate_gain 1.000000, agc_gain 0, fft_gain -18[0m
CSI_DATA,36006,14:c1:9f:28:c1:a0,-9,11,1,0,1,1,1,0,0,0,0,-97,0,11,2,2189952,0,47,0,128,0,"[0,0,0,0,0,0,0,0,0,0,0,0,8,7,7,6,10,8,9,9,8,6,6,5,7,6,6,3,7,5,8,3,7,7,9,5,7,5,8,4,7,2,9,5,9,4,9,1,9,2,8,2,6,1,9,2,7,-1,10,3,10,4,8,3,0,0,10,2,10,4,10,5,13,3,9,1,9,3,10,2,8,2,10,3,8,2,9,6,7,3,9,4,7,3,6,5,6,6,7,6,6,4,4,3,6,3,4,3,5,4,4,4,3,6,4,4,3,5,0,0,0,0,0,0,0,0,0,0]"
[0;32mI (2199) csi_recv: compensate_gain 1.000000, agc_gain 0, fft_gain -18[0m
CSI_DATA,36007,14:c1:9f:28:c1:a0,-9,11,1,0,1,1,1,0,0,0,0,-97,0,11,2,2200945,0,47,0,128,0,"[0,0,0,0,0,0,0,0,0,0,0,0,10,-5,9,-5,11,-6,11,-5,8,-5,7,-4,8,-5,6,-5,7,-5,6,-7,9,-5,9,-7,8,-5,7,-6,5,-6,8,-7,7,-7,5,-8,6,-8,5,-7,4,-5,6,-7,2,-7,7,-8,8,-8,6,-7,0,0,6,-9,8,-7,9,-7,8,-11,5,-8,6,-7,7,-8,5,-7,7,-9,6,-7,9,-6,6,-5,8,-7,6,-5,7,-4,9,-3,8,-4,7,-5,5,-3,6,-5,5,-2,6,-3,5,-2,7,-1,6,-2,6,-2,0,0,0,0,0,0,0,0,0,0]"
[0;32mI (2209) csi_recv: compensate_gain 1.000000, agc_gain 0, fft_gain -18[0m
CSI_DATA,36008,14:c1:9f:28:c1:a0,-9,11,1,0,1,1,1,0,0,0,0,-97,0,11,2,2211965,0,47,0,128,0,"[0,0,0,0,0,0,0,0,0,0,0,0,2,-12,1,-11,1,-14,2,-13,0,-11,1,-9,1,-10,-1,-8,0,-10,-2,-10,1,-11,-1,-12,0,-10,-2,-10,-2,-8,-1,-12,-2,-10,-4,-10,-4,-10,-3,-9,-3,-6,-3,-10,-5,-7,-3,-11,-3,-11,-2,-10,0,0,-5,-10,-2,-12,-2,-12,-5,-14,-4,-9,-3,-10,-4,-11,-4,-9,-4,-12,-3,-9,-1,-12,-2,-9,-2,-11,-1,-9,0,-9,1,-10,0,-10,-1,-9,0,-6,-1,-8,0,-6,0,-7,1,-7,2,-7,1,-7,1,-7,0,0,0,0,0,0,0,0,0,0]"
[0;32mI (2219) csi_recv: compensate_gain 1.000000, agc_gain 0, fft_gain -18[0m
CSI_DATA,36009,14:c1:9f:28:c1:a0,-9,11,1,0,1,1,1,0,0,0,0,-97,0,11,2,2222961,0,47,0,128,0,"[0,0,0,0,0,0,0,0,0,0,0,0,-7,-10,-7,-9,-10,-10,-8,-11,-8,-8,-6,-7,-7,-8,-6,-5,-7,-7,-9,-5,-7,-9,-9,-8,-7,-7,-8,-6,-7,-4,-9,-7,-9,-6,-9,-4,-10,-4,-8,-4,-6,-3,-9,-4,-8,-2,-10,-6,-10,-6,-8,-6,0,0,-11,-4,-10,-7,-10,-7,-14,-6,-10,-4,-9,-5,-10,-5,-8,-4,-11,-5,-8,-5,-9,-8,-7,-6,-9,-7,-7,-5,-7,-7,-6,-8,-7,-8,-7,-6,-4,-5,-6,-5,-4,-5,-5,-6,-4,-6,-3,-7,-4,-6,-3,-6,0,0,0,0,0,0,0,0,0,0]"
[0;32mI (2229) csi_recv: compensate_gain 1.000000, agc_gain 0, fft_gain -18[0m
CSI_DATA,36010,14:c1:9f:28:c1:a0,-9,11,1,0,1,1,1,0,0,0,0,-97,0,11,2,2233945,0,47,0,128,0,"[0,0,0,0,0,0,0,0,0,0,0,0,-12,-1,-11,0,-14,1,-13,-1,-11,1,-10,0,-10,0,-8,1,-10,0,-9,3,-11,0,-12,2,-10,1,-10,2,-8,2,-11,2,-10,3,-8,4,-9,4,-8,3,-6,3,-9,4,-6,5,-11,4,-11,4,-9,3,0,0,-10,5,-11,3,-12,3,-13,6,-9,5,-10,3,-10,4,-8,4,-11,5,-8,3,-11,1,-9,2,-11,2,-9,2,-9,0,-10,-1,-10,0,-9,1,-7,0,-8,1,-6,-1,-7,0,-7,-1,-8,-2,-7,-1,-7,-2,0,0,0,0,0,0,0,0,0,0]"
[0;32mI (2249) csi_recv: compensate_gain 1.000000, agc_gain 0, fft_gain -18[0m
CSI_DATA,36011,14:c1:9f:28:c1:a0,-9,11,1,0,1,1,1,0,0,0,0,-97,0,11,2,2244956,0,47,0,128,0,"[0,0,0,0,0,0,0,0,0,0,0,0,-6,10,-5,9,-6,12,-7,10,-4,9,-4,8,-4,8,-2,7,-4,8,-1,9,-5,9,-3,11,-4,9,-2,9,-1,7,-3,10,-2,10,1,9,0,9,-1,8,0,6,0,9,2,7,-1,10,-1,11,-1,9,0,0,1,10,-2,11,-2,11,1,14,1,9,-1,9,0,10,0,8,0,11,0,8,-3,10,-2,8,-2,10,-2,8,-3,8,-5,8,-4,8,-2,8,-3,5,-2,7,-3,5,-3,6,-3,5,-5,5,-4,5,-4,5,0,0,0,0,0,0,0,0,0,0]"
[0;32mI (2259) csi_recv: compensate_gain 1.000000, agc_gain 0, fft_gain -18[0m
CSI_DATA,36012,14:c1:9f:28:c1:a0,-9,11,1,0,1,1,1,0,0,0,0,-97,0,11,2,2255974,0,47,0,128,0,"[0,0,0,0,0,0,0,0,0,0,0,0,5,9,5,8,7,10,5,11,6,8,4,7,5,8,5,5,5,7,7,5,5,9,7,8,5,7,6,6,6,4,7,8,7,6,8,4,8,5,7,4,5,3,7,5,7,2,8,6,8,6,7,6,0,0,9,5,8,7,8,7,12,6,8,4,8,5,9,5,7,4,9,6,7,5,7,8,6,5,7,7,6,5,5,6,4,8,5,8,5,6,3,4,5,5,2,4,3,5,3,5,2,7,2,5,2,5,0,0,0,0,0,0,0,0,0,0]"
[0;32mI (2269) csi_recv: compensate_gain 1.000000, agc_gain 0, fft_gain -18[0m
CSI_DATA,36013,14:c1:9f:28:c1:a0,-9,11,1,0,1,1,1,0,0,0,0,-97,0,11,2,2266967,0,47,0,128,0,"[0,0,0,0,0,0,0,0,0,0,0,0,11,-2,10,-2,12,-3,12,-1,10,-3,8,-2,9,-2,7,-3,8,-2,7,-5,10,-2,10,-4,9,-3,8,-5,7,-4,10,-4,9,-5,7,-6,8,-6,7,-5,5,-4,8,-6,4,-6,9,-6,9,-6,8,-5,0,0,8,-7,10,-5,10,-5,11,-9,8,-7,8,-5,9,-7,7,-5,9,-7,7,-5,10,-4,7,-4,9,-5,8,-4,8,-2,9,-1,9,-2,8,-3,5,-1,7,-3,5,-1,6,-2,6,-1,7,0,6,-1,6,0,0,0,0,0,0,0,0,0,0,0]"
[0;32mI (2279) csi_recv: compensate_gain 1.000000, agc_gain 0, fft_gain -18[0m
CSI_DATA,36014,14:c1:9f:28:c1:a0,-9,11,1,0,1,1,1,0,0,0,0,-97,0,11,2,2277947,0,47,0,128,0,"[0,0,0,0,0,0,0,0,0,0,0,0,9,-7,8,-7,10,-9,10,-7,7,-7,7,-6,7,-7,5,-6,6,-6,5,-8,8,-7,7,-9,7,-7,5,-8,4,-7,7,-9,5,-8,3,-9,4,-9,4,-8,2,-6,4,-9,1,-8,6,-10,6,-10,5,-8,0,0,4,-10,7,-9,7,-9,6,-13,4,-10,5,-9,5,-10,4,-8,5,-11,4,-8,8,-8,5,-7,7,-9,5,-6,6,-6,8,-5,8,-6,6,-6,4,-4,5,-6,4,-3,5,-4,5,-4,6,-3,5,-3,6,-3,0,0,0,0,0,0,0,0,0,0]"
[0;32mI (2289) csi_recv: compensate_gain 1.000000, agc_gain 0, fft_gain -18[0m
CSI_DATA,36015,14:c1:9f:28:c1:a0,-9,11,1,0,1,1,1,0,0,0,0,-97,0,11,2,2288949,0,47,0,128,0,"[0,0,0,0,0,0,0,0,0,0,0,0,1,-11,0,-11,0,-13,1,-13,-1,-11,0,-10,0,-10,-1,-8,0,-10,-3,-9,0,-11,-2,-12,-1,-10,-2,-10,-3,-8,-2,-11,-3,-10,-4,-9,-4,-9,-3,-8,-3,-6,-3,-9,-5,-6,-3,-11,-3,-11,-3,-10,0,0,-5,-10,-2,-11,-2,-12,-6,-13,-5,-9,-3,-10,-4,-11,-4,-8,-4,-11,-3,-9,-1,-11,-2,-9,-2,-11,-2,-9,0,-9,1,-10,0,-10,-1,-9,0,-6,-1,-8,1,-6,0,-7,1,-6,2,-7,1,-7,2,-7,0,0,0,0,0,0,0,0,0,0]"
[0;32mI (2299) csi_recv: compensate_gain 1.000000, agc_gain 0, fft_gain -18[0m
CSI_DATA,36016,14:c1:9f:28:c1:a0,-9,11,1,0,1,1,1,0,0,0,0,-97,0,11,2,2299960,0,47,0,128,0,"[0,0,0,0,0,0,0,0,0,0,0,0,-9,-8,-8,-7,-11,-8,-9,-9,-9,-6,-7,-6,-8,-6,-7,-4,-8,-6,-9,-4,-8,-8,-10,-6,-8,-6,-9,-5,-8,-3,-10,-6,-9,-5,-9,-2,-10,-3,-9,-3,-7,-2,-9,-3,-8,-1,-10,-4,-11,-5,-9,-4,0,0,-11,-3,-10,-5,-10,-6,-14,-4,-10,-3,-9,-4,-11,-4,-9,-3,-11,-4,-8,-4,-9,-7,-8,-5,-10,-6,-7,-5,-7,-6,-6,-8,-7,-7,-7,-5,-5,-5,-7,-5,-4,-5,-5,-5,-4,-5,-4,-7,-4,-5,-4,-6,0,0,0,0,0,0,0,0,0,0]"
[0;32mI (2309) csi_recv: compensate_gain 1.000000, agc_gain 0, fft_gain -18[0m
CSI_DATA,36017,14:c1:9f:28:c1:a0,-9,11,1,0,1,1,1,0,0,0,0,-97,0,11,2,2310953,0,47,0,128,0,"[0,0,0,0,0,0,0,0,0,0,0,0,-11,1,-11,1,-13,3,-13,1,-11,2,-9,1,-10,2,-8,2,-9,2,-8,4,-11,2,-11,4,-10,2,-9,4,-7,4,-10,4,-10,4,-7,6,-8,6,-8,4,-6,3,-8,5,-5,5,-9,6,-10,6,-9,4,0,0,-9,7,-11,5,-11,4,-11,8,-8,6,-9,5,-9,6,-7,5,-10,6,-8,4,-11,3,-8,3,-10,4,-8,3,-9,2,-10,0,-10,2,-8,2,-7,1,-8,2,-6,0,-7,1,-7,0,-8,-1,-7,0,-7,-1,0,0,0,0,0,0,0,0,0,0]"
[0;32mI (2319) csi_recv: compensate_gain 1.000000, agc_gain 0, fft_gain -18[0m
CSI_DATA,36018,14:c1:9f:28:c1:a0,-9,11,1,0,1,1,1,0,0,0,0,-97,0,11,2,2321965,0,47,0,128,0,"[0,0,0,0,0,0,0,0,0,0,0,0,-4,10,-3,10,-4,12,-5,11,-3,9,-3,8,-3,9,-1,7,-3,8,0,8,-3,10,-1,11,-2,9,0,9,0,7,-1,10,0,10,2,8,2,9,1,8,1,6,1,9,3,6,1,10,1,11,0,9,0,0,3,10,0,11,0,11,3,13,3,9,1,9,2,10,2,8,2,11,1,8,-1,11,0,8,0,10,0,8,-1,8,-3,9,-2,9,-1,8,-2,5,-1,7,-2,5,-2,6,-2,5,-4,6,-2,6,-3,6,0,0,0,0,0,0,0,0,0,0]"
[0;32mI (2329) csi_recv: compensate_gain 1.000000, agc_gain 0, fft_gain -18[0m
CSI_DATA,36019,14:c1:9f:28:c1:a0,-9,11,1,0,1,1,1,0,0,0,0,-97,0,11,2,2332969,0,47,0,128,0,"[0,0,0,0,0,0,0,0,0,0,0,0,5,9,5,8,8,10,6,10,6,8,5,7,5,7,5,5,5,7,7,5,5,9,8,8,6,7,7,6,6,4,7,7,8,6,8,4,8,4,7,4,5,2,8,4,7,1,9,6,9,6,7,5,0,0,9,4,8,6,8,7,12,6,9,3,8,4,9,4,7,3,10,5,7,4,7,8,6,5,8,6,6,5,5,6,5,8,5,7,5,5,3,4,5,5,3,4,4,5,3,5,2,6,3,5,2,5,0,0,0,0,0,0,0,0,0,0]"
[0;32mI (2339) csi_recv: compensate_gain 1.000000, agc_gain 0, fft_gain -18[0m
CSI_DATA,36020,14:c1:9f:28:c1:a0,-9,11,1,0,1,1,1,0,0,0,0,-97,0,11,2,2343969,0,47,0,128,0,"[0,0,0,0,0,0,0,0,0,0,0,0,11,-1,10,-1,13,-2,13,0,10,-2,9,-1,9,-1,7,-3,9,-2,8,-4,10,-1,11,-4,9,-2,9,-4,7,-4,10,-3,9,-4,7,-6,8,-6,7,-5,5,-4,8,-5,4,-6,9,-5,10,-5,8,-4,0,0,8,-7,10,-4,11,-4,11,-8,8,-6,8,-5,9,-6,7,-5,10,-6,7,-4,10,-3,8,-3,10,-4,8,-3,8,-2,9,-1,9,-1,8,-2,5,-1,7,-3,5,-1,6,-1,6,-1,7,1,6,0,6,0,0,0,0,0,0,0,0,0,0,0]"
[0;32mI (2359) csi_recv: compensate_gain 1.000000, agc_gain 0, fft_gain -18[0m
CSI_DATA,36021,14:c1:9f:28:c1:a0,-9,11,1,0,1,1,1,0,0,0,0,-97,0,11,2,2354948,0,47,0,128,0,"[0,0,0,0,0,0,0,0,0,0,0,0,8,-8,7,-7,9,-10,10,-8,7,-8,6,-7,7,-7,4,-7,6,-7,4,-9,8,-7,6,-10,6,-8,5,-8,3,-7,6,-9,4,-9,2,-10,3,-10,3,-8,2,-7,3,-9,0,-8,4,-10,5,-10,4,-9,0,0,3,-11,5,-10,6,-10,4,-14,3,-10,4,-9,4,-11,3,-8,4,-11,3,-8,7,-9,4,-7,6,-9,4,-7,5,-7,7,-6,7,-7,5,-7,4,-4,4,-7,4,-4,5,-5,4,-4,6,-4,5,-4,5,-4,0,0,0,0,0,0,0,0,0,0]"
[0;32mI (2369) csi_recv: compensate_gain 1.000000, agc_gain 0, fft_gain -18[0m
CSI_DATA,36022,14:c1:9f:28:c1:a0,-9,11,1,0,1,1,1,0,0,0,0,-97,0,11,2,2365968,0,47,0,128,0,"[0,0,0,0,0,0,0,0,0,0,0,0,-2,-12,-2,-11,-3,-13,-2,-13,-3,-10,-2,-10,-3,-10,-3,-7,-3,-9,-5,-8,-2,-11,-5,-11,-3,-10,-5,-9,-4,-7,-4,-11,-5,-10,-6,-8,-6,-8,-6,-7,-4,-6,-6,-8,-6,-5,-6,-10,-6,-10,-5,-9,0,0,-7,-9,-5,-11,-5,-11,-9,-12,-7,-8,-6,-9,-7,-9,-6,-7,-7,-10,-5,-8,-3,-11,-4,-8,-4,-11,-4,-8,-2,-9,-1,-10,-2,-10,-3,-9,-1,-6,-3,-8,-1,-6,-2,-7,-1,-7,0,-8,0,-7,0,-7,0,0,0,0,0,0,0,0,0,0]"
[0;32mI (2379) csi_recv: compensate_gain 1.000000, agc_gain 0, fft_gain -18[0m
CSI_DATA,36023,14:c1:9f:28:c1:a0,-9,11,1,0,1,1,1,0,0,0,0,-97,0,11,2,2376961,0,47,0,128,0,"[0,0,0,0,0,0,0,0,0,0,0,0,-10,-6,-10,-5,-13,-5,-12,-7,-10,-4,-9,-4,-9,-4,-8,-2,-9,-4,-10,-1,-10,-5,-12,-3,-10,-4,-10,-2,-8,-1,-11,-3,-11,-2,-10,0,-10,0,-9,0,-7,0,-10,0,-7,2,-11,-1,-12,-1,-10,-1,0,0,-11,1,-12,-2,-12,-2,-14,1,-10,1,-10,-1,-11,0,-9,0,-12,0,-9,-1,-11,-3,-9,-2,-11,-2,-9,-2,-9,-3,-9,-5,-9,-4,-9,-3,-6,-3,-8,-2,-6,-3,-7,-3,-6,-3,-6,-5,-6,-3,-6,-4,0,0,0,0,0,0,0,0,0,0]"
[0;32mI (2389) csi_recv: compensate_gain 1.000000, agc_gain 0, fft_gain -18[0m
CSI_DATA,36024,14:c1:9f:28:c1:a0,-9,11,1,0,1,1,1,0,0,0,0,-97,0,11,2,2387963,0,47,0,128,0,"[0,0,0,0,0,0,0,0,0,0,0,0,-10,5,-9,5,-12,7,-12,5,-9,5,-8,4,-9,5,-6,5,-8,5,-6,7,-10,5,-9,7,-9,5,-7,6,-6,5,-8,7,-7,7,-5,8,-6,8,-5,7,-4,5,-6,7,-3,7,-7,8,-8,8,-7,7,0,0,-6,9,-8,8,-9,7,-8,12,-5,8,-6,8,-7,9,-5,7,-7,9,-6,7,-9,7,-7,5,-8,7,-7,5,-7,5,-9,4,-9,5,-7,5,-6,3,-6,5,-5,2,-6,3,-6,2,-7,1,-6,2,-6,2,0,0,0,0,0,0,0,0,0,0]"
[0;32mI (2399) csi_recv: compensate_gain 1.000000, agc_gain 0, fft_gain -18[0m
CSI_DATA,36025,14:c1:9f:28:c1:a0,-9,11,1,0,1,1,1,0,0,0,0,-97,0,11,2,2398970,0,47,0,128,0,"[0,0,0,0,0,0,0,0,0,0,0,0,-1,11,0,10,1,13,-1,12,1,10,0,8,0,9,1,7,1,9,3,8,0,10,2,11,1,9,3,8,2,6,3,10,3,9,5,7,5,8,4,7,3,5,4,7,5,5,4,9,4,10,3,8,0,0,6,8,4,10,4,10,8,11,6,7,5,8,6,9,5,6,6,9,4,7,2,11,3,7,3,9,3,7,2,8,0,9,1,9,2,8,1,5,2,7,0,5,1,6,0,6,-1,7,0,6,-1,6,0,0,0,0,0,0,0,0,0,0]"
[0;32mI (2409) csi_recv: compensate_gain 1.000000, agc_gain 0, fft_gain -18[0m
CSI_DATA,36026,14:c1:9f:28:c1:a0,-9,11,1,0,1,1,1,0,0,0,0,-97,0,11,2,2409972,0,47,0,128,0,"[0,0,0,0,0,0,0,0,0,0,0,0,9,6,8,5,11,6,10,7,9,4,7,4,8,4,7,2,7,4,9,1,8,5,10,4,8,4,9,2,7,1,10,3,9,2,9,0,9,0,8,0,6,0,9,1,7,-2,10,2,10,2,9,2,0,0,10,0,10,3,10,3,13,1,10,0,9,1,10,1,8,0,11,1,8,1,9,4,7,3,10,3,7,3,7,4,7,6,7,5,7,3,4,3,7,3,4,3,5,3,4,3,4,5,4,4,4,4,0,0,0,0,0,0,0,0,0,0]"
[0;32mI (2419) csi_recv: compensate_gain 1.000000, agc_gain 0, fft_gain -18[0m
CSI_DATA,36027,14:c1:9f:28:c1:a0,-9,11,1,0,1,1,1,0,0,0,0,-97,0,11,2,2420968,0,47,0,128,0,"[0,0,0,0,0,0,0,0,0,0,0,0,10,-5,8,-5,11,-7,11,-5,8,-6,7,-5,8,-5,5,-5,7,-5,6,-7,9,-5,8,-8,8,-6,7,-7,5,-6,8,-8,6,-8,4,-8,5,-8,4,-7,3,-6,5,-8,2,-8,7,-9,7,-9,6,-7,0,0,5,-10,8,-9,8,-8,7,-12,4,-9,6,-8,6,-10,4,-8,6,-10,5,-7,8,-7,6,-6,7,-8,6,-6,7,-5,8,-5,8,-5,6,-6,5,-4,5,-6,5,-3,5,-4,5,-3,7,-2,6,-3,6,-3,0,0,0,0,0,0,0,0,0,0]"
[0;32mI (2429) csi_recv: compensate_gain 1.000000, agc_gain 0, fft_gain -18[0m
CSI_DATA,36028,14:c1:9f:28:c1:a0,-9,11,1,0,1,1,1,0,0,0,0,-97,0,11,2,2431942,0,47,0,128,0,"[0,0,0,0,0,0,0,0,0,0,0,0,6,-10,5,-9,6,-12,7,-10,5,-9,4,-8,4,-9,2,-7,4,-8,2,-9,5,-9,4,-11,4,-9,2,-9,1,-8,3,-11,2,-10,0,-10,1,-10,1,-9,0,-7,1,-10,-2,-8,2,-11,2,-11,2,-10,0,0,0,-11,3,-11,3,-11,1,-14,0,-10,1,-10,1,-11,0,-9,1,-12,1,-9,4,-10,2,-8,3,-10,2,-8,3,-8,5,-8,4,-9,3,-8,3,-5,2,-8,3,-5,3,-6,3,-6,5,-5,4,-5,4,-5,0,0,0,0,0,0,0,0,0,0]"
[0;32mI (2439) csi_recv: compensate_gain 1.000000, agc_gain 0, fft_gain -18[0m
CSI_DATA,36029,14:c1:9f:28:c1:a0,-9,11,1,0,1,1,1,0,0,0,0,-97,0,11,2,2442971,0,47,0,128,0,"[0,0,0,0,0,0,0,0,0,0,0,0,-7,-10,-7,-9,-9,-10,-7,-11,-7,-8,-6,-8,-6,-8,-6,-6,-6,-8,-8,-5,-7,-9,-9,-8,-7,-8,-8,-6,-7,-5,-9,-8,-9,-6,-9,-4,-9,-5,-8,-5,-6,-3,-9,-5,-8,-2,-10,-6,-10,-7,-8,-6,0,0,-10,-5,-9,-7,-9,-8,-13,-7,-10,-4,-9,-6,-10,-6,-8,-4,-11,-6,-8,-5,-8,-9,-7,-6,-9,-7,-7,-6,-6,-7,-5,-9,-6,-8,-6,-7,-4,-5,-6,-6,-3,-5,-5,-6,-4,-6,-3,-7,-4,-6,-3,-6,0,0,0,0,0,0,0,0,0,0]"
[0;32mI (2449) csi_recv: compensate_gain 1.000000, agc_gain 0, fft_gain -18[0m
CSI_DATA,36030,14:c1:9f:28:c1:a0,-9,11,1,0,1,1,1,0,0,0,0,-97,0,11,2,2453964,0,47,0,128,0,"[0,0,0,0,0,0,0,0,0,0,0,0,-12,0,-10,1,-14,2,-13,0,-11,1,-9,1,-10,1,-8,2,-10,1,-9,4,-11,1,-11,3,-10,2,-9,3,-7,3,-11,3,-10,4,-8,5,-8,5,-8,4,-6,3,-8,5,-5,5,-10,5,-10,5,-9,4,0,0,-9,6,-11,4,-11,4,-12,8,-8,6,-9,5,-10,6,-7,5,-10,6,-8,4,-11,3,-8,3,-10,4,-8,3,-9,2,-10,0,-10,1,-8,2,-7,1,-8,2,-6,0,-7,1,-7,0,-8,-1,-7,0,-7,0,0,0,0,0,0,0,0,0,0,0]"
[0;32mI (2469) csi_recv: compensate_gain 1.000000, agc_gain 0, fft_gain -18[0m
CSI_DATA,36031,14:c1:9f:28:c1:a0,-9,11,1,0,1,1,1,0,0,0,0,-97,0,11,2,2464948,0,47,0,128,0,"[0,0,0,0,0,0,0,0,0,0,0,0,-7,9,-7,8,-8,11,-9,9,-6,9,-5,7,-6,8,-3,6,-5,7,-3,8,-7,8,-5,10,-6,8,-4,8,-3,7,-4,10,-3,9,-1,9,-2,9,-2,8,-1,6,-2,9,1,7,-3,10,-4,10,-3,9,0,0,-1,10,-4,10,-4,10,-2,14,-1,10,-3,9,-2,10,-1,8,-2,11,-2,8,-5,10,-4,7,-4,9,-3,7,-4,7,-6,7,-6,8,-4,7,-4,5,-3,7,-4,4,-4,5,-4,4,-6,4,-5,4,-5,4,0,0,0,0,0,0,0,0,0,0]"
[0;32mI (2479) csi_recv: compensate_gain 1.000000, agc_gain 0, fft_gain -18[0m
CSI_DATA,36032,14:c1:9f:28:c1:a0,-9,11,1,0,1,1,1,0,0,0,0,-97,0,11,2,2475940,0,47,0,128,0,"[0,0,0,0,0,0,0,0,0,0,0,0,3,10,3,9,4,11,2,11,3,8,2,8,3,8,3,6,3,8,5,6,3,9,5,9,3,8,5,7,4,5,5,9,5,7,6,6,6,6,5,5,4,4,6,6,6,3,6,7,6,8,5,7,0,0,7,6,5,8,5,8,9,9,7,6,6,6,7,7,5,5,7,7,5,6,4,9,4,6,5,8,4,6,3,7,2,8,3,8,3,6,1,5,3,6,1,5,2,6,1,5,0,6,1,5,0,6,0,0,0,0,0,0,0,0,0,0]"
[0;32mI (2489) csi_recv: compensate_gain 1.000000, agc_gain 0, fft_gain -18[0m
CSI_DATA,36033,14:c1:9f:28:c1:a0,-9,11,1,0,1,1,1,0,0,0,0,-97,0,11,2,2486960,0,47,0,128,0,"[0,0,0,0,0,0,0,0,0,0,0,0,10,2,9,1,13,1,12,3,10,0,8,1,9,0,7,-1,9,0,9,-3,10,1,11,-1,9,0,9,-2,7,-2,10,-1,10,-2,8,-4,9,-4,8,-3,6,-3,8,-4,6,-5,10,-3,10,-3,9,-2,0,0,9,-5,11,-3,11,-2,12,-6,9,-5,9,-4,10,-4,7,-4,10,-5,8,-3,11,-1,8,-2,10,-2,8,-2,8,-1,9,1,9,0,8,-1,5,0,7,-2,5,0,6,0,6,0,6,2,6,1,6,1,0,0,0,0,0,0,0,0,0,0]"
[0;32mI (2499) csi_recv: compensate_gain 1.000000, agc_gain 0, fft_gain -18[0m
CSI_DATA,36034,14:c1:9f:28:c1:a0,-9,11,1,0,1,1,1,0,0,0,0,-97,0,11,2,2497971,0,47,0,128,0,"[0,0,0,0,0,0,0,0,0,0,0,0,6,-10,5,-9,6,-12,7,-11,4,-10,4,-8,4,-9,2,-8,4,-9,1,-10,5,-10,3,-12,4,-10,2,-10,1,-8,3,-11,2,-10,-1,-10,0,-10,0,-9,0,-7,0,-10,-2,-8,1,-11,1,-11,1,-10,0,0,-1,-11,2,-12,2,-11,0,-15,-1,-10,1,-10,0,-11,0,-9,0,-12,0,-9,3,-11,1,-9,2,-11,1,-9,3,-9,4,-9,4,-9,2,-8,2,-6,2,-8,2,-5,3,-7,3,-6,4,-6,3,-6,4,-6,0,0,0,0,0,0,0,0,0,0]"
[0;32mI (2509) csi_recv: compensate_gain 1.000000, agc_gain 0, fft_gain -18[0m
CSI_DATA,36035,14:c1:9f:28:c1:a0,-9,11,1,0,1,1,1,0,0,0,0,-97,0,11,2,2508955,0,47,0,128,0,"[0,0,0,0,0,0,0,0,0,0,0,0,-2,-12,-2,-10,-3,-14,-1,-13,-3,-11,-2,-9,-2,-10,-3,-8,-2,-9,-5,-9,-2,-11,-4,-11,-3,-10,-4,-9,-4,-7,-5,-11,-5,-9,-6,-8,-6,-8,-5,-7,-4,-6,-6,-8,-6,-5,-6,-10,-6,-10,-5,-9,0,0,-7,-9,-6,-11,-5,-10,-9,-12,-7,-8,-6,-9,-7,-9,-6,-7,-7,-10,-5,-8,-4,-11,-4,-8,-5,-10,-4,-8,-3,-9,-2,-10,-2,-10,-3,-8,-2,-6,-3,-8,-1,-6,-2,-7,-1,-7,0,-8,-1,-7,0,-7,0,0,0,0,0,0,0,0,0,0]"
[0;32mI (2519) csi_recv: compensate_gain 1.000000, agc_gain 0, fft_gain -18[0m
CSI_DATA,36036,14:c1:9f:28:c1:a0,-9,11,1,0,1,1,1,0,0,0,0,-97,0,11,2,2519959,0,47,0,128,0,"[0,0,0,0,0,0,0,0,0,0,0,0,-10,-6,-9,-6,-12,-6,-11,-8,-10,-5,-9,-5,-9,-5,-8,-3,-9,-5,-10,-2,-10,-6,-11,-4,-10,-4,-10,-3,-8,-2,-11,-4,-11,-3,-10,0,-10,-1,-9,-1,-7,0,-10,-1,-8,1,-11,-2,-12,-2,-10,-2,0,0,-11,0,-12,-3,-12,-3,-14,-1,-11,0,-10,-2,-11,-1,-9,-1,-12,-1,-9,-1,-11,-5,-9,-3,-11,-3,-9,-3,-8,-4,-8,-6,-9,-5,-8,-3,-6,-3,-8,-3,-5,-3,-7,-4,-6,-4,-6,-6,-6,-4,-6,-5,0,0,0,0,0,0,0,0,0,0]"
[0;32mI (2529) csi_recv: compensate_gain 1.000000, agc_gain 0, fft_gain -18[0m
CSI_DATA,36037,14:c1:9f:28:c1:a0,-9,11,1,0,1,1,1,0,0,0,0,-97,0,11,2,2530960,0,47,0,128,0,"[0,0,0,0,0,0,0,0,0,0,0,0,-8,7,-7,7,-9,9,-10,7,-7,7,-6,6,-7,7,-4,6,-6,6,-4,8,-8,7,-6,9,-7,7,-5,8,-4,6,-6,9,-5,8,-2,8,-3,9,-3,8,-2,6,-3,8,0,7,-4,9,-5,9,-4,8,0,0,-2,10,-5,10,-6,9,-3,13,-2,9,-4,9,-3,10,-2,8,-3,11,-3,8,-6,9,-4,7,-5,9,-4,7,-5,7,-7,6,-6,7,-4,7,-4,4,-4,6,-4,4,-4,5,-5,4,-6,4,-5,4,-5,4,0,0,0,0,0,0,0,0,0,0]"
[0;32mI (2539) csi_recv: compensate_gain 1.000000, agc_gain 0, fft_gain -18[0m
CSI_DATA,36038,14:c1:9f:28:c1:a0,-9,11,1,0,1,1,1,0,0,0,0,-97,0,11,2,2541962,0,47,0,128,0,"[0,0,0,0,0,0,0,0,0,0,0,0,0,11,1,10,2,13,0,12,1,10,1,8,1,9,2,7,1,8,4,8,1,10,3,10,2,9,3,8,3,6,3,10,4,9,5,7,5,7,4,7,3,5,5,7,5,4,5,9,5,9,4,8,0,0,6,8,4,10,4,10,8,11,6,7,5,8,6,8,5,6,6,9,4,7,3,10,3,7,4,9,3,7,2,8,1,9,1,9,2,8,1,5,2,7,0,5,1,6,0,6,-1,7,0,6,-1,6,0,0,0,0,0,0,0,0,0,0]"
[0;32mI (2549) csi_recv: compensate_gain 1.000000, agc_gain 0, fft_gain -18[0m
CSI_DATA,36039,14:c1:9f:28:c1:a0,-9,11,1,0,1,1,1,0,0,0,0,-97,0,11,2,2552970,0,47,0,128,0,"[0,0,0,0,0,0,0,0,0,0,0,0,9,5,9,4,12,4,11,5,9,3,8,3,9,3,7,1,8,3,9,0,9,4,11,2,9,3,9,1,7,0,10,2,9,1,9,-2,9,-1,8,-1,6,-1,9,-1,6,-3,10,0,11,0,9,0,0,0,10,-2,11,1,11,1,14,-2,9,-2,9,-1,10,-1,8,-2,11,-1,8,-1,10,3,8,1,10,1,8,1,8,2,8,4,9,3,8,2,5,2,7,1,5,2,6,2,5,2,5,4,5,3,5,3,0,0,0,0,0,0,0,0,0,0]"
[0;32mI (2559) csi_recv: compensate_gain 1.000000, agc_gain 0, fft_gain -18[0m
CSI_DATA,36040,14:c1:9f:28:c1:a0,-9,11,1,0,1,1,1,0,0,0,0,-97,0,11,2,2563963,0,47,0,128,0,"[0,0,0,0,0,0,0,0,0,0,0,0,9,-5,9,-5,11,-7,11,-5,8,-6,7,-4,8,-5,5,-5,7,-5,6,-7,9,-5,8,-7,8,-5,7,-6,5,-6,8,-7,7,-7,4,-8,5,-8,5,-7,3,-6,6,-8,2,-7,7,-8,8,-8,6,-7,0,0,5,-9,8,-8,8,-8,8,-12,5,-8,6,-8,6,-9,5,-7,7,-9,5,-7,8,-6,6,-6,8,-7,6,-6,7,-5,8,-4,8,-5,6,-5,5,-3,6,-5,5,-3,6,-3,5,-3,6,-2,6,-2,6,-2,0,0,0,0,0,0,0,0,0,0]"
[0;32mI (2579) csi_recv: compensate_gain 1.000000, agc_gain 0, fft_gain -18[0m
CSI_DATA,36041,14:c1:9f:28:c1:a0,-9,11,1,0,1,1,1,0,0,0,0,-97,0,11,2,2574974,0,47,0,128,0,"[0,0,0,0,0,0,0,0,0,0,0,0,-2,-12,-2,-11,-3,-14,-1,-13,-3,-11,-2,-10,-2,-10,-3,-8,-2,-10,-5,-9,-2,-12,-4,-12,-3,-11,-4,-9,-4,-7,-5,-11,-5,-10,-7,-8,-6,-8,-6,-8,-5,-6,-6,-8,-7,-6,-6,-10,-6,-10,-5,-9,0,0,-8,-9,-6,-11,-5,-11,-10,-12,-7,-8,-6,-9,-7,-9,-6,-7,-8,-10,-6,-8,-4,-11,-4,-8,-5,-10,-4,-8,-3,-9,-2,-10,-3,-10,-4,-9,-2,-6,-4,-8,-2,-6,-2,-7,-2,-7,0,-8,-1,-7,-1,-7,0,0,0,0,0,0,0,0,0,0]"
[0;32mI (2599) csi_recv: compensate_gain 1.000000, agc_gain 0, fft_gain -18[0m
CSI_DATA,36043,14:c1:9f:28:c1:a0,-9,11,1,0,1,1,1,0,0,0,0,-97,0,11,2,2596963,0,47,0,128,0,"[0,0,0,0,0,0,0,0,0,0,0,0,-11,2,-10,2,-14,3,-13,1,-11,3,-9,2,-10,2,-7,3,-9,2,-8,5,-11,2,-11,4,-10,2,-9,4,-7,4,-10,4,-9,5,-7,6,-8,6,-7,5,-5,4,-8,6,-5,6,-9,6,-10,6,-8,5,0,0,-8,7,-10,5,-10,5,-11,9,-7,7,-8,5,-9,7,-7,5,-9,7,-7,5,-11,4,-8,4,-10,5,-8,3,-9,3,-10,1,-10,2,-8,3,-6,1,-7,3,-6,1,-7,1,-7,1,-8,0,-7,0,-7,0,0,0,0,0,0,0,0,0,0,0]"
[0;32mI (2609) csi_recv: compensate_gain 1.000000, agc_gain 0, fft_gain -18[0m
CSI_DATA,36044,14:c1:9f:28:c1:a0,-9,11,1,0,1,1,1,0,0,0,0,-97,0,11,2,2607947,0,47,0,128,0,"[0,0,0,0,0,0,0,0,0,0,0,0,-8,8,-7,7,-8,10,-9,8,-6,8,-6,7,-6,7,-4,6,-6,7,-3,8,-7,8,-6,10,-6,7,-4,8,-3,7,-5,9,-4,9,-2,9,-2,9,-2,8,-2,6,-3,8,0,7,-4,9,-4,10,-4,8,0,0,-2,10,-5,10,-5,10,-3,13,-2,9,-3,9,-3,10,-2,8,-3,11,-3,8,-6,9,-4,7,-5,9,-4,7,-5,6,-7,6,-6,7,-5,7,-4,4,-4,6,-4,4,-5,5,-5,4,-6,3,-5,4,-5,3,0,0,0,0,0,0,0,0,0,0]"
[0;32mI (2619) csi_recv: compensate_gain 1.000000, agc_gain 0, fft_gain -18[0m
CSI_DATA,36045,14:c1:9f:28:c1:a0,-9,11,1,0,1,1,1,0,0,0,0,-97,0,11,2,2618967,0,47,0,128,0,"[0,0,0,0,0,0,0,0,0,0,0,0,4,10,4,9,6,11,4,11,5,8,4,7,4,8,4,6,4,7,6,6,4,9,7,9,5,8,6,6,5,5,7,8,7,7,7,5,7,5,6,5,5,3,7,5,7,2,8,6,8,7,6,6,0,0,9,5,8,7,7,7,12,7,8,4,7,5,9,6,7,4,9,6,7,5,6,8,6,6,7,7,5,5,5,6,4,8,5,8,5,6,3,5,5,5,2,4,3,5,3,5,2,7,2,5,2,6,0,0,0,0,0,0,0,0,0,0]"
[0;32mI (2629) csi_recv: compensate_gain 1.000000, agc_gain 0, fft_gain -18[0m
CSI_DATA,36046,14:c1:9f:28:c1:a0,-9,11,1,0,1,1,1,0,0,0,0,-97,0,11,2,2629955,0,47,0,128,0,"[0,0,0,0,0,0,0,0,0,0,0,0,10,3,10,3,13,2,12,4,10,2,8,2,9,2,7,0,8,2,9,-1,10,2,11,0,9,1,9,0,8,-1,10,1,10,-1,8,-3,9,-2,8,-1,6,-2,9,-1,6,-4,10,-1,11,-1,9,-1,0,0,10,-3,11,0,11,0,13,-3,10,-3,9,-1,10,-1,8,-2,11,-1,8,-1,10,2,8,0,10,0,8,0,8,2,8,4,9,2,8,1,5,2,7,1,5,2,6,2,5,2,5,4,5,3,5,3,0,0,0,0,0,0,0,0,0,0]"
[0;32mI (2639) csi_recv: compensate_gain 1.000000, agc_gain 0, fft_gain -18[0m
CSI_DATA,36047,14:c1:9f:28:c1:a0,-9,11,1,0,1,1,1,0,0,0,0,-97,0,11,2,2640966,0,47,0,128,0,"[0,0,0,0,0,0,0,0,0,0,0,0,7,-9,6,-8,8,-10,9,-9,6,-9,5,-7,6,-8,4,-7,5,-7,3,-9,7,-8,6,-10,6,-8,4,-9,3,-7,5,-10,4,-9,2,-10,2,-10,2,-9,1,-7,3,-9,0,-8,4,-11,4,-11,4,-9,0,0,2,-11,5,-11,5,-10,3,-14,2,-10,3,-10,3,-11,2,-9,3,-12,3,-9,6,-9,4,-8,5,-10,4,-8,5,-7,6,-7,6,-8,4,-7,4,-5,4,-7,4,-5,4,-6,4,-5,6,-4,5,-5,5,-4,0,0,0,0,0,0,0,0,0,0]"
[0;32mI (2659) csi_recv: compensate_gain 1.000000, agc_gain 0, fft_gain -18[0m
CSI_DATA,36049,14:c1:9f:28:c1:a0,-9,11,1,0,1,1,1,0,0,0,0,-97,0,11,2,2662955,0,47,0,128,0,"[0,0,0,0,0,0,0,0,0,0,0,0,-7,-10,-6,-9,-9,-11,-7,-11,-7,-8,-6,-8,-6,-8,-6,-6,-6,-8,-8,-6,-6,-9,-9,-9,-7,-8,-8,-7,-7,-5,-8,-8,-9,-7,-9,-4,-9,-5,-8,-5,-6,-4,-9,-5,-8,-3,-9,-7,-9,-7,-8,-6,0,0,-10,-6,-9,-8,-9,-8,-13,-7,-10,-5,-8,-6,-10,-6,-8,-5,-10,-7,-7,-6,-8,-9,-7,-6,-8,-8,-7,-6,-6,-7,-5,-9,-6,-9,-6,-7,-3,-6,-6,-6,-3,-6,-4,-6,-3,-6,-3,-7,-3,-6,-3,-7,0,0,0,0,0,0,0,0,0,0]"
[0;32mI (2669) csi_recv: compensate_gain 1.000000, agc_gain 0, fft_gain -18[0m
CSI_DATA,36050,14:c1:9f:28:c1:a0,-9,11,1,0,1,1,1,0,0,0,0,-97,0,11,2,2673957,0,47,0,128,0,"[0,0,0,0,0,0,0,0,0,0,0,0,-11,-3,-10,-3,-14,-3,-13,-4,-11,-2,-9,-2,-10,-2,-8,-1,-9,-2,-10,1,-11,-3,-12,-1,-10,-2,-10,0,-8,1,-11,0,-11,0,-9,3,-10,2,-9,2,-7,2,-10,2,-7,3,-11,2,-12,1,-10,1,0,0,-11,3,-12,1,-12,0,-14,4,-10,3,-10,1,-11,2,-9,2,-12,2,-9,1,-11,-1,-9,0,-11,0,-9,0,-9,-1,-10,-3,-10,-2,-9,-1,-6,-2,-8,0,-6,-2,-7,-2,-7,-2,-7,-4,-7,-2,-6,-3,0,0,0,0,0,0,0,0,0,0]"
[0;32mI (2689) csi_recv: compensate_gain 1.000000, agc_gain 0, fft_gain -18[0m
CSI_DATA,36051,14:c1:9f:28:c1:a0,-9,11,1,0,1,1,1,0,0,0,0,-97,0,11,2,2684971,0,47,0,128,0,"[0,0,0,0,0,0,0,0,0,0,0,0,-11,4,-9,4,-12,6,-12,4,-9,5,-8,4,-9,4,-6,4,-8,4,-7,6,-10,4,-9,7,-9,5,-8,6,-6,5,-9,7,-7,7,-5,8,-6,7,-6,6,-4,5,-6,7,-3,6,-8,8,-8,8,-7,6,0,0,-6,9,-9,8,-9,7,-8,11,-6,8,-7,7,-7,8,-5,7,-7,9,-6,6,-9,6,-7,5,-9,6,-7,5,-8,4,-9,3,-9,4,-7,5,-6,2,-7,4,-6,2,-7,3,-6,2,-8,1,-6,2,-7,1,0,0,0,0,0,0,0,0,0,0]"
[0;32mI (2699) csi_recv: compensate_gain 1.000000, agc_gain 0, fft_gain -18[0m
CSI_DATA,36052,14:c1:9f:28:c1:a0,-9,11,1,0,1,1,1,0,0,0,0,-97,0,11,2,2695955,0,47,0,128,0,"[0,0,0,0,0,0,0,0,0,0,0,0,-5,10,-5,9,-5,12,-7,11,-4,9,-4,8,-4,9,-2,7,-4,8,-1,9,-5,9,-3,11,-3,9,-2,9,-1,7,-2,10,-1,10,1,9,0,9,0,8,0,6,0,9,2,6,0,10,-1,11,-1,9,0,0,1,10,-1,11,-2,11,2,13,1,9,0,9,1,10,1,8,1,11,0,8,-2,10,-1,8,-1,10,-1,8,-2,8,-4,8,-3,9,-2,8,-2,5,-1,7,-2,5,-2,6,-3,5,-4,6,-3,5,-4,5,0,0,0,0,0,0,0,0,0,0]"
[0;32mI (2709) csi_recv: compensate_gain 1.000000, agc_gain 0, fft_gain -18[0m
CSI_DATA,36053,14:c1:9f:28:c1:a0,-9,11,1,0,1,1,1,0,0,0,0,-97,0,11,2,2706948,0,47,0,128,0,"[0,0,0,0,0,0,0,0,0,0,0,0,1,11,1,10,2,13,0,12,2,10,1,8,1,9,2,7,2,8,4,8,1,10,4,10,2,9,3,8,3,6,4,10,4,8,6,7,5,7,4,7,4,4,5,7,5,4,5,9,5,9,4,8,0,0,6,8,5,10,4,10,9,11,6,7,5,8,6,8,5,6,6,9,4,7,3,10,3,7,4,9,3,7,2,8,1,9,2,9,2,7,1,5,3,7,0,5,1,6,0,6,-1,7,0,6,-1,6,0,0,0,0,0,0,0,0,0,0]"
[0;32mI (2719) csi_recv: compensate_gain 1.000000, agc_gain 0, fft_gain -18[0m
CSI_DATA,36054,14:c1:9f:28:c1:a0,-9,11,1,0,1,1,1,0,0,0,0,-97,0,11,2,2717950,0,47,0,128,0,"[0,0,0,0,0,0,0,0,0,0,0,0,8,7,7,6,10,7,9,8,8,5,7,5,7,5,6,3,7,5,8,2,8,6,10,5,8,5,8,3,7,2,9,4,9,3,9,1,9,1,8,2,6,1,9,2,7,-1,10,2,10,3,8,3,0,0,10,1,10,3,10,4,13,2,9,1,9,2,10,2,8,1,11,2,8,2,9,5,7,3,9,4,7,3,7,4,6,6,7,5,7,4,4,3,7,3,4,3,5,3,4,3,4,5,4,4,4,4,0,0,0,0,0,0,0,0,0,0]"
