Command: /home/mayo/.espressif/python_env/idf5.5_py3.13_env/bin/python /home/mayo/esp/esp-idf/tools/idf_monitor.py -p /dev/ttyACM0 -b 921600 --toolchain-prefix xtensa-esp32s3-elf- --target esp32s3 --revision 0 /home/mayo/Documents/projects/csi_research/csi/csi_recv/build/csi_recv.elf /home/mayo/Documents/projects/csi_research/csi/csi_recv/build/bootloader/bootloader.elf -m '/home/mayo/.espressif/python_env/idf5.5_py3.13_env/bin/python' '/home/mayo/esp/esp-idf/tools/idf.py' '-p' '/dev/ttyACM0'
[0;32mI (324) phy_init: Saving new calibration data due to checksum faESP-ROM:esp32s3-20210327[0m
Build:Mar 27 2021
rst:0x15 (USB_UART_CHIP_RESET),boot:0x8 (SPI_FAST_FLASH_BOOT)
Saved PC:0x40379dae
SPIWP:0xee
mode:DIO, clock div:1
load:0x3fce2820,len:0x14f0
load:0x403c8700,len:0xd30
load:0x403cb700,len:0x2ef0
entry 0x403c8928
[0;32mI (24) boot: ESP-IDF v5.5.3 2nd stage bootloader[0m
[0;32mI (24) boot: compile time Jul 27 2026 06:04:27[0m
[0;32mI (25) boot: Multicore bootloader[0m
[0;32mI (25) boot: chip revision: v0.2[0m
[0;32mI (25) boot: efuse block revision: v1.4[0m
[0;32mI (25) boot.esp32s3: Boot SPI Speed : 80MHz[0m
[0;32mI (26) boot.esp32s3: SPI Mode       : DIO[0m
[0;32mI (26) boot.esp32s3: SPI Flash Size : 2MB[0m
[0;32mI (27) boot: Enabling RNG early entropy source...[0m
[0;32mI (27) boot: Partition Table:[0m
[0;32mI (27) boot: ## Label            Usage          Type ST Offset   Length[0m
[0;32mI (28) boot:  0 nvs              WiFi data        01 02 0000b000 00006000[0m
[0;32mI (29) boot:  1 phy_init         RF data          01 01 00011000 00001000[0m
[0;32mI (30) boot:  2 factory          factory app      00 00 00020000 00100000[0m
[0;32mI (31) boot: End of partition table[0m
[0;32mI (31) esp_image: segment 0: paddr=00020020 vaddr=3c080020 size=18ec4h (102084) map[0m
[0;32mI (50) esp_image: segment 1: paddr=00038eec vaddr=3fc9a300 size=04dech ( 19948) load[0m
[0;32mI (55) esp_image: segment 2: paddr=0003dce0 vaddr=40374000 size=02338h (  9016) load[0m
[0;32mI (57) esp_image: segment 3: paddr=00040020 vaddr=42000020 size=7e850h (518224) map[0m
[0;32mI (149) esp_image: segment 4: paddr=000be878 vaddr=40376338 size=13f74h ( 81780) load[0m
[0;32mI (167) esp_image: segment 5: paddr=000d27f4 vaddr=50000000 size=00020h (    32) load[0m
[0;32mI (176) boot: Loaded app from partition at offset 0x20000[0m
[0;32mI (176) boot: Disabling RNG early entropy source...[0m
[0;32mI (178) cpu_start: Multicore app[0m
[0;32mI (186) cpu_start: GPIO 44 and 43 are used as console UART I/O pins[0m
[0;32mI (187) cpu_start: Pro cpu start user code[0m
[0;32mI (187) cpu_start: cpu freq: 160000000 Hz[0m
[0;32mI (188) app_init: Application information:[0m
[0;32mI (188) app_init: Project name:     csi_recv[0m
[0;32mI (188) app_init: App version:      1[0m
[0;32mI (188) app_init: Compile time:     Jul 27 2026 06:04:16[0m
[0;32mI (189) app_init: ELF file SHA256:  532a5ac3f...[0m
[0;32mI (189) app_init: ESP-IDF:          v5.5.3[0m
[0;32mI (190) efuse_init: Min chip rev:     v0.0[0m
[0;32mI (190) efuse_init: Max chip rev:     v0.99 [0m
[0;32mI (191) efuse_init: Chip rev:         v0.2[0m
[0;32mI (191) heap_init: Initializing. RAM available for dynamic allocation:[0m
[0;32mI (192) heap_init: At 3FCA2E48 len 000468C8 (282 KiB): RAM[0m
[0;32mI (193) heap_init: At 3FCE9710 len 00005724 (21 KiB): RAM[0m
[0;32mI (193) heap_init: At 3FCF0000 len 00008000 (32 KiB): DRAM[0m
[0;32mI (194) heap_init: At 600FE000 len 00001FE8 (7 KiB): RTCRAM[0m
[0;32mI (196) spi_flash: detected chip: boya[0m
[0;32mI (196) spi_flash: flash io: dio[0m
[0;33mW (196) spi_flash: Detected size(16384k) larger than the size in the binary image header(2048k). Using the size in the binary image header.[0m
[0;32mI (197) sleep_gpio: Configure to isolate all GPIO pins in sleep state[0m
[0;32mI (198) sleep_gpio: Enable automatic switching of GPIO sleep configuration[0m
[0;32mI (199) main_task: Started on CPU0[0m
[0;32mI (209) main_task: Calling app_main()[0m
[0;32mI (229) pp: pp rom version: e7ae62f[0m
[0;32mI (229) net80211: net80211 rom version: e7ae62f[0m
[0;32mI (239) wifi:wifi driver task: 3fceeb20, prio:23, stack:6656, core=0[0m
[0;32mI (239) wifi:wifi firmware version: 4df78f2[0m
[0;32mI (239) wifi:wifi certification version: v7.0[0m
[0;32mI (239) wifi:config NVS flash: enabled[0m
[0;32mI (239) wifi:config nano formatting: disabled[0m
[0;32mI (249) wifi:Init data frame dynamic rx buffer num: 128[0m
[0;32mI (249) wifi:Init static rx mgmt buffer num: 5[0m
[0;32mI (249) wifi:Init management short buffer num: 32[0m
[0;32mI (249) wifi:Init dynamic tx buffer num: 32[0m
[0;32mI (249) wifi:Init static tx FG buffer num: 2[0m
[0;32mI (249) wifi:Init static rx buffer size: 2212[0m
[0;32mI (249) wifi:Init static rx buffer num: 10[0m
[0;32mI (249) wifi:Init dynamic rx buffer num: 128[0m
[0;32mI (249) wifi_init: rx ba win: 6[0m
[0;32mI (249) wifi_init: accept mbox: 6[0m
[0;32mI (249) wifi_init: tcpip mbox: 32[0m
[0;32mI (249) wifi_init: udp mbox: 6[0m
[0;32mI (249) wifi_init: tcp mbox: 6[0m
[0;32mI (249) wifi_init: tcp tx win: 5760[0m
[0;32mI (249) wifi_init: tcp rx win: 5760[0m
[0;32mI (249) wifi_init: tcp mss: 1440[0m
[0;32mI (249) wifi_init: WiFi IRAM OP enabled[0m
[0;32mI (249) wifi_init: WiFi RX IRAM OP enabled[0m
[0;32mI (249) phy_init: phy_version 711,97bcf0a2,Aug 25 2025,19:04:10[0m
[0;32mI (289) phy_init: Saving new calibration data due to checksum failure or outdated calibration data, mode(0)[0m
[0;32mI (329) wifi:mode : sta (14:c1:9f:28:99:dc)[0m
[0;32mI (329) wifi:enable tsf[0m
[0;32mI (329) wifi:Set ps type: 0, coexist: 0[0m

[0;32mI (339) wifi:enable tsf[0m
[0;32mI (339) ESPNOW: espnow [version: 2.0] init[0m
[0;32mI (339) wifi:ic_enable_sniffer[0m
[0;32mI (339) main_task: Returned from app_main()[0m
[0;32mI (349) csi_recv: compensate_gain 1.000000, agc_gain 33, fft_gain -24[0m
[0;32mI (349) csi_recv: ================ CSI RECV ================[0m
type,id,mac,rssi,rate,sig_mode,mcs,bandwidth,smoothing,not_sounding,aggregation,stbc,fec_coding,sgi,noise_floor,ampdu_cnt,channel,secondary_channel,local_timestamp,ant,sig_len,rx_state,len,first_word,data
CSI_DATA,51964,14:c1:9f:28:c1:a0,-39,11,1,0,1,1,1,0,0,0,0,-97,0,11,2,346795,0,47,0,128,0,"[0,0,0,0,0,0,0,0,0,0,0,0,8,9,7,9,9,9,8,9,8,9,7,8,8,8,8,8,7,8,8,7,8,8,9,7,8,7,8,6,8,6,9,6,9,5,8,5,9,5,9,5,9,6,9,5,9,5,10,4,10,5,10,5,0,0,10,5,11,5,11,5,11,5,10,5,10,6,10,6,10,6,10,6,10,6,10,6,8,6,8,6,8,6,8,6,8,6,7,7,7,6,6,6,6,6,5,7,5,7,5,7,5,6,4,7,3,6,0,0,0,0,0,0,0,0,0,0]"
[0;32mI (359) csi_recv: compensate_gain 1.000000, agc_gain 33, fft_gain -25[0m
CSI_DATA,51965,14:c1:9f:28:c1:a0,-39,11,1,0,1,1,1,0,0,0,0,-97,0,11,2,357814,0,47,0,128,0,"[0,0,0,0,0,0,0,0,0,0,0,0,-6,11,-5,11,-5,12,-5,11,-5,11,-5,10,-4,10,-4,10,-4,10,-3,10,-4,11,-3,11,-3,11,-3,11,-3,10,-2,11,-1,11,-1,10,-1,10,-1,10,-1,10,-1,11,-1,10,0,11,-1,12,0,12,0,0,0,12,0,12,0,12,0,12,-1,11,-1,12,-1,12,-1,11,-2,12,-2,11,-2,12,-2,11,-2,11,-2,11,-3,10,-3,10,-3,10,-3,9,-3,9,-3,8,-4,8,-4,8,-4,7,-4,7,-5,7,-5,6,0,0,0,0,0,0,0,0,0,0]"
[0;32mI (369) csi_recv: compensate_gain 1.000000, agc_gain 26, fft_gain -14[0m
CSI_DATA,51966,14:c1:9f:28:c1:a0,-35,11,1,0,1,1,1,0,0,0,0,-97,0,11,2,368793,0,47,0,128,0,"[0,0,0,0,0,0,0,0,0,0,0,0,-1,-12,-1,-12,-1,-13,-1,-13,-2,-12,-2,-11,-1,-11,-2,-11,-2,-11,-3,-11,-2,-12,-3,-12,-3,-11,-3,-11,-3,-10,-4,-11,-4,-10,-4,-10,-5,-10,-4,-10,-4,-10,-5,-10,-4,-9,-5,-10,-5,-10,-5,-10,0,0,-5,-11,-5,-11,-5,-11,-6,-10,-4,-10,-5,-10,-4,-11,-4,-10,-4,-11,-4,-10,-4,-11,-3,-10,-3,-10,-3,-10,-2,-10,-3,-10,-2,-10,-2,-9,-1,-9,-1,-8,-1,-9,-1,-8,0,-8,0,-8,0,-7,1,-7,0,0,0,0,0,0,0,0,0,0]"
[0;32mI (379) csi_recv: compensate_gain 1.000000, agc_gain 35, fft_gain -30[0m
CSI_DATA,51967,14:c1:9f:28:c1:a0,-40,11,1,0,1,1,1,0,0,0,0,-97,0,11,2,379814,0,47,0,128,0,"[0,0,0,0,0,0,0,0,0,0,0,0,-11,5,-10,5,-10,6,-11,5,-10,5,-10,5,-10,5,-9,6,-9,5,-9,6,-9,6,-9,7,-9,6,-8,7,-8,6,-8,7,-7,7,-7,7,-7,8,-7,7,-7,7,-7,8,-7,7,-6,9,-7,9,-7,9,0,0,-7,9,-7,9,-7,9,-7,9,-7,8,-8,9,-8,8,-8,8,-8,8,-8,8,-8,8,-7,7,-8,7,-8,7,-8,6,-8,6,-8,6,-7,6,-8,5,-7,5,-8,4,-7,4,-7,3,-7,3,-7,3,-7,2,0,0,0,0,0,0,0,0,0,0]"
[0;32mI (389) csi_recv: compensate_gain 1.000000, agc_gain 33, fft_gain -25[0m
CSI_DATA,51968,14:c1:9f:28:c1:a0,-39,11,1,0,1,1,1,0,0,0,0,-97,0,11,2,390798,0,47,0,128,0,"[0,0,0,0,0,0,0,0,0,0,0,0,-4,12,-3,11,-2,12,-4,12,-3,12,-3,11,-3,11,-2,11,-2,11,-2,11,-2,11,-1,11,-1,11,-1,11,-1,10,0,12,0,10,0,10,1,10,1,11,0,10,1,11,1,10,2,11,1,12,2,12,0,0,2,11,2,12,2,12,2,12,1,11,1,12,1,12,1,12,0,12,0,12,0,12,0,11,-1,10,-1,10,-1,10,-1,10,-1,10,-1,9,-2,9,-2,9,-2,9,-3,8,-3,8,-3,8,-4,7,-4,7,0,0,0,0,0,0,0,0,0,0]"
[0;32mI (399) csi_recv: compensate_gain 1.000000, agc_gain 35, fft_gain -30[0m
CSI_DATA,51969,14:c1:9f:28:c1:a0,-40,11,1,0,1,1,1,0,0,0,0,-97,0,11,2,401995,0,47,0,128,0,"[0,0,0,0,0,0,0,0,0,0,0,0,-12,2,-12,2,-12,3,-12,2,-12,2,-11,2,-11,3,-11,3,-11,3,-10,3,-11,3,-11,4,-11,4,-10,4,-10,4,-11,5,-10,5,-9,5,-9,5,-10,5,-10,5,-10,5,-9,5,-9,6,-10,6,-10,7,0,0,-10,6,-10,6,-11,7,-10,7,-10,6,-11,6,-11,5,-10,5,-11,5,-10,5,-11,5,-10,4,-10,4,-10,4,-10,3,-10,3,-10,3,-9,3,-9,2,-9,2,-9,1,-9,1,-9,0,-8,1,-8,0,-8,-1,0,0,0,0,0,0,0,0,0,0]"
[0;32mI (409) csi_recv: compensate_gain 1.000000, agc_gain 33, fft_gain -25[0m
CSI_DATA,51970,14:c1:9f:28:c1:a0,-39,11,1,0,1,1,1,0,0,0,0,-97,0,11,2,412790,0,47,0,128,0,"[0,0,0,0,0,0,0,0,0,0,0,0,0,12,0,12,1,12,0,12,1,12,1,11,1,11,2,11,1,11,2,10,2,11,2,11,3,11,3,10,2,10,4,11,4,10,3,9,5,9,4,10,4,10,5,10,4,9,5,9,5,10,6,10,0,0,6,10,5,10,6,11,6,10,5,10,5,11,5,11,5,10,5,11,4,10,4,11,4,10,3,10,4,10,3,10,3,10,2,10,2,9,2,9,2,9,1,9,1,8,1,8,0,8,-1,8,-1,7,0,0,0,0,0,0,0,0,0,0]"
[0;32mI (419) csi_recv: compensate_gain 1.000000, agc_gain 33, fft_gain -24[0m
CSI_DATA,51971,14:c1:9f:28:c1:a0,-39,11,1,0,1,1,1,0,0,0,0,-97,0,11,2,423811,0,47,0,128,0,"[0,0,0,0,0,0,0,0,0,0,0,0,-8,10,-8,10,-7,11,-8,10,-7,10,-7,10,-7,10,-7,10,-7,10,-6,10,-6,10,-6,11,-6,10,-5,10,-5,10,-5,11,-4,11,-4,10,-3,11,-4,10,-4,10,-4,11,-3,10,-3,12,-3,12,-3,12,0,0,-3,12,-3,12,-3,13,-3,12,-3,12,-4,12,-4,12,-4,11,-5,12,-4,11,-5,11,-5,10,-5,10,-5,10,-5,9,-5,10,-6,9,-5,9,-6,8,-6,8,-6,7,-6,7,-6,7,-6,6,-7,6,-6,5,0,0,0,0,0,0,0,0,0,0]"
[0;32mI (439) csi_recv: compensate_gain 1.000000, agc_gain 33, fft_gain -25[0m
CSI_DATA,51972,14:c1:9f:28:c1:a0,-39,11,1,0,1,1,1,0,0,0,0,-97,0,11,2,434813,0,47,0,128,0,"[0,0,0,0,0,0,0,0,0,0,0,0,-9,9,-8,9,-8,10,-9,9,-8,9,-8,9,-8,9,-7,9,-7,9,-7,9,-7,9,-7,10,-6,10,-6,10,-6,9,-6,11,-5,10,-5,9,-4,10,-4,10,-5,10,-4,11,-4,10,-3,11,-4,11,-4,11,0,0,-4,12,-4,12,-4,12,-4,12,-4,11,-5,12,-5,11,-5,11,-5,11,-5,11,-5,11,-5,10,-5,10,-6,10,-6,9,-6,9,-6,9,-6,8,-6,8,-6,7,-6,7,-6,6,-7,6,-6,6,-7,5,-7,5,0,0,0,0,0,0,0,0,0,0]"
[0;32mI (449) csi_recv: compensate_gain 1.000000, agc_gain 33, fft_gain -23[0m
CSI_DATA,51973,14:c1:9f:28:c1:a0,-40,11,1,0,1,1,1,0,0,0,0,-97,0,11,2,446007,0,47,0,128,0,"[0,0,0,0,0,0,0,0,0,0,0,0,-13,2,-13,3,-13,4,-13,3,-12,3,-12,3,-12,3,-12,3,-12,3,-11,4,-12,4,-12,5,-11,4,-11,5,-11,4,-11,5,-10,6,-10,5,-10,6,-10,6,-10,5,-10,6,-9,6,-10,8,-11,7,-10,8,0,0,-11,8,-11,7,-11,8,-11,8,-11,7,-11,7,-11,6,-11,6,-11,6,-11,6,-11,6,-11,5,-11,5,-11,5,-10,4,-11,4,-10,4,-10,4,-10,3,-9,3,-10,2,-10,1,-9,1,-9,1,-9,1,-9,0,0,0,0,0,0,0,0,0,0,0]"
[0;32mI (459) csi_recv: compensate_gain 1.000000, agc_gain 33, fft_gain -25[0m
CSI_DATA,51974,14:c1:9f:28:c1:a0,-39,11,1,0,1,1,1,0,0,0,0,-97,0,11,2,456790,0,47,0,128,0,"[0,0,0,0,0,0,0,0,0,0,0,0,6,10,6,10,7,10,6,10,7,10,6,9,6,9,6,9,6,9,7,8,7,9,8,8,7,8,7,7,7,7,8,8,8,7,8,6,8,6,8,7,8,7,9,7,8,6,10,6,10,7,10,6,0,0,10,6,10,7,10,7,10,7,9,7,9,7,9,8,9,8,8,8,8,8,9,8,7,7,7,7,7,7,7,8,7,8,6,8,6,7,5,8,5,7,4,7,4,7,4,7,4,7,3,7,2,7,0,0,0,0,0,0,0,0,0,0]"
[0;32mI (469) csi_recv: compensate_gain 1.000000, agc_gain 33, fft_gain -25[0m
CSI_DATA,51975,14:c1:9f:28:c1:a0,-39,11,1,0,1,1,1,0,0,0,0,-97,0,11,2,467801,0,47,0,128,0,"[0,0,0,0,0,0,0,0,0,0,0,0,3,12,3,12,4,11,3,12,3,11,3,11,3,10,4,10,4,10,4,10,4,10,5,10,5,10,5,9,5,9,6,10,6,9,5,8,6,8,6,8,6,9,7,9,6,8,8,8,7,9,8,9,0,0,8,9,8,9,8,9,8,9,7,9,7,10,7,10,7,10,7,10,6,9,6,10,5,9,5,9,5,10,5,9,5,9,4,9,4,9,3,9,3,8,2,9,2,8,2,8,2,8,1,8,0,7,0,0,0,0,0,0,0,0,0,0]"
[0;32mI (479) csi_recv: compensate_gain 1.000000, agc_gain 33, fft_gain -25[0m
CSI_DATA,51976,14:c1:9f:28:c1:a0,-39,11,1,0,1,1,1,0,0,0,0,-97,0,11,2,478798,0,47,0,128,0,"[0,0,0,0,0,0,0,0,0,0,0,0,5,10,6,10,7,10,6,11,6,10,6,9,6,9,6,9,6,9,7,8,7,9,7,8,7,8,7,8,7,8,8,8,8,7,7,6,8,6,8,6,8,7,9,7,8,6,10,6,9,7,10,6,0,0,10,7,10,7,10,7,10,6,9,7,9,7,9,7,9,7,9,7,9,7,9,7,8,7,8,7,8,8,7,7,7,8,6,8,6,7,6,7,5,7,5,7,4,7,4,7,4,7,3,7,3,7,0,0,0,0,0,0,0,0,0,0]"
[0;32mI (489) csi_recv: compensate_gain 1.000000, agc_gain 33, fft_gain -25[0m
CSI_DATA,51977,14:c1:9f:28:c1:a0,-39,11,1,0,1,1,1,0,0,0,0,-97,0,11,2,489800,0,47,0,128,0,"[0,0,0,0,0,0,0,0,0,0,0,0,6,10,7,10,8,9,7,10,7,9,6,9,7,9,7,8,7,8,7,8,7,8,8,8,8,8,8,7,7,7,9,7,8,6,8,6,9,6,9,6,8,6,9,6,8,5,10,5,10,6,10,6,0,0,10,5,11,6,11,6,11,5,10,6,10,6,10,6,10,6,10,6,9,6,9,7,8,7,8,7,8,7,8,7,8,7,8,7,7,6,7,6,6,6,6,7,5,6,5,7,5,7,4,7,3,6,0,0,0,0,0,0,0,0,0,0]"
[0;32mI (499) csi_recv: compensate_gain 1.000000, agc_gain 33, fft_gain -25[0m
CSI_DATA,51978,14:c1:9f:28:c1:a0,-39,11,1,0,1,1,1,0,0,0,0,-97,0,11,2,500791,0,47,0,128,0,"[0,0,0,0,0,0,0,0,0,0,0,0,11,6,11,5,11,4,11,5,11,5,10,4,10,4,10,4,10,4,10,3,11,4,11,3,11,3,11,3,10,2,11,2,11,1,10,1,11,1,11,1,10,1,11,1,10,1,11,0,12,1,12,0,0,0,12,0,12,0,13,1,12,0,12,1,12,1,12,1,12,1,12,2,11,1,12,2,11,2,11,2,11,2,10,3,10,3,10,3,9,3,9,3,8,3,8,4,8,4,7,4,7,4,6,4,6,5,0,0,0,0,0,0,0,0,0,0]"
[0;32mI (509) csi_recv: compensate_gain 1.000000, agc_gain 33, fft_gain -25[0m
CSI_DATA,51979,14:c1:9f:28:c1:a0,-39,11,1,0,1,1,1,0,0,0,0,-97,0,11,2,511806,0,47,0,128,0,"[0,0,0,0,0,0,0,0,0,0,0,0,8,9,8,8,9,8,8,9,8,8,8,8,8,8,8,7,8,7,9,6,8,7,9,7,9,6,9,6,8,6,10,6,9,5,9,5,10,4,9,5,9,5,10,4,9,4,11,3,11,5,11,4,0,0,11,4,11,4,11,4,12,4,10,4,11,5,11,5,10,5,10,5,10,5,10,5,9,5,9,5,9,5,8,5,9,6,8,6,8,5,7,6,6,5,6,6,6,6,6,6,5,6,4,6,4,6,0,0,0,0,0,0,0,0,0,0]"
[0;32mI (519) csi_recv: compensate_gain 1.000000, agc_gain 33, fft_gain -24[0m
CSI_DATA,51980,14:c1:9f:28:c1:a0,-39,11,1,0,1,1,1,0,0,0,0,-97,0,11,2,522802,0,47,0,128,0,"[0,0,0,0,0,0,0,0,0,0,0,0,11,3,12,3,12,2,12,3,11,3,11,3,11,3,11,2,11,3,11,1,11,2,11,1,11,1,11,1,10,1,11,0,11,0,10,0,11,-1,11,0,10,0,11,-1,10,-1,11,-2,12,-1,12,-2,0,0,12,-2,12,-1,13,-2,12,-2,12,-1,12,-1,12,0,12,0,12,0,11,0,12,0,11,0,11,1,11,1,10,1,10,1,10,2,9,1,9,2,8,2,8,3,8,3,8,3,8,3,7,3,6,4,0,0,0,0,0,0,0,0,0,0]"
[0;32mI (529) csi_recv: compensate_gain 1.000000, agc_gain 33, fft_gain -25[0m
CSI_DATA,51981,14:c1:9f:28:c1:a0,-39,11,1,0,1,1,1,0,0,0,0,-97,0,11,2,533813,0,47,0,128,0,"[0,0,0,0,0,0,0,0,0,0,0,0,11,5,11,5,12,4,11,5,11,4,10,4,10,4,10,4,10,4,11,3,11,4,11,3,11,3,11,2,10,2,11,1,11,1,10,1,11,0,11,0,11,1,11,0,10,0,12,-1,12,0,12,-1,0,0,12,-1,12,-1,12,-1,12,-1,12,-1,12,0,12,0,12,0,12,0,12,0,12,1,11,1,11,1,11,1,10,1,10,1,10,2,9,1,9,2,9,2,9,2,8,2,8,3,8,3,7,3,6,4,0,0,0,0,0,0,0,0,0,0]"
[0;32mI (549) csi_recv: compensate_gain 1.000000, agc_gain 33, fft_gain -24[0m
CSI_DATA,51982,14:c1:9f:28:c1:a0,-39,11,1,0,1,1,1,0,0,0,0,-97,0,11,2,544806,0,47,0,128,0,"[0,0,0,0,0,0,0,0,0,0,0,0,12,-2,12,-2,12,-3,12,-2,11,-3,11,-2,11,-3,11,-3,11,-3,10,-4,11,-3,11,-4,10,-4,10,-4,10,-4,10,-5,10,-5,9,-5,9,-6,9,-6,9,-5,10,-6,9,-5,9,-7,10,-7,10,-7,0,0,10,-7,10,-7,10,-7,10,-7,10,-6,11,-6,11,-6,10,-6,10,-6,10,-6,11,-6,10,-5,10,-5,10,-4,10,-4,10,-4,10,-4,9,-4,9,-3,9,-3,9,-2,8,-2,8,-1,8,-1,8,-1,7,0,0,0,0,0,0,0,0,0,0,0]"
[0;32mI (559) csi_recv: compensate_gain 1.000000, agc_gain 33, fft_gain -24[0m
CSI_DATA,51983,14:c1:9f:28:c1:a0,-39,11,1,0,1,1,1,0,0,0,0,-97,0,11,2,555802,0,47,0,128,0,"[0,0,0,0,0,0,0,0,0,0,0,0,10,-7,10,-8,9,-8,10,-8,9,-8,9,-7,9,-8,9,-8,8,-8,8,-9,8,-8,8,-9,7,-9,7,-9,7,-8,7,-10,6,-9,6,-9,5,-10,6,-10,6,-9,6,-10,6,-9,5,-11,6,-11,5,-11,0,0,5,-12,6,-11,6,-12,6,-12,6,-11,6,-11,7,-11,6,-11,7,-11,6,-10,7,-10,6,-10,7,-9,7,-9,7,-9,7,-9,7,-8,6,-8,7,-7,6,-7,7,-6,7,-6,7,-6,6,-6,7,-5,6,-4,0,0,0,0,0,0,0,0,0,0]"
[0;32mI (569) csi_recv: compensate_gain 1.000000, agc_gain 33, fft_gain -25[0m
CSI_DATA,51984,14:c1:9f:28:c1:a0,-39,11,1,0,1,1,1,0,0,0,0,-97,0,11,2,566795,0,47,0,128,0,"[0,0,0,0,0,0,0,0,0,0,0,0,4,-12,3,-12,3,-13,3,-13,3,-13,3,-11,2,-12,2,-12,2,-12,2,-12,2,-12,2,-12,1,-12,1,-12,1,-11,0,-13,0,-12,0,-11,-1,-12,-1,-12,0,-12,-1,-12,-1,-11,-2,-12,-1,-13,-2,-13,0,0,-2,-13,-1,-13,-1,-13,-2,-14,-1,-12,-1,-13,0,-13,0,-13,0,-13,0,-13,0,-13,1,-12,1,-12,1,-12,1,-11,1,-11,2,-11,1,-10,2,-10,2,-10,2,-10,3,-9,3,-9,3,-8,4,-8,4,-7,0,0,0,0,0,0,0,0,0,0]"
[0;32mI (579) csi_recv: compensate_gain 1.000000, agc_gain 33, fft_gain -24[0m
CSI_DATA,51985,14:c1:9f:28:c1:a0,-39,11,1,0,1,1,1,0,0,0,0,-97,0,11,2,577870,0,47,0,128,0,"[0,0,0,0,0,0,0,0,0,0,0,0,4,11,5,10,6,11,5,11,5,10,5,10,5,10,5,10,5,9,6,9,5,10,6,9,6,9,6,9,6,8,7,9,7,7,7,8,8,7,7,8,7,8,8,8,7,7,9,7,8,8,9,8,0,0,9,8,9,8,9,8,9,8,8,8,9,9,8,9,8,8,8,9,8,9,8,9,7,8,6,8,6,8,6,8,6,8,6,9,5,8,4,8,4,8,3,8,3,8,3,8,3,8,2,7,1,7,0,0,0,0,0,0,0,0,0,0]"
[0;32mI (589) csi_recv: compensate_gain 1.000000, agc_gain 33, fft_gain -24[0m
CSI_DATA,51986,14:c1:9f:28:c1:a0,-39,11,1,0,1,1,1,0,0,0,0,-97,0,11,2,588818,0,47,0,128,0,"[0,0,0,0,0,0,0,0,0,0,0,0,5,-12,4,-12,3,-13,4,-12,3,-12,3,-11,3,-12,3,-11,3,-12,2,-12,3,-12,2,-12,2,-12,1,-12,1,-11,1,-12,0,-12,0,-11,-1,-12,0,-12,0,-11,-1,-12,0,-11,-2,-12,-1,-13,-1,-13,0,0,-1,-13,-1,-13,-1,-13,-2,-13,-1,-12,-1,-13,0,-13,0,-13,0,-13,0,-12,0,-13,1,-12,1,-12,1,-12,1,-11,1,-11,1,-11,1,-10,2,-10,2,-9,2,-9,2,-9,3,-9,3,-8,3,-8,3,-7,0,0,0,0,0,0,0,0,0,0]"
[0;32mI (599) csi_recv: compensate_gain 1.000000, agc_gain 33, fft_gain -23[0m
CSI_DATA,51987,14:c1:9f:28:c1:a0,-39,11,1,0,1,1,1,0,0,0,0,-97,0,11,2,600247,0,47,0,128,0,"[0,0,0,0,0,0,0,0,0,0,0,0,0,12,0,12,1,12,0,12,1,12,1,11,1,11,1,11,1,11,2,11,1,11,3,11,2,11,3,10,2,10,3,11,4,10,3,10,4,10,4,10,4,10,4,10,4,9,6,10,5,11,6,10,0,0,6,11,5,11,5,11,6,11,5,10,5,11,4,11,4,11,4,11,4,11,4,11,3,10,3,10,3,10,2,10,2,10,2,10,2,9,1,9,1,9,0,9,0,9,0,8,0,8,-1,8,-1,7,0,0,0,0,0,0,0,0,0,0]"
[0;32mI (609) csi_recv: compensate_gain 1.000000, agc_gain 33, fft_gain -25[0m
CSI_DATA,51988,14:c1:9f:28:c1:a0,-39,11,1,0,1,1,1,0,0,0,0,-97,0,11,2,610800,0,47,0,128,0,"[0,0,0,0,0,0,0,0,0,0,0,0,-12,-6,-12,-5,-13,-5,-12,-6,-12,-5,-11,-5,-11,-5,-11,-4,-11,-5,-12,-4,-12,-4,-12,-4,-12,-4,-12,-3,-11,-3,-13,-3,-11,-2,-11,-2,-11,-1,-12,-2,-11,-2,-12,-1,-12,-1,-13,0,-13,-1,-13,-1,0,0,-13,-1,-13,-1,-13,-1,-14,0,-12,-1,-13,-1,-13,-2,-13,-2,-13,-2,-13,-2,-13,-2,-12,-3,-12,-3,-12,-3,-11,-3,-11,-3,-11,-4,-10,-3,-10,-4,-9,-4,-9,-4,-9,-4,-9,-5,-8,-5,-8,-5,-7,-5,0,0,0,0,0,0,0,0,0,0]"
[0;32mI (619) csi_recv: compensate_gain 1.000000, agc_gain 33, fft_gain -24[0m
CSI_DATA,51989,14:c1:9f:28:c1:a0,-39,11,1,0,1,1,1,0,0,0,0,-97,0,11,2,621793,0,47,0,128,0,"[0,0,0,0,0,0,0,0,0,0,0,0,-12,3,-12,4,-12,5,-12,4,-12,4,-11,4,-11,4,-11,4,-11,4,-11,5,-11,4,-11,5,-11,5,-10,5,-10,5,-11,6,-9,6,-9,6,-9,6,-9,6,-9,6,-9,7,-9,6,-9,8,-10,7,-10,8,0,0,-10,8,-10,7,-10,8,-10,8,-10,7,-11,7,-11,7,-11,6,-11,6,-11,6,-11,6,-10,5,-10,5,-11,5,-10,4,-10,4,-11,4,-10,4,-10,3,-9,3,-9,2,-9,2,-9,1,-9,1,-9,0,-8,0,0,0,0,0,0,0,0,0,0,0]"
[0;32mI (629) csi_recv: compensate_gain 1.000000, agc_gain 33, fft_gain -25[0m
CSI_DATA,51990,14:c1:9f:28:c1:a0,-39,11,1,0,1,1,1,0,0,0,0,-97,0,11,2,632800,0,47,0,128,0,"[0,0,0,0,0,0,0,0,0,0,0,0,-10,7,-10,8,-9,9,-10,8,-9,8,-9,8,-9,8,-8,8,-8,8,-7,8,-8,8,-8,9,-7,9,-7,9,-7,8,-7,10,-6,9,-5,9,-5,10,-5,10,-6,9,-5,10,-5,9,-5,11,-6,11,-5,11,0,0,-5,11,-5,11,-5,12,-5,11,-5,11,-6,11,-6,11,-6,10,-6,11,-6,10,-6,11,-6,9,-6,9,-6,9,-6,9,-6,9,-7,8,-6,8,-6,7,-6,7,-7,7,-7,6,-7,6,-7,5,-7,5,-7,4,0,0,0,0,0,0,0,0,0,0]"
[0;32mI (639) csi_recv: compensate_gain 1.000000, agc_gain 33, fft_gain -24[0m
CSI_DATA,51991,14:c1:9f:28:c1:a0,-39,11,1,0,1,1,1,0,0,0,0,-97,0,11,2,643820,0,47,0,128,0,"[0,0,0,0,0,0,0,0,0,0,0,0,-11,6,-11,6,-11,7,-11,6,-11,7,-10,6,-10,6,-9,6,-10,7,-9,7,-10,7,-9,8,-9,7,-9,8,-8,7,-9,8,-8,8,-7,8,-7,8,-7,8,-7,8,-7,9,-7,8,-7,10,-8,10,-7,10,0,0,-7,10,-8,10,-8,10,-7,11,-7,9,-8,10,-8,9,-8,9,-8,9,-8,9,-8,9,-8,8,-8,8,-8,8,-9,7,-8,7,-9,7,-8,6,-8,6,-8,5,-8,5,-8,4,-8,4,-8,4,-8,3,-8,2,0,0,0,0,0,0,0,0,0,0]"
[0;32mI (659) csi_recv: compensate_gain 1.000000, agc_gain 33, fft_gain -24[0m
CSI_DATA,51992,14:c1:9f:28:c1:a0,-39,11,1,0,1,1,1,0,0,0,0,-97,0,11,2,654805,0,47,0,128,0,"[0,0,0,0,0,0,0,0,0,0,0,0,1,12,1,12,2,12,1,13,1,12,1,12,1,12,1,11,1,11,2,11,2,11,3,12,3,11,3,11,3,10,4,11,4,10,4,10,5,10,4,10,4,10,5,10,5,9,6,10,6,11,6,10,0,0,6,10,6,11,6,11,6,11,6,11,6,11,5,11,5,11,5,11,5,11,5,11,4,10,3,10,4,10,3,10,3,10,3,10,2,10,2,9,2,9,1,9,1,9,0,9,0,8,0,8,-1,8,0,0,0,0,0,0,0,0,0,0]"
[0;32mI (669) csi_recv: compensate_gain 1.000000, agc_gain 33, fft_gain -24[0m
CSI_DATA,51993,14:c1:9f:28:c1:a0,-39,11,1,0,1,1,1,0,0,0,0,-97,0,11,2,665811,0,47,0,128,0,"[0,0,0,0,0,0,0,0,0,0,0,0,6,10,7,9,7,10,7,10,7,9,6,9,6,9,7,8,6,9,7,8,7,8,8,8,8,8,8,7,7,7,8,7,8,6,8,6,9,6,8,6,8,6,9,6,8,6,10,6,10,7,10,6,0,0,10,6,10,7,10,7,10,6,9,7,10,7,9,7,9,7,9,8,9,7,9,8,8,7,8,8,8,8,7,8,7,8,7,8,6,7,6,7,5,7,5,7,4,7,4,7,4,7,3,7,2,7,0,0,0,0,0,0,0,0,0,0]"
[0;32mI (679) csi_recv: compensate_gain 1.000000, agc_gain 33, fft_gain -24[0m
CSI_DATA,51994,14:c1:9f:28:c1:a0,-39,11,1,0,1,1,1,0,0,0,0,-97,0,11,2,676822,0,47,0,128,0,"[0,0,0,0,0,0,0,0,0,0,0,0,9,7,9,6,11,6,10,7,10,6,9,6,9,6,9,6,9,6,10,5,10,5,10,5,10,5,10,4,9,4,11,4,10,3,10,3,10,2,10,3,10,3,11,3,10,3,11,2,11,3,12,2,0,0,12,2,12,3,12,2,12,2,11,3,12,3,12,4,11,3,11,4,11,4,11,4,10,4,10,4,10,4,9,4,9,4,9,5,8,4,8,5,7,4,7,5,7,5,6,5,6,5,5,5,5,5,0,0,0,0,0,0,0,0,0,0]"
[0;32mI (689) csi_recv: compensate_gain 1.000000, agc_gain 33, fft_gain -24[0m
CSI_DATA,51995,14:c1:9f:28:c1:a0,-39,11,1,0,1,1,1,0,0,0,0,-97,0,11,2,687824,0,47,0,128,0,"[0,0,0,0,0,0,0,0,0,0,0,0,12,1,12,1,12,0,12,1,12,0,11,0,11,0,11,0,11,0,11,-1,12,-1,12,-1,11,-1,11,-2,11,-2,12,-3,11,-3,10,-3,10,-4,11,-3,10,-3,11,-4,10,-3,11,-5,12,-4,12,-5,0,0,12,-5,12,-5,12,-5,12,-5,11,-4,12,-4,12,-4,12,-4,12,-4,11,-3,12,-3,11,-2,11,-2,11,-2,11,-2,11,-2,10,-1,10,-1,10,-1,9,-1,9,0,9,0,9,0,8,1,8,1,7,2,0,0,0,0,0,0,0,0,0,0]"
[0;32mI (699) csi_recv: compensate_gain 1.000000, agc_gain 33, fft_gain -24[0m
CSI_DATA,51996,14:c1:9f:28:c1:a0,-39,11,1,0,1,1,1,0,0,0,0,-97,0,11,2,698796,0,47,0,128,0,"[0,0,0,0,0,0,0,0,0,0,0,0,-1,-13,-2,-13,-3,-13,-2,-13,-2,-12,-2,-12,-2,-12,-3,-12,-3,-12,-4,-11,-3,-12,-4,-12,-4,-11,-4,-11,-4,-11,-5,-11,-5,-11,-5,-10,-6,-10,-6,-10,-5,-10,-6,-11,-6,-10,-7,-10,-7,-11,-7,-11,0,0,-8,-11,-7,-11,-7,-12,-7,-11,-7,-11,-7,-11,-7,-12,-6,-11,-6,-11,-6,-11,-6,-12,-5,-11,-5,-11,-5,-11,-4,-10,-4,-11,-4,-10,-4,-10,-4,-10,-3,-9,-3,-10,-2,-9,-2,-9,-2,-9,-1,-9,-1,-8,0,0,0,0,0,0,0,0,0,0]"
[0;32mI (709) csi_recv: compensate_gain 1.000000, agc_gain 33, fft_gain -24[0m
CSI_DATA,51997,14:c1:9f:28:c1:a0,-39,11,1,0,1,1,1,0,0,0,0,-97,0,11,2,709803,0,47,0,128,0,"[0,0,0,0,0,0,0,0,0,0,0,0,-8,-11,-8,-11,-9,-10,-8,-11,-8,-10,-8,-10,-8,-10,-8,-9,-8,-9,-9,-9,-9,-9,-9,-9,-9,-9,-9,-8,-9,-8,-10,-8,-10,-7,-9,-7,-10,-7,-10,-7,-10,-7,-11,-7,-10,-6,-11,-6,-11,-7,-12,-7,0,0,-12,-7,-12,-7,-12,-7,-12,-7,-11,-7,-12,-8,-11,-8,-11,-8,-11,-8,-10,-8,-11,-8,-9,-8,-9,-8,-9,-8,-9,-8,-9,-8,-8,-8,-8,-8,-7,-8,-7,-8,-6,-8,-6,-8,-6,-8,-6,-8,-4,-8,-4,-8,0,0,0,0,0,0,0,0,0,0]"
[0;32mI (719) csi_recv: compensate_gain 1.000000, agc_gain 33, fft_gain -23[0m
CSI_DATA,51998,14:c1:9f:28:c1:a0,-40,11,1,0,1,1,1,0,0,0,0,-97,0,11,2,720796,0,47,0,128,0,"[0,0,0,0,0,0,0,0,0,0,0,0,-13,1,-12,2,-13,3,-13,2,-12,2,-12,2,-12,2,-11,3,-12,2,-11,3,-12,3,-12,4,-11,4,-11,4,-11,4,-11,5,-10,5,-10,5,-10,6,-10,5,-10,5,-10,6,-10,5,-10,7,-11,6,-11,7,0,0,-11,7,-11,7,-11,7,-11,7,-11,6,-11,6,-11,6,-11,6,-11,5,-11,5,-12,6,-11,5,-11,4,-11,4,-10,4,-11,4,-11,3,-10,3,-10,3,-9,2,-10,2,-9,1,-9,1,-9,1,-9,0,-9,0,0,0,0,0,0,0,0,0,0,0]"
[0;32mI (729) csi_recv: compensate_gain 1.000000, agc_gain 33, fft_gain -24[0m
CSI_DATA,51999,14:c1:9f:28:c1:a0,-39,11,1,0,1,1,1,0,0,0,0,-97,0,11,2,731838,0,47,0,128,0,"[0,0,0,0,0,0,0,0,0,0,0,0,-11,-6,-12,-6,-12,-5,-12,-6,-11,-5,-11,-5,-11,-5,-11,-4,-11,-5,-11,-3,-11,-4,-12,-4,-12,-3,-11,-3,-11,-3,-12,-3,-12,-2,-11,-2,-12,-1,-12,-1,-11,-1,-12,-1,-11,-1,-12,0,-13,-1,-13,0,0,0,-13,0,-13,-1,-14,-1,-13,0,-13,-1,-13,-1,-13,-1,-13,-1,-13,-2,-12,-2,-13,-2,-12,-2,-12,-3,-12,-2,-11,-3,-11,-3,-11,-3,-10,-3,-10,-3,-9,-3,-9,-4,-9,-4,-9,-4,-8,-4,-8,-5,-7,-5,0,0,0,0,0,0,0,0,0,0]"
[0;32mI (739) csi_recv: compensate_gain 1.000000, agc_gain 33, fft_gain -24[0m
CSI_DATA,52000,14:c1:9f:28:c1:a0,-39,11,1,0,1,1,1,0,0,0,0,-97,0,11,2,742795,0,47,0,128,0,"[0,0,0,0,0,0,0,0,0,0,0,0,5,11,5,10,6,11,5,11,5,10,5,9,5,10,5,9,5,10,6,9,6,9,7,9,6,9,6,8,6,8,7,9,7,7,7,7,7,7,7,7,7,8,8,8,7,7,9,7,9,8,9,8,0,0,9,7,9,8,9,8,9,8,8,7,8,8,8,9,8,8,8,9,8,8,8,9,7,8,7,8,6,8,6,8,6,8,6,9,5,8,4,8,4,8,3,8,3,8,3,8,3,8,2,8,1,7,0,0,0,0,0,0,0,0,0,0]"
[0;32mI (749) csi_recv: compensate_gain 1.000000, agc_gain 33, fft_gain -23[0m
CSI_DATA,52001,14:c1:9f:28:c1:a0,-39,11,1,0,1,1,1,0,0,0,0,-97,0,11,2,753869,0,47,0,128,0,"[0,0,0,0,0,0,0,0,0,0,0,0,-13,2,-13,3,-13,4,-13,3,-13,3,-12,3,-12,3,-12,3,-12,3,-11,4,-12,4,-12,4,-11,4,-11,5,-11,4,-11,6,-10,6,-10,5,-10,6,-10,6,-10,5,-10,7,-10,6,-10,7,-11,7,-11,7,0,0,-11,8,-11,8,-11,8,-11,8,-10,7,-11,7,-12,7,-11,7,-11,6,-11,6,-12,6,-11,5,-11,5,-11,5,-11,5,-11,4,-11,4,-10,4,-10,3,-10,3,-10,2,-10,2,-10,1,-9,1,-9,1,-9,0,0,0,0,0,0,0,0,0,0,0]"
[0;32mI (769) csi_recv: compensate_gain 1.000000, agc_gain 35, fft_gain -30[0m
CSI_DATA,52002,14:c1:9f:28:c1:a0,-40,11,1,0,1,1,1,0,0,0,0,-97,0,11,2,764823,0,47,0,128,0,"[0,0,0,0,0,0,0,0,0,0,0,0,9,6,9,6,10,5,9,6,9,5,9,5,9,5,9,5,9,5,9,4,9,5,10,4,9,4,9,3,9,3,10,3,9,2,9,2,10,2,10,2,9,2,10,2,9,2,11,1,11,2,11,1,0,0,11,1,11,1,11,2,11,1,11,2,11,2,11,2,11,2,10,2,10,2,11,3,9,3,9,3,9,3,9,3,9,3,9,4,8,3,8,3,7,3,7,4,7,4,6,4,6,4,5,5,5,5,0,0,0,0,0,0,0,0,0,0]"
[0;32mI (779) csi_recv: compensate_gain 1.000000, agc_gain 33, fft_gain -24[0m
CSI_DATA,52003,14:c1:9f:28:c1:a0,-39,11,1,0,1,1,1,0,0,0,0,-97,0,11,2,775799,0,47,0,128,0,"[0,0,0,0,0,0,0,0,0,0,0,0,0,-13,0,-13,-1,-14,0,-14,0,-13,-1,-12,-1,-13,-1,-12,-1,-12,-2,-12,-1,-13,-2,-13,-2,-12,-2,-12,-2,-11,-3,-13,-4,-11,-3,-11,-4,-11,-4,-11,-3,-11,-4,-12,-4,-11,-5,-12,-5,-13,-5,-12,0,0,-5,-13,-5,-13,-5,-13,-6,-13,-5,-12,-4,-13,-4,-13,-4,-12,-4,-13,-4,-13,-4,-13,-3,-12,-3,-12,-3,-12,-2,-12,-2,-12,-2,-12,-2,-11,-1,-11,-1,-10,0,-10,0,-10,0,-10,0,-9,1,-9,2,-9,0,0,0,0,0,0,0,0,0,0]"
[0;32mI (789) csi_recv: compensate_gain 1.000000, agc_gain 33, fft_gain -25[0m
CSI_DATA,52004,14:c1:9f:28:c1:a0,-39,11,1,0,1,1,1,0,0,0,0,-97,0,11,2,786799,0,47,0,128,0,"[0,0,0,0,0,0,0,0,0,0,0,0,-10,-9,-10,-8,-11,-8,-10,-8,-10,-8,-10,-7,-10,-7,-10,-7,-10,-7,-11,-6,-11,-7,-11,-6,-11,-6,-11,-5,-10,-5,-12,-5,-11,-4,-11,-4,-11,-3,-11,-4,-11,-4,-12,-4,-11,-4,-12,-3,-12,-4,-13,-3,0,0,-13,-3,-13,-4,-13,-4,-13,-3,-12,-4,-13,-4,-13,-5,-12,-4,-12,-5,-12,-5,-12,-5,-11,-5,-11,-5,-11,-5,-11,-5,-11,-5,-10,-6,-10,-5,-9,-6,-8,-5,-8,-6,-8,-6,-8,-6,-7,-6,-7,-7,-6,-6,0,0,0,0,0,0,0,0,0,0]"
[0;32mI (799) csi_recv: compensate_gain 1.000000, agc_gain 33, fft_gain -24[0m
CSI_DATA,52005,14:c1:9f:28:c1:a0,-39,11,1,0,1,1,1,0,0,0,0,-97,0,11,2,797810,0,47,0,128,0,"[0,0,0,0,0,0,0,0,0,0,0,0,-13,-2,-12,-2,-13,-1,-13,-2,-13,-1,-12,-1,-12,-1,-12,-1,-12,-1,-12,0,-12,0,-12,0,-12,1,-12,1,-11,1,-12,2,-11,2,-11,2,-11,3,-11,2,-11,2,-11,3,-11,3,-12,4,-12,4,-12,4,0,0,-12,4,-13,4,-12,4,-12,4,-12,3,-13,3,-13,3,-12,3,-13,3,-12,3,-13,3,-12,2,-12,2,-12,1,-11,1,-11,1,-11,1,-10,1,-10,0,-10,0,-10,0,-10,-1,-10,-1,-9,-1,-9,-2,-8,-2,0,0,0,0,0,0,0,0,0,0]"
[0;32mI (809) csi_recv: compensate_gain 1.000000, agc_gain 33, fft_gain -24[0m
CSI_DATA,52006,14:c1:9f:28:c1:a0,-39,11,1,0,1,1,1,0,0,0,0,-97,0,11,2,811327,0,47,0,128,0,"[0,0,0,0,0,0,0,0,0,0,0,0,11,-5,11,-5,11,-6,11,-5,11,-5,10,-5,10,-5,10,-6,10,-6,9,-6,10,-6,10,-7,9,-6,9,-7,9,-6,9,-8,8,-8,8,-7,8,-8,8,-8,8,-7,8,-8,8,-8,8,-9,9,-9,8,-10,0,0,8,-10,9,-10,9,-10,8,-10,8,-9,9,-9,9,-9,9,-8,9,-8,9,-8,9,-8,9,-7,9,-7,9,-7,9,-7,9,-6,9,-6,8,-6,8,-5,8,-5,8,-4,8,-4,8,-3,8,-3,8,-2,8,-2,0,0,0,0,0,0,0,0,0,0]"
[0;32mI (819) csi_recv: compensate_gain 1.000000, agc_gain 33, fft_gain -25[0m
CSI_DATA,52007,14:c1:9f:28:c1:a0,-39,11,1,0,1,1,1,0,0,0,0,-97,0,11,2,819791,0,47,0,128,0,"[0,0,0,0,0,0,0,0,0,0,0,0,11,5,11,4,12,4,11,4,11,4,10,3,11,3,11,3,10,3,11,2,11,3,11,2,11,2,11,2,10,2,11,1,11,0,10,0,11,-1,11,0,10,0,11,-1,11,0,12,-1,12,0,12,-1,0,0,12,-1,12,-1,12,-1,12,-1,12,-1,12,-1,12,0,12,0,12,0,12,0,12,1,11,1,11,1,11,1,10,1,10,1,11,2,9,2,9,2,9,2,9,3,8,3,8,3,8,3,7,4,6,4,0,0,0,0,0,0,0,0,0,0]"
[0;32mI (829) csi_recv: compensate_gain 1.000000, agc_gain 35, fft_gain -30[0m
CSI_DATA,52008,14:c1:9f:28:c1:a0,-40,11,1,0,1,1,1,0,0,0,0,-97,0,11,2,830812,0,47,0,128,0,"[0,0,0,0,0,0,0,0,0,0,0,0,10,4,10,3,11,3,10,4,10,3,10,3,10,3,10,2,10,2,10,2,10,2,11,2,10,2,10,1,9,1,11,0,10,0,9,0,10,-1,10,-1,10,0,10,-1,10,-1,11,-2,11,-1,11,-1,0,0,11,-1,11,-1,11,-2,12,-2,11,-1,11,-1,11,-1,11,0,11,0,11,0,11,0,10,0,10,1,10,1,10,1,10,1,10,1,9,1,8,1,8,1,8,2,8,2,7,3,7,3,6,3,6,3,0,0,0,0,0,0,0,0,0,0]"
[0;32mI (839) csi_recv: compensate_gain 1.000000, agc_gain 33, fft_gain -25[0m
CSI_DATA,52009,14:c1:9f:28:c1:a0,-39,11,1,0,1,1,1,0,0,0,0,-97,0,11,2,841805,0,47,0,128,0,"[0,0,0,0,0,0,0,0,0,0,0,0,4,-12,4,-12,3,-13,4,-12,3,-12,3,-12,3,-12,3,-12,3,-12,2,-12,2,-12,2,-12,2,-12,1,-12,1,-11,1,-13,0,-12,0,-11,-1,-11,0,-12,0,-12,-1,-12,-1,-12,-2,-13,-1,-13,-1,-13,0,0,-1,-13,-1,-13,-1,-13,-1,-14,-1,-13,-1,-13,0,-13,0,-13,0,-13,0,-13,1,-13,1,-12,1,-12,1,-12,2,-11,2,-11,2,-11,2,-10,2,-10,2,-9,3,-9,3,-9,3,-9,3,-9,4,-8,4,-7,0,0,0,0,0,0,0,0,0,0]"
[0;32mI (849) csi_recv: compensate_gain 1.000000, agc_gain 33, fft_gain -24[0m
CSI_DATA,52010,14:c1:9f:28:c1:a0,-39,11,1,0,1,1,1,0,0,0,0,-97,0,11,2,852798,0,47,0,128,0,"[0,0,0,0,0,0,0,0,0,0,0,0,-11,-7,-11,-7,-12,-6,-11,-7,-12,-6,-11,-6,-11,-6,-11,-6,-11,-6,-11,-5,-11,-5,-12,-5,-12,-5,-12,-4,-11,-4,-12,-3,-12,-3,-11,-3,-12,-2,-12,-3,-11,-3,-12,-2,-11,-2,-13,-1,-13,-2,-13,-2,0,0,-13,-2,-14,-2,-13,-2,-14,-2,-13,-2,-13,-2,-13,-3,-13,-3,-13,-3,-13,-3,-13,-3,-12,-4,-12,-4,-12,-4,-11,-4,-11,-4,-11,-4,-10,-4,-10,-4,-9,-4,-9,-5,-9,-5,-8,-5,-8,-5,-7,-6,-7,-6,0,0,0,0,0,0,0,0,0,0]"
[0;32mI (859) csi_recv: compensate_gain 1.000000, agc_gain 33, fft_gain -25[0m
CSI_DATA,52011,14:c1:9f:28:c1:a0,-39,11,1,0,1,1,1,0,0,0,0,-97,0,11,2,863809,0,47,0,128,0,"[0,0,0,0,0,0,0,0,0,0,0,0,-13,1,-13,2,-13,3,-13,2,-12,2,-12,2,-12,2,-12,2,-12,2,-11,3,-12,3,-12,4,-11,4,-11,4,-11,4,-11,5,-10,5,-10,5,-10,6,-10,5,-10,5,-10,6,-10,5,-10,7,-11,6,-11,7,0,0,-11,7,-11,7,-11,7,-11,7,-11,7,-11,7,-12,6,-11,6,-11,6,-11,6,-11,6,-11,5,-11,5,-11,5,-11,4,-11,4,-11,4,-10,4,-10,3,-9,3,-10,2,-10,2,-9,1,-9,1,-9,0,-9,0,0,0,0,0,0,0,0,0,0,0]"
[0;32mI (879) csi_recv: compensate_gain 1.000000, agc_gain 33, fft_gain -25[0m
CSI_DATA,52012,14:c1:9f:28:c1:a0,-39,11,1,0,1,1,1,0,0,0,0,-97,0,11,2,874802,0,47,0,128,0,"[0,0,0,0,0,0,0,0,0,0,0,0,0,12,1,12,2,12,1,12,1,12,1,11,1,11,2,11,2,11,2,10,2,11,3,11,2,11,3,11,3,10,4,11,4,10,4,9,5,9,4,10,4,10,5,10,4,9,6,10,5,11,6,10,0,0,6,11,6,11,6,11,6,11,5,11,5,11,5,11,5,11,5,11,4,11,4,11,3,10,3,10,3,10,2,10,3,10,2,10,2,10,2,9,1,9,1,9,0,9,0,9,0,8,-1,8,-1,8,0,0,0,0,0,0,0,0,0,0]"
[0;32mI (889) wifi_rx_gain: agc_gain(median): 33, fft_gain@median: -23[0m
[0;32mI (889) csi_recv: compensate_gain 1.029201, agc_gain 33, fft_gain -24[0m
CSI_DATA,52013,14:c1:9f:28:c1:a0,-39,11,1,0,1,1,1,0,0,0,0,-97,0,11,2,885803,0,47,0,128,0,"[0,0,0,0,0,0,0,0,0,0,0,0,12,4,11,3,12,2,12,4,11,3,11,3,11,2,11,2,11,2,11,1,11,2,12,1,11,1,11,0,10,1,12,0,11,-1,11,-1,11,-2,11,-1,11,-1,11,-1,11,-1,12,-2,12,-2,12,-2,0,0,12,-2,12,-2,13,-2,13,-2,12,-2,13,-2,13,-1,12,-1,12,-1,12,-1,12,-1,11,0,11,0,11,0,11,0,11,1,11,1,10,1,10,1,9,1,9,2,9,2,8,2,8,2,7,3,7,3,0,0,0,0,0,0,0,0,0,0]"
[0;32mI (899) csi_recv: compensate_gain 1.059254, agc_gain 33, fft_gain -25[0m
CSI_DATA,52014,14:c1:9f:28:c1:a0,-39,11,1,0,1,1,1,0,0,0,0,-97,0,11,2,896814,0,47,0,128,0,"[0,0,0,0,0,0,0,0,0,0,0,0,11,-6,10,-7,10,-7,11,-7,10,-7,9,-6,10,-7,9,-7,9,-7,9,-7,10,-7,9,-8,9,-8,8,-8,8,-7,8,-9,7,-9,7,-9,7,-9,7,-9,7,-9,7,-10,7,-9,7,-10,7,-10,7,-11,0,0,7,-11,7,-11,7,-11,7,-12,7,-10,7,-11,8,-11,7,-10,7,-10,8,-10,8,-10,8,-9,8,-9,8,-8,7,-8,8,-8,8,-8,7,-8,7,-7,7,-6,8,-6,7,-6,8,-5,7,-5,7,-4,7,-3,0,0,0,0,0,0,0,0,0,0]"
[0;32mI (909) csi_recv: compensate_gain 1.059254, agc_gain 33, fft_gain -25[0m
CSI_DATA,52015,14:c1:9f:28:c1:a0,-39,11,1,0,1,1,1,0,0,0,0,-97,0,11,2,907826,0,47,0,128,0,"[0,0,0,0,0,0,0,0,0,0,0,0,2,-13,1,-13,1,-13,2,-13,1,-13,1,-12,1,-12,1,-12,1,-12,0,-12,0,-12,0,-13,0,-12,-1,-12,-1,-11,-2,-13,-2,-12,-2,-11,-3,-12,-2,-12,-2,-12,-3,-12,-2,-11,-4,-12,-3,-13,-4,-13,0,0,-3,-13,-3,-13,-4,-13,-4,-13,-3,-13,-3,-13,-2,-13,-2,-13,-2,-13,-2,-13,-2,-13,-1,-12,-1,-12,-1,-12,-1,-12,-1,-12,0,-12,0,-11,0,-11,1,-10,1,-10,1,-10,2,-10,2,-9,2,-9,3,-8,0,0,0,0,0,0,0,0,0,0]"
[0;32mI (919) csi_recv: compensate_gain 1.059254, agc_gain 33, fft_gain -25[0m
CSI_DATA,52016,14:c1:9f:28:c1:a0,-39,11,1,0,1,1,1,0,0,0,0,-97,0,11,2,918807,0,47,0,128,0,"[0,0,0,0,0,0,0,0,0,0,0,0,-13,2,-12,2,-13,3,-13,2,-13,3,-12,2,-12,2,-12,3,-12,3,-11,4,-12,3,-12,4,-11,4,-11,4,-11,4,-11,5,-10,5,-10,5,-10,6,-10,6,-10,5,-10,6,-10,6,-10,7,-11,7,-10,7,0,0,-11,7,-11,7,-11,7,-11,8,-11,7,-11,7,-12,6,-11,6,-11,6,-11,6,-12,6,-11,5,-11,5,-11,5,-11,4,-11,4,-11,4,-10,4,-10,3,-10,3,-10,2,-10,2,-10,1,-9,1,-9,0,-9,0,0,0,0,0,0,0,0,0,0,0]"
[0;32mI (929) csi_recv: compensate_gain 1.727826, agc_gain 26, fft_gain -14[0m
CSI_DATA,52017,14:c1:9f:28:c1:a0,-35,11,1,0,1,1,1,0,0,0,0,-97,0,11,2,929818,0,47,0,128,0,"[0,0,0,0,0,0,0,0,0,0,0,0,10,-17,10,-17,8,-19,10,-17,8,-17,8,-17,8,-17,8,-17,6,-17,6,-17,8,-17,6,-17,6,-17,5,-17,5,-15,5,-19,3,-17,3,-17,1,-17,3,-17,3,-17,3,-19,3,-17,1,-19,3,-19,1,-19,0,0,1,-20,1,-20,1,-19,1,-20,3,-19,3,-19,3,-19,3,-17,3,-19,3,-19,3,-19,5,-17,5,-15,5,-17,5,-15,5,-15,5,-15,5,-13,5,-13,6,-12,6,-12,6,-12,6,-12,6,-10,6,-10,6,-8,0,0,0,0,0,0,0,0,0,0]"
[0;32mI (939) csi_recv: compensate_gain 1.059254, agc_gain 33, fft_gain -25[0m
CSI_DATA,52018,14:c1:9f:28:c1:a0,-39,11,1,0,1,1,1,0,0,0,0,-97,0,11,2,940820,0,47,0,128,0,"[0,0,0,0,0,0,0,0,0,0,0,0,7,9,8,9,9,9,8,9,8,9,8,8,8,8,8,8,8,7,8,7,8,8,9,7,9,7,9,6,8,6,10,6,9,5,9,5,10,5,10,5,9,5,10,5,9,5,11,4,11,5,11,5,0,0,11,5,11,5,11,5,11,5,11,5,11,6,11,6,11,6,10,6,10,6,10,6,9,6,9,6,9,7,8,6,8,7,8,7,8,6,7,6,6,6,6,7,6,7,5,7,5,7,4,7,3,7,0,0,0,0,0,0,0,0,0,0]"
[0;32mI (949) csi_recv: compensate_gain 1.059254, agc_gain 33, fft_gain -25[0m
CSI_DATA,52019,14:c1:9f:28:c1:a0,-39,11,1,0,1,1,1,0,0,0,0,-97,0,11,2,951813,0,47,0,128,0,"[0,0,0,0,0,0,0,0,0,0,0,0,9,-9,9,-9,8,-10,9,-9,8,-9,8,-9,8,-9,7,-9,7,-9,6,-10,7,-10,7,-11,6,-10,6,-10,6,-10,6,-11,5,-11,5,-10,4,-11,4,-11,5,-10,4,-11,4,-11,3,-12,4,-12,4,-13,0,0,4,-13,4,-13,4,-13,4,-13,4,-12,5,-12,5,-12,5,-12,5,-12,5,-12,5,-12,5,-11,6,-11,6,-11,6,-10,6,-10,6,-10,5,-9,6,-9,6,-8,6,-8,6,-7,6,-7,6,-7,6,-6,6,-5,0,0,0,0,0,0,0,0,0,0]"
[0;32mI (969) csi_recv: compensate_gain 1.059254, agc_gain 33, fft_gain -25[0m
CSI_DATA,52020,14:c1:9f:28:c1:a0,-39,11,1,0,1,1,1,0,0,0,0,-97,0,11,2,964944,0,47,0,128,0,"[0,0,0,0,0,0,0,0,0,0,0,0,12,0,12,0,13,-1,12,0,12,0,11,0,11,-1,11,-1,11,-1,11,-2,11,-1,12,-2,11,-2,11,-2,10,-2,12,-3,10,-3,10,-3,10,-4,10,-4,10,-3,11,-4,10,-4,11,-5,12,-4,11,-5,0,0,12,-5,12,-5,12,-5,12,-5,11,-4,12,-4,12,-4,12,-3,12,-3,12,-3,12,-3,11,-2,11,-2,11,-2,11,-2,11,-2,11,-1,10,-1,10,0,9,0,9,0,9,1,9,1,8,1,8,2,7,2,0,0,0,0,0,0,0,0,0,0]"
[0;32mI (969) csi_recv: compensate_gain 1.059254, agc_gain 33, fft_gain -25[0m
CSI_DATA,52021,14:c1:9f:28:c1:a0,-39,11,1,0,1,1,1,0,0,0,0,-97,0,11,2,973813,0,47,0,128,0,"[0,0,0,0,0,0,0,0,0,0,0,0,-12,5,-12,6,-12,6,-12,5,-11,6,-11,5,-11,6,-10,6,-10,6,-10,6,-11,6,-10,7,-10,6,-9,7,-9,6,-9,8,-8,8,-8,7,-8,8,-8,8,-9,7,-8,8,-8,8,-8,9,-9,9,-9,9,0,0,-8,10,-8,10,-9,10,-8,10,-9,9,-9,9,-9,9,-9,9,-9,9,-9,8,-10,8,-9,7,-9,7,-9,7,-9,7,-9,7,-10,6,-9,6,-9,5,-9,5,-9,4,-9,4,-9,3,-9,3,-9,2,-8,2,0,0,0,0,0,0,0,0,0,0]"
[0;32mI (989) csi_recv: compensate_gain 1.059254, agc_gain 33, fft_gain -25[0m
CSI_DATA,52022,14:c1:9f:28:c1:a0,-39,11,1,0,1,1,1,0,0,0,0,-97,0,11,2,984806,0,47,0,128,0,"[0,0,0,0,0,0,0,0,0,0,0,0,7,10,8,9,8,9,8,10,8,9,7,9,8,8,8,8,7,8,8,7,8,8,9,7,9,7,9,7,8,6,9,7,9,6,9,5,10,5,9,5,9,5,10,5,9,5,11,4,11,5,11,5,0,0,11,5,11,5,12,5,12,5,11,5,11,6,11,6,11,6,11,6,10,6,11,6,9,6,9,6,10,6,8,6,9,7,8,7,8,6,7,6,7,6,6,7,6,7,5,7,5,7,5,7,4,7,0,0,0,0,0,0,0,0,0,0]"
[0;32mI (999) csi_recv: compensate_gain 1.059254, agc_gain 33, fft_gain -25[0m
CSI_DATA,52023,14:c1:9f:28:c1:a0,-39,11,1,0,1,1,1,0,0,0,0,-97,0,11,2,995817,0,47,0,128,0,"[0,0,0,0,0,0,0,0,0,0,0,0,12,-4,12,-4,12,-5,12,-4,11,-4,11,-4,11,-4,11,-4,11,-4,10,-5,11,-5,11,-6,10,-5,10,-6,9,-5,10,-6,9,-7,9,-6,9,-7,9,-7,9,-6,9,-7,9,-7,9,-8,10,-8,9,-8,0,0,10,-8,10,-8,10,-8,10,-9,10,-8,10,-8,11,-7,10,-7,10,-7,10,-7,11,-7,10,-6,10,-6,10,-5,10,-5,10,-5,10,-5,9,-4,9,-4,9,-3,9,-3,9,-2,9,-2,8,-2,8,-1,8,-1,0,0,0,0,0,0,0,0,0,0]"
[0;32mI (1009) csi_recv: compensate_gain 1.059254, agc_gain 33, fft_gain -25[0m
CSI_DATA,52024,14:c1:9f:28:c1:a0,-39,11,1,0,1,1,1,0,0,0,0,-97,0,11,2,1006792,0,47,0,128,0,"[0,0,0,0,0,0,0,0,0,0,0,0,-11,-6,-11,-6,-12,-6,-12,-6,-11,-6,-11,-6,-11,-5,-11,-5,-11,-5,-11,-4,-11,-5,-12,-4,-11,-4,-11,-3,-11,-4,-12,-3,-11,-2,-11,-2,-12,-2,-11,-2,-11,-2,-12,-2,-11,-2,-12,-1,-13,-2,-13,-1,0,0,-13,-1,-13,-1,-13,-1,-13,-1,-12,-2,-13,-2,-13,-2,-13,-2,-13,-3,-12,-3,-13,-3,-12,-3,-11,-3,-12,-3,-11,-3,-11,-4,-11,-4,-10,-4,-10,-4,-9,-4,-9,-5,-9,-5,-8,-5,-8,-5,-7,-5,-7,-5,0,0,0,0,0,0,0,0,0,0]"
[0;32mI (1019) csi_recv: compensate_gain 1.059254, agc_gain 33, fft_gain -25[0m
CSI_DATA,52025,14:c1:9f:28:c1:a0,-39,11,1,0,1,1,1,0,0,0,0,-97,0,11,2,1017792,0,47,0,128,0,"[0,0,0,0,0,0,0,0,0,0,0,0,-8,9,-8,10,-7,10,-8,10,-7,10,-7,9,-7,9,-6,9,-6,9,-5,10,-6,10,-6,10,-5,10,-5,10,-5,10,-4,11,-3,10,-3,10,-3,10,-3,11,-3,10,-3,11,-3,10,-2,11,-3,12,-2,12,0,0,-2,12,-3,12,-3,12,-2,12,-3,12,-3,12,-3,12,-3,11,-3,12,-3,11,-4,12,-4,10,-4,10,-4,11,-4,10,-5,10,-5,9,-4,9,-5,9,-5,8,-5,8,-5,7,-5,7,-6,7,-6,6,-6,5,0,0,0,0,0,0,0,0,0,0]"
[0;32mI (1029) csi_recv: compensate_gain 1.029201, agc_gain 33, fft_gain -24[0m
CSI_DATA,52026,14:c1:9f:28:c1:a0,-39,11,1,0,1,1,1,0,0,0,0,-97,0,11,2,1028803,0,47,0,128,0,"[0,0,0,0,0,0,0,0,0,0,0,0,6,10,6,10,7,10,6,11,6,10,6,9,6,9,6,9,6,9,7,8,7,9,7,9,7,8,7,8,7,7,8,8,8,7,8,7,8,6,8,7,8,7,9,7,8,7,10,6,10,7,10,7,0,0,10,7,10,7,10,7,10,7,9,7,10,7,10,8,9,8,9,8,9,8,9,8,8,8,8,8,8,8,7,8,7,8,7,8,6,7,6,8,5,7,5,8,4,8,4,8,4,7,3,8,2,7,0,0,0,0,0,0,0,0,0,0]"
[0;32mI (1039) csi_recv: compensate_gain 1.029201, agc_gain 33, fft_gain -24[0m
CSI_DATA,52027,14:c1:9f:28:c1:a0,-39,11,1,0,1,1,1,0,0,0,0,-97,0,11,2,1039817,0,47,0,128,0,"[0,0,0,0,0,0,0,0,0,0,0,0,12,0,12,-1,13,-1,13,0,12,-1,11,-1,11,-1,11,-2,11,-1,11,-2,11,-2,12,-3,11,-2,11,-3,10,-2,11,-4,10,-4,10,-4,10,-5,10,-4,10,-4,11,-5,10,-5,10,-6,11,-5,11,-6,0,0,11,-6,12,-6,12,-6,12,-6,11,-5,12,-5,12,-5,11,-5,12,-5,11,-5,12,-4,11,-3,11,-3,11,-3,11,-3,11,-3,11,-2,10,-2,10,-2,9,-2,9,-1,9,-1,9,0,9,0,8,1,8,1,0,0,0,0,0,0,0,0,0,0]"
[0;32mI (1049) csi_recv: compensate_gain 1.059254, agc_gain 33, fft_gain -25[0m
CSI_DATA,52028,14:c1:9f:28:c1:a0,-39,11,1,0,1,1,1,0,0,0,0,-97,0,11,2,1050792,0,47,0,128,0,"[0,0,0,0,0,0,0,0,0,0,0,0,-11,-8,-11,-7,-12,-7,-11,-8,-11,-7,-11,-7,-11,-7,-11,-6,-11,-7,-11,-6,-11,-7,-12,-6,-11,-6,-11,-5,-11,-5,-12,-5,-12,-4,-11,-4,-12,-3,-12,-4,-11,-4,-12,-4,-11,-4,-13,-3,-13,-4,-13,-3,0,0,-13,-3,-13,-4,-14,-3,-14,-3,-13,-4,-13,-4,-13,-4,-13,-4,-13,-5,-12,-5,-13,-5,-11,-5,-11,-5,-11,-5,-11,-5,-11,-6,-10,-6,-10,-6,-9,-6,-9,-6,-8,-6,-8,-6,-8,-7,-7,-7,-7,-7,-6,-7,0,0,0,0,0,0,0,0,0,0]"
[0;32mI (1059) csi_recv: compensate_gain 1.059254, agc_gain 33, fft_gain -25[0m
CSI_DATA,52029,14:c1:9f:28:c1:a0,-39,11,1,0,1,1,1,0,0,0,0,-97,0,11,2,1061798,0,47,0,128,0,"[0,0,0,0,0,0,0,0,0,0,0,0,-8,9,-8,9,-7,10,-8,9,-7,9,-7,9,-7,9,-7,9,-7,9,-6,9,-7,10,-6,10,-6,10,-5,10,-5,9,-5,10,-4,10,-4,9,-4,10,-4,10,-4,10,-4,10,-4,10,-3,11,-4,11,-3,12,0,0,-3,12,-4,12,-4,12,-3,12,-4,11,-4,12,-5,11,-4,11,-5,11,-5,11,-5,11,-5,10,-5,10,-5,10,-5,9,-5,9,-6,9,-5,9,-6,8,-6,7,-6,7,-6,7,-6,6,-6,6,-7,5,-7,5,0,0,0,0,0,0,0,0,0,0]"
[0;32mI (1069) csi_recv: compensate_gain 1.059254, agc_gain 33, fft_gain -25[0m
CSI_DATA,52030,14:c1:9f:28:c1:a0,-39,11,1,0,1,1,1,0,0,0,0,-97,0,11,2,1072794,0,47,0,128,0,"[0,0,0,0,0,0,0,0,0,0,0,0,11,4,12,4,12,3,12,4,11,3,11,3,11,3,11,2,11,2,11,2,11,2,12,1,11,1,11,1,11,1,12,0,11,0,11,0,11,-1,11,-1,11,0,11,-1,10,-1,12,-2,12,-1,12,-2,0,0,12,-2,12,-2,13,-2,12,-2,12,-2,13,-1,13,-1,12,-1,12,-1,12,-1,12,0,11,0,11,0,11,0,11,1,11,1,11,1,10,1,10,1,9,1,9,2,9,2,8,3,8,3,8,3,7,3,0,0,0,0,0,0,0,0,0,0]"
[0;32mI (1079) csi_recv: compensate_gain 1.778279, agc_gain 26, fft_gain -15[0m
CSI_DATA,52031,14:c1:9f:28:c1:a0,-35,11,1,0,1,1,1,0,0,0,0,-97,0,11,2,1083826,0,47,0,128,0,"[0,0,0,0,0,0,0,0,0,0,0,0,-21,0,-21,1,-23,1,-23,0,-21,1,-21,1,-21,1,-21,1,-19,1,-19,3,-21,1,-21,3,-19,3,-19,3,-17,3,-19,5,-19,5,-17,5,-17,5,-19,5,-17,5,-19,5,-17,5,-17,7,-19,7,-19,8,0,0,-19,7,-19,7,-19,7,-19,7,-19,7,-19,5,-19,5,-19,5,-19,3,-19,3,-19,3,-19,3,-19,1,-19,3,-17,1,-17,1,-17,0,-16,1,-16,0,-16,0,-16,-1,-14,-1,-14,-3,-14,-3,-14,-3,-12,-3,0,0,0,0,0,0,0,0,0,0]"
[0;32mI (1099) csi_recv: compensate_gain 1.059254, agc_gain 33, fft_gain -25[0m
CSI_DATA,52032,14:c1:9f:28:c1:a0,-39,11,1,0,1,1,1,0,0,0,0,-97,0,11,2,1094819,0,47,0,128,0,"[0,0,0,0,0,0,0,0,0,0,0,0,-7,-11,-8,-11,-8,-10,-8,-12,-8,-11,-7,-10,-7,-10,-8,-10,-8,-10,-8,-9,-8,-10,-9,-9,-9,-9,-9,-9,-9,-9,-10,-8,-10,-8,-9,-7,-10,-7,-10,-7,-9,-8,-10,-8,-9,-7,-11,-7,-11,-8,-11,-7,0,0,-11,-7,-11,-8,-12,-8,-12,-7,-11,-8,-11,-8,-11,-9,-10,-8,-11,-9,-10,-8,-10,-9,-9,-8,-9,-9,-9,-9,-8,-8,-9,-9,-8,-9,-8,-8,-7,-9,-6,-8,-6,-9,-6,-8,-5,-9,-5,-8,-4,-8,-4,-8,0,0,0,0,0,0,0,0,0,0]"
[0;32mI (1109) csi_recv: compensate_gain 1.059254, agc_gain 33, fft_gain -25[0m
CSI_DATA,52033,14:c1:9f:28:c1:a0,-39,11,1,0,1,1,1,0,0,0,0,-97,0,11,2,1105812,0,47,0,128,0,"[0,0,0,0,0,0,0,0,0,0,0,0,-6,11,-6,11,-5,12,-6,11,-6,11,-5,10,-5,11,-5,10,-5,10,-4,11,-5,11,-4,11,-4,11,-3,11,-3,10,-3,11,-2,11,-2,10,-1,11,-2,11,-2,11,-1,11,-1,10,0,12,-1,12,-1,12,0,0,-1,12,-1,13,-1,13,0,13,-1,12,-1,13,-2,13,-2,12,-2,12,-2,12,-2,12,-3,11,-3,11,-3,11,-3,10,-3,11,-4,10,-3,10,-4,9,-4,9,-4,9,-4,8,-5,8,-5,8,-5,7,-5,6,0,0,0,0,0,0,0,0,0,0]"
[0;32mI (1119) csi_recv: compensate_gain 1.059254, agc_gain 33, fft_gain -25[0m
CSI_DATA,52034,14:c1:9f:28:c1:a0,-39,11,1,0,1,1,1,0,0,0,0,-97,0,11,2,1118324,0,47,0,128,0,"[0,0,0,0,0,0,0,0,0,0,0,0,3,-13,2,-13,2,-13,3,-13,2,-13,2,-12,2,-12,1,-12,1,-12,0,-12,1,-13,0,-13,0,-12,-1,-12,0,-12,-1,-13,-2,-12,-2,-11,-2,-12,-2,-12,-2,-12,-2,-12,-2,-11,-4,-13,-3,-13,-3,-13,0,0,-4,-13,-3,-13,-3,-14,-4,-13,-3,-13,-3,-13,-2,-14,-2,-13,-2,-13,-2,-13,-2,-14,-1,-12,-1,-12,-1,-12,-1,-12,0,-12,0,-12,0,-11,0,-11,0,-10,1,-10,1,-10,1,-10,1,-9,2,-9,2,-8,0,0,0,0,0,0,0,0,0,0]"
[0;32mI (1129) csi_recv: compensate_gain 1.059254, agc_gain 33, fft_gain -25[0m
CSI_DATA,52035,14:c1:9f:28:c1:a0,-39,11,1,0,1,1,1,0,0,0,0,-97,0,11,2,1127814,0,47,0,128,0,"[0,0,0,0,0,0,0,0,0,0,0,0,0,-13,-1,-13,-2,-13,-1,-13,-1,-13,-1,-12,-1,-12,-2,-12,-2,-12,-3,-12,-2,-12,-3,-12,-3,-12,-3,-12,-3,-11,-4,-12,-4,-11,-4,-11,-5,-11,-5,-11,-4,-11,-5,-11,-5,-11,-6,-11,-6,-12,-6,-12,0,0,-6,-12,-6,-12,-6,-12,-6,-12,-5,-12,-5,-12,-5,-13,-5,-12,-4,-12,-5,-12,-4,-13,-4,-12,-3,-12,-3,-12,-3,-11,-3,-12,-2,-11,-2,-11,-2,-11,-1,-10,-1,-10,-1,-10,0,-10,0,-9,1,-9,1,-9,0,0,0,0,0,0,0,0,0,0]"
[0;32mI (1139) csi_recv: compensate_gain 1.059254, agc_gain 33, fft_gain -25[0m
CSI_DATA,52036,14:c1:9f:28:c1:a0,-39,11,1,0,1,1,1,0,0,0,0,-97,0,11,2,1138798,0,47,0,128,0,"[0,0,0,0,0,0,0,0,0,0,0,0,-9,9,-8,9,-8,10,-9,9,-8,10,-7,9,-8,9,-7,9,-7,9,-7,10,-7,9,-7,10,-7,10,-6,10,-6,9,-6,11,-5,10,-5,10,-4,10,-5,10,-5,10,-5,11,-4,10,-4,11,-5,12,-4,12,0,0,-4,12,-4,12,-5,12,-4,12,-5,11,-5,12,-6,12,-6,11,-6,12,-6,11,-6,11,-6,10,-6,10,-7,10,-6,9,-6,9,-7,9,-6,8,-7,8,-7,7,-7,7,-7,6,-7,6,-7,6,-8,5,-7,4,0,0,0,0,0,0,0,0,0,0]"
[0;32mI (1149) csi_recv: compensate_gain 1.059254, agc_gain 33, fft_gain -25[0m
CSI_DATA,52037,14:c1:9f:28:c1:a0,-39,11,1,0,1,1,1,0,0,0,0,-97,0,11,2,1149791,0,47,0,128,0,"[0,0,0,0,0,0,0,0,0,0,0,0,12,1,12,1,12,0,12,1,12,1,11,1,11,1,11,0,11,0,11,-1,11,0,12,-1,11,-1,11,-2,10,-1,12,-2,11,-2,10,-2,10,-3,11,-3,11,-2,11,-3,10,-3,11,-4,12,-4,12,-4,0,0,12,-4,12,-4,12,-4,12,-4,11,-3,12,-3,12,-3,12,-2,12,-2,12,-2,12,-2,11,-2,11,-2,11,-1,11,-1,11,-1,11,0,10,-1,10,0,9,0,9,1,9,1,9,2,8,2,8,2,7,2,0,0,0,0,0,0,0,0,0,0]"
[0;32mI (1159) csi_recv: compensate_gain 1.029201, agc_gain 33, fft_gain -24[0m
CSI_DATA,52038,14:c1:9f:28:c1:a0,-39,11,1,0,1,1,1,0,0,0,0,-97,0,11,2,1160793,0,47,0,128,0,"[0,0,0,0,0,0,0,0,0,0,0,0,-1,-13,-2,-13,-3,-13,-2,-14,-2,-13,-2,-12,-3,-13,-3,-12,-3,-12,-4,-12,-3,-13,-4,-13,-4,-12,-4,-12,-4,-11,-5,-12,-5,-11,-5,-11,-6,-11,-6,-11,-6,-11,-6,-11,-6,-11,-7,-11,-7,-12,-7,-12,0,0,-8,-12,-7,-12,-7,-12,-8,-12,-7,-12,-7,-12,-6,-13,-6,-12,-6,-12,-6,-12,-6,-13,-5,-12,-4,-12,-5,-12,-4,-12,-4,-12,-3,-12,-3,-11,-3,-11,-2,-10,-2,-11,-1,-10,-1,-10,-1,-10,0,-9,0,-9,0,0,0,0,0,0,0,0,0,0]"
[0;32mI (1169) csi_recv: compensate_gain 1.059254, agc_gain 33, fft_gain -25[0m
CSI_DATA,52039,14:c1:9f:28:c1:a0,-39,11,1,0,1,1,1,0,0,0,0,-97,0,11,2,1171815,0,47,0,128,0,"[0,0,0,0,0,0,0,0,0,0,0,0,-13,-4,-13,-3,-13,-2,-13,-3,-12,-3,-12,-3,-12,-3,-12,-2,-12,-2,-12,-1,-13,-2,-13,-1,-12,-1,-12,-1,-12,-1,-13,0,-12,1,-12,1,-12,2,-12,1,-12,1,-13,1,-12,1,-13,3,-13,2,-13,2,0,0,-13,2,-13,2,-14,2,-13,3,-13,2,-14,2,-14,1,-13,1,-14,1,-13,1,-14,1,-13,0,-13,0,-13,0,-12,0,-12,0,-12,-1,-11,-1,-11,-1,-10,-1,-10,-2,-10,-2,-10,-3,-10,-3,-9,-3,-8,-4,0,0,0,0,0,0,0,0,0,0]"
[0;32mI (1179) csi_recv: compensate_gain 1.090184, agc_gain 33, fft_gain -26[0m
CSI_DATA,52040,14:c1:9f:28:c1:a0,-39,11,1,0,1,1,1,0,0,0,0,-97,0,11,2,1182817,0,47,0,128,0,"[0,0,0,0,0,0,0,0,0,0,0,0,-4,13,-3,11,-2,13,-3,13,-3,13,-3,11,-2,11,-2,11,-2,11,-1,11,-2,11,-1,13,-1,11,-1,11,-1,10,0,13,0,11,0,11,1,11,1,11,0,11,1,11,1,11,2,11,1,13,2,13,0,0,2,13,2,13,2,13,2,14,1,13,1,13,1,14,1,13,0,13,0,13,0,13,-1,11,-1,11,-1,11,-1,11,-1,11,-2,11,-2,10,-2,10,-2,9,-3,9,-3,9,-3,8,-3,8,-4,7,-4,7,0,0,0,0,0,0,0,0,0,0]"
[0;32mI (1189) csi_recv: compensate_gain 1.059254, agc_gain 33, fft_gain -25[0m
CSI_DATA,52041,14:c1:9f:28:c1:a0,-39,11,1,0,1,1,1,0,0,0,0,-97,0,11,2,1193811,0,47,0,128,0,"[0,0,0,0,0,0,0,0,0,0,0,0,11,-6,10,-7,10,-7,11,-6,10,-7,10,-6,9,-7,9,-7,9,-7,9,-7,9,-7,9,-8,9,-8,8,-8,8,-7,8,-9,7,-9,7,-8,7,-9,7,-9,7,-9,7,-9,7,-9,7,-10,7,-10,7,-11,0,0,7,-11,8,-11,8,-11,7,-11,7,-10,8,-10,8,-10,8,-10,8,-10,8,-10,9,-10,8,-9,8,-8,8,-8,8,-8,8,-8,9,-7,8,-7,8,-6,7,-6,8,-5,8,-5,8,-5,7,-4,8,-4,7,-3,0,0,0,0,0,0,0,0,0,0]"
[0;32mI (1209) csi_recv: compensate_gain 1.059254, agc_gain 33, fft_gain -25[0m
CSI_DATA,52042,14:c1:9f:28:c1:a0,-39,11,1,0,1,1,1,0,0,0,0,-97,0,11,2,1204822,0,47,0,128,0,"[0,0,0,0,0,0,0,0,0,0,0,0,-6,-11,-7,-11,-8,-11,-7,-11,-7,-11,-7,-10,-7,-10,-7,-10,-7,-10,-8,-9,-8,-10,-9,-10,-8,-9,-8,-9,-8,-8,-9,-9,-9,-8,-9,-8,-10,-7,-10,-7,-9,-8,-10,-8,-9,-7,-11,-7,-11,-8,-11,-7,0,0,-11,-7,-11,-8,-11,-8,-12,-7,-11,-8,-11,-8,-11,-8,-10,-8,-10,-9,-10,-8,-10,-8,-9,-8,-9,-8,-9,-8,-8,-8,-8,-9,-8,-9,-8,-8,-7,-8,-7,-8,-6,-8,-6,-8,-5,-8,-5,-8,-4,-8,-4,-8,0,0,0,0,0,0,0,0,0,0]"
[0;32mI (1219) csi_recv: compensate_gain 1.090184, agc_gain 33, fft_gain -26[0m
CSI_DATA,52043,14:c1:9f:28:c1:a0,-39,11,1,0,1,1,1,0,0,0,0,-97,0,11,2,1215803,0,47,0,128,0,"[0,0,0,0,0,0,0,0,0,0,0,0,0,13,1,13,2,13,1,13,1,13,1,11,1,11,1,11,1,11,2,11,2,11,3,11,2,11,3,10,3,10,4,11,4,10,4,9,5,10,4,10,4,10,5,10,4,9,6,10,5,11,6,11,0,0,6,11,6,11,6,11,6,11,5,11,5,11,5,13,4,11,4,11,4,11,4,11,3,11,3,11,3,11,3,10,2,10,2,10,2,10,1,10,1,9,0,9,0,9,0,9,0,8,-1,8,-2,8,0,0,0,0,0,0,0,0,0,0]"
[0;32mI (1229) csi_recv: compensate_gain 1.090184, agc_gain 33, fft_gain -26[0m
CSI_DATA,52044,14:c1:9f:28:c1:a0,-39,11,1,0,1,1,1,0,0,0,0,-97,0,11,2,1226805,0,47,0,128,0,"[0,0,0,0,0,0,0,0,0,0,0,0,11,-6,10,-6,11,-7,11,-6,10,-6,10,-6,10,-7,9,-7,9,-7,9,-7,10,-7,9,-8,9,-7,9,-8,8,-7,8,-9,7,-9,7,-8,7,-9,7,-9,7,-9,7,-9,7,-9,7,-10,8,-10,7,-10,0,0,7,-11,8,-11,8,-11,7,-11,8,-10,8,-10,8,-10,8,-10,8,-10,8,-9,9,-10,8,-8,8,-8,8,-8,8,-8,8,-8,9,-7,8,-7,8,-6,8,-6,8,-5,8,-5,8,-4,8,-4,8,-4,7,-3,0,0,0,0,0,0,0,0,0,0]"
[0;32mI (1239) csi_recv: compensate_gain 1.778279, agc_gain 26, fft_gain -15[0m
CSI_DATA,52045,14:c1:9f:28:c1:a0,-35,11,1,0,1,1,1,0,0,0,0,-97,0,11,2,1237817,0,47,0,128,0,"[0,0,0,0,0,0,0,0,0,0,0,0,8,17,8,16,10,17,8,17,8,16,8,16,8,16,8,16,8,16,10,16,8,16,10,14,10,14,10,14,10,12,12,14,12,10,12,10,12,10,12,10,12,10,14,12,12,10,14,10,14,12,14,12,0,0,14,10,16,12,14,12,16,12,14,12,14,12,14,12,12,12,12,12,12,12,12,12,10,12,10,12,10,12,10,12,10,12,8,12,8,10,7,12,7,10,5,12,5,10,5,12,5,10,3,10,1,10,0,0,0,0,0,0,0,0,0,0]"
[0;32mI (1249) csi_recv: compensate_gain 1.090184, agc_gain 33, fft_gain -26[0m
CSI_DATA,52046,14:c1:9f:28:c1:a0,-39,11,1,0,1,1,1,0,0,0,0,-97,0,11,2,1248795,0,47,0,128,0,"[0,0,0,0,0,0,0,0,0,0,0,0,4,13,4,11,5,11,4,13,4,11,4,10,4,10,4,10,5,10,5,10,5,10,5,10,5,10,6,9,5,9,7,9,7,8,6,8,7,8,7,8,7,8,8,8,7,8,8,8,8,9,8,9,0,0,9,9,9,9,9,9,9,9,8,9,8,9,8,9,8,9,8,9,7,9,7,10,6,9,6,9,6,9,5,9,6,9,5,9,5,9,4,9,4,8,3,9,3,8,2,8,2,8,1,8,1,8,0,0,0,0,0,0,0,0,0,0]"
[0;32mI (1259) csi_recv: compensate_gain 1.090184, agc_gain 33, fft_gain -26[0m
CSI_DATA,52047,14:c1:9f:28:c1:a0,-39,11,1,0,1,1,1,0,0,0,0,-97,0,11,2,1259815,0,47,0,128,0,"[0,0,0,0,0,0,0,0,0,0,0,0,13,-2,13,-2,13,-3,13,-2,13,-3,11,-3,11,-3,11,-3,11,-3,10,-4,11,-4,11,-4,11,-4,10,-4,10,-4,11,-6,10,-6,9,-5,9,-6,9,-6,9,-6,10,-7,9,-6,10,-8,10,-7,10,-8,0,0,10,-8,11,-8,10,-8,11,-8,10,-7,11,-7,11,-7,10,-7,11,-7,10,-7,11,-6,10,-6,10,-5,10,-5,10,-5,10,-5,10,-4,9,-4,9,-4,9,-3,9,-3,9,-2,9,-2,8,-2,8,-1,8,-1,0,0,0,0,0,0,0,0,0,0]"
[0;32mI (1269) csi_recv: compensate_gain 1.090184, agc_gain 33, fft_gain -26[0m
CSI_DATA,52048,14:c1:9f:28:c1:a0,-39,11,1,0,1,1,1,0,0,0,0,-97,0,11,2,1271944,0,47,0,128,0,"[0,0,0,0,0,0,0,0,0,0,0,0,5,11,6,10,6,11,6,11,6,10,5,10,6,10,6,9,6,9,7,9,6,10,7,9,6,9,7,9,7,8,8,8,8,7,7,7,8,7,8,7,8,7,9,7,8,7,9,7,9,8,10,7,0,0,10,7,10,7,10,8,10,7,9,7,10,8,9,8,9,8,9,8,9,8,8,9,8,8,7,8,7,8,7,8,7,8,6,9,6,8,5,8,5,8,4,8,4,8,4,8,3,8,2,8,2,7,0,0,0,0,0,0,0,0,0,0]"
[0;32mI (1279) csi_recv: compensate_gain 1.090184, agc_gain 33, fft_gain -26[0m
CSI_DATA,52049,14:c1:9f:28:c1:a0,-39,11,1,0,1,1,1,0,0,0,0,-97,0,11,2,1281812,0,47,0,128,0,"[0,0,0,0,0,0,0,0,0,0,0,0,-2,13,-2,13,-1,14,-2,13,-1,13,-1,11,-1,11,-1,11,-1,11,0,11,0,13,0,13,0,11,1,11,1,10,2,13,2,10,2,10,3,10,3,11,2,10,3,11,3,10,4,11,3,13,4,11,0,0,4,11,4,13,4,13,4,13,3,11,3,13,3,13,3,13,2,13,3,13,2,13,2,11,1,11,1,11,1,11,1,11,0,11,0,10,0,10,0,9,-1,9,-1,9,-2,9,-2,8,-3,8,-3,7,0,0,0,0,0,0,0,0,0,0]"
[0;32mI (1289) csi_recv: compensate_gain 1.090184, agc_gain 33, fft_gain -26[0m
CSI_DATA,52050,14:c1:9f:28:c1:a0,-39,11,1,0,1,1,1,0,0,0,0,-97,0,11,2,1292807,0,47,0,128,0,"[0,0,0,0,0,0,0,0,0,0,0,0,9,-9,8,-9,8,-10,9,-9,8,-10,7,-9,8,-9,7,-9,7,-9,7,-10,7,-10,7,-10,6,-10,6,-10,6,-9,6,-11,5,-11,5,-10,4,-11,5,-11,5,-10,5,-11,4,-11,4,-13,5,-13,4,-13,0,0,4,-13,5,-14,5,-13,5,-14,5,-13,5,-13,6,-13,6,-13,6,-11,6,-11,6,-11,6,-10,6,-10,6,-10,6,-10,6,-9,7,-9,6,-8,6,-8,6,-8,7,-7,6,-6,7,-6,7,-6,7,-5,6,-5,0,0,0,0,0,0,0,0,0,0]"
[0;32mI (1299) csi_recv: compensate_gain 1.122018, agc_gain 32, fft_gain -23[0m
CSI_DATA,52051,14:c1:9f:28:c1:a0,-39,11,1,0,1,1,1,0,0,0,0,-97,0,11,2,1303818,0,47,0,128,0,"[0,0,0,0,0,0,0,0,0,0,0,0,-12,-8,-12,-7,-13,-7,-12,-7,-12,-6,-11,-6,-12,-6,-12,-6,-12,-6,-12,-5,-12,-6,-13,-5,-12,-5,-12,-5,-12,-4,-13,-4,-12,-3,-12,-3,-13,-3,-13,-3,-12,-3,-13,-3,-12,-3,-14,-2,-14,-3,-14,-2,0,0,-14,-2,-14,-3,-14,-2,-15,-2,-14,-3,-14,-3,-14,-3,-14,-3,-14,-4,-13,-4,-14,-4,-13,-4,-12,-4,-12,-4,-12,-5,-12,-5,-12,-5,-11,-5,-11,-5,-10,-5,-10,-6,-8,-6,-8,-6,-8,-6,-7,-6,-6,-6,0,0,0,0,0,0,0,0,0,0]"
[0;32mI (1319) csi_recv: compensate_gain 1.059254, agc_gain 33, fft_gain -25[0m
CSI_DATA,52052,14:c1:9f:28:c1:a0,-39,11,1,0,1,1,1,0,0,0,0,-97,0,11,2,1314899,0,47,0,128,0,"[0,0,0,0,0,0,0,0,0,0,0,0,-3,-13,-4,-13,-4,-13,-4,-13,-4,-12,-4,-12,-4,-12,-4,-11,-4,-12,-5,-11,-5,-12,-6,-12,-5,-11,-6,-11,-5,-11,-7,-11,-7,-10,-6,-9,-7,-10,-7,-10,-7,-10,-8,-10,-7,-9,-9,-10,-8,-11,-9,-11,0,0,-9,-11,-9,-11,-9,-11,-9,-10,-8,-11,-9,-11,-8,-11,-8,-11,-8,-11,-7,-11,-8,-11,-7,-11,-6,-11,-6,-11,-5,-10,-6,-11,-5,-11,-5,-10,-4,-10,-4,-10,-3,-10,-3,-10,-3,-9,-3,-9,-2,-9,-1,-9,0,0,0,0,0,0,0,0,0,0]"
[0;32mI (1329) csi_recv: compensate_gain 1.122018, agc_gain 33, fft_gain -27[0m
CSI_DATA,52053,14:c1:9f:28:c1:a0,-39,11,1,0,1,1,1,0,0,0,0,-97,0,11,2,1325826,0,47,0,128,0,"[0,0,0,0,0,0,0,0,0,0,0,0,12,-5,12,-6,12,-7,13,-6,11,-6,11,-6,11,-6,10,-6,11,-6,10,-7,11,-6,11,-7,10,-7,10,-7,10,-7,10,-8,8,-8,8,-8,7,-10,8,-10,8,-8,8,-10,7,-8,8,-11,8,-11,8,-11,0,0,8,-11,8,-11,10,-11,8,-11,8,-11,10,-11,10,-10,10,-10,10,-10,10,-10,10,-10,10,-8,10,-7,10,-7,10,-7,10,-7,10,-6,8,-6,8,-5,8,-5,8,-4,8,-4,8,-3,8,-3,8,-3,8,-2,0,0,0,0,0,0,0,0,0,0]"
[0;32mI (1339) csi_recv: compensate_gain 1.090184, agc_gain 32, fft_gain -22[0m
CSI_DATA,52054,14:c1:9f:28:c1:a0,-39,11,1,0,1,1,1,0,0,0,0,-97,0,11,2,1336792,0,47,0,128,0,"[0,0,0,0,0,0,0,0,0,0,0,0,-9,8,-9,9,-8,9,-9,9,-8,9,-8,8,-8,9,-7,8,-7,9,-7,9,-8,9,-7,10,-7,9,-6,9,-6,9,-6,10,-5,10,-5,9,-4,10,-4,10,-5,9,-4,10,-4,10,-4,11,-5,11,-4,11,0,0,-4,13,-4,13,-4,13,-4,13,-4,11,-5,13,-5,11,-5,11,-5,11,-5,11,-6,11,-6,10,-6,10,-6,10,-6,9,-6,10,-6,9,-6,8,-6,8,-6,7,-7,7,-6,6,-7,6,-7,6,-7,5,-7,4,0,0,0,0,0,0,0,0,0,0]"
[0;32mI (1349) csi_recv: compensate_gain 1.059254, agc_gain 33, fft_gain -25[0m
CSI_DATA,52055,14:c1:9f:28:c1:a0,-39,11,1,0,1,1,1,0,0,0,0,-97,0,11,2,1347804,0,47,0,128,0,"[0,0,0,0,0,0,0,0,0,0,0,0,11,4,11,3,11,3,12,4,11,3,11,3,11,3,10,2,11,2,11,1,11,2,11,1,11,1,11,1,10,1,11,0,11,-1,10,-1,11,-1,11,-1,11,-1,11,-1,10,-1,11,-2,12,-2,12,-2,0,0,12,-2,12,-2,13,-2,12,-3,12,-2,12,-2,12,-1,12,-1,12,-1,11,-1,12,-1,11,0,11,0,11,0,10,0,11,0,10,1,10,0,9,1,9,1,9,2,8,2,8,2,8,2,7,3,7,3,0,0,0,0,0,0,0,0,0,0]"
[0;32mI (1359) csi_recv: compensate_gain 1.122018, agc_gain 33, fft_gain -27[0m
CSI_DATA,52056,14:c1:9f:28:c1:a0,-39,11,1,0,1,1,1,0,0,0,0,-97,0,11,2,1358815,0,47,0,128,0,"[0,0,0,0,0,0,0,0,0,0,0,0,-1,-14,-2,-13,-3,-14,-2,-14,-2,-14,-2,-13,-2,-13,-2,-13,-2,-13,-3,-13,-3,-13,-3,-13,-3,-13,-4,-12,-3,-12,-5,-13,-5,-12,-5,-12,-5,-11,-5,-12,-5,-12,-6,-12,-5,-12,-6,-12,-6,-13,-6,-12,0,0,-7,-13,-7,-13,-7,-13,-7,-13,-6,-12,-6,-13,-6,-13,-6,-13,-5,-13,-5,-13,-5,-13,-4,-13,-4,-12,-4,-12,-4,-12,-3,-12,-3,-12,-3,-11,-2,-11,-2,-11,-1,-11,-1,-11,-1,-11,-1,-10,0,-10,1,-8,0,0,0,0,0,0,0,0,0,0]"
[0;32mI (1369) csi_recv: compensate_gain 1.122018, agc_gain 32, fft_gain -23[0m
CSI_DATA,52057,14:c1:9f:28:c1:a0,-39,11,1,0,1,1,1,0,0,0,0,-97,0,11,2,1369809,0,47,0,128,0,"[0,0,0,0,0,0,0,0,0,0,0,0,-7,12,-6,12,-5,12,-6,12,-5,12,-6,11,-5,11,-5,11,-5,11,-4,11,-5,12,-4,12,-4,12,-3,12,-3,11,-3,12,-2,12,-2,11,-1,12,-2,12,-2,12,-1,12,-1,11,0,13,-1,13,-1,13,0,0,-1,13,-1,13,-1,14,-1,14,-1,13,-1,14,-2,14,-2,13,-2,13,-2,13,-2,13,-2,12,-3,12,-3,12,-3,11,-3,12,-4,11,-3,11,-4,10,-4,10,-4,8,-4,8,-5,8,-5,7,-5,7,-5,6,0,0,0,0,0,0,0,0,0,0]"
[0;32mI (1379) csi_recv: compensate_gain 1.090184, agc_gain 33, fft_gain -26[0m
CSI_DATA,52058,14:c1:9f:28:c1:a0,-39,11,1,0,1,1,1,0,0,0,0,-97,0,11,2,1380792,0,47,0,128,0,"[0,0,0,0,0,0,0,0,0,0,0,0,5,-13,5,-13,4,-13,5,-13,4,-13,4,-11,4,-11,3,-11,4,-11,3,-11,3,-11,3,-13,3,-13,2,-13,2,-11,2,-13,1,-11,1,-11,0,-13,1,-13,1,-11,0,-13,1,-11,-1,-13,0,-14,0,-14,0,0,0,-14,0,-14,0,-14,0,-15,0,-14,1,-14,1,-14,1,-14,1,-14,1,-14,2,-14,2,-13,2,-13,2,-13,2,-11,3,-11,3,-11,3,-10,3,-10,3,-9,4,-9,4,-9,4,-8,4,-8,4,-7,4,-7,0,0,0,0,0,0,0,0,0,0]"
[0;32mI (1389) csi_recv: compensate_gain 1.778279, agc_gain 26, fft_gain -15[0m
CSI_DATA,52059,14:c1:9f:28:c1:a0,-35,11,1,0,1,1,1,0,0,0,0,-97,0,11,2,1391798,0,47,0,128,0,"[0,0,0,0,0,0,0,0,0,0,0,0,19,-5,19,-5,19,-7,21,-5,17,-5,17,-5,17,-7,17,-7,17,-5,17,-7,17,-7,17,-7,16,-7,16,-7,14,-7,16,-8,14,-8,14,-8,14,-10,14,-10,14,-8,14,-10,14,-8,14,-12,16,-12,16,-12,0,0,16,-12,16,-12,16,-12,16,-12,16,-10,16,-10,16,-10,16,-10,16,-10,16,-8,16,-8,16,-7,16,-7,14,-7,14,-7,14,-7,14,-5,14,-5,12,-5,12,-3,12,-3,12,-3,12,-1,12,-1,12,0,10,0,0,0,0,0,0,0,0,0,0,0]"
[0;32mI (1399) csi_recv: compensate_gain 1.122018, agc_gain 32, fft_gain -23[0m
CSI_DATA,52060,14:c1:9f:28:c1:a0,-39,11,1,0,1,1,1,0,0,0,0,-97,0,11,2,1402800,0,47,0,128,0,"[0,0,0,0,0,0,0,0,0,0,0,0,13,3,12,3,13,2,13,3,13,2,12,2,12,2,12,2,12,1,12,1,12,1,13,0,12,0,12,0,11,0,13,-1,12,-2,11,-1,12,-2,12,-2,12,-1,12,-2,11,-2,12,-3,13,-2,13,-3,0,0,13,-3,13,-3,13,-3,13,-3,13,-3,14,-2,13,-2,13,-2,13,-2,13,-2,13,-2,12,-1,12,-1,12,-1,12,-1,12,0,12,0,11,0,10,0,10,0,10,1,10,1,8,2,8,2,8,2,7,2,0,0,0,0,0,0,0,0,0,0]"
[0;32mI (1409) csi_recv: compensate_gain 1.090184, agc_gain 33, fft_gain -26[0m
CSI_DATA,52061,14:c1:9f:28:c1:a0,-39,11,1,0,1,1,1,0,0,0,0,-97,0,11,2,1413820,0,47,0,128,0,"[0,0,0,0,0,0,0,0,0,0,0,0,-1,-14,-2,-14,-2,-14,-1,-14,-2,-14,-2,-13,-2,-13,-2,-13,-2,-13,-3,-13,-3,-13,-4,-13,-3,-13,-4,-11,-3,-11,-4,-13,-5,-11,-5,-10,-5,-11,-5,-11,-5,-11,-6,-11,-5,-10,-7,-11,-6,-13,-7,-11,0,0,-7,-13,-6,-13,-7,-13,-7,-13,-6,-11,-6,-13,-6,-13,-5,-13,-5,-13,-5,-13,-5,-13,-4,-11,-4,-11,-4,-11,-3,-11,-3,-11,-3,-11,-3,-10,-2,-10,-2,-10,-1,-10,-1,-10,-1,-9,-1,-9,0,-9,1,-8,0,0,0,0,0,0,0,0,0,0]"
[0;32mI (1429) csi_recv: compensate_gain 1.029201, agc_gain 35, fft_gain -32[0m
CSI_DATA,52062,14:c1:9f:28:c1:a0,-39,11,1,0,1,1,1,0,0,0,0,-97,0,11,2,1425315,0,47,0,128,0,"[0,0,0,0,0,0,0,0,0,0,0,0,2,11,2,10,3,11,2,11,3,10,3,10,3,10,3,9,3,9,4,9,3,10,4,9,4,9,4,9,4,8,5,9,5,8,5,8,6,8,6,8,5,8,6,8,6,7,7,8,7,8,7,8,0,0,7,8,7,9,7,9,7,8,6,8,7,9,6,9,6,9,6,9,6,9,6,9,5,9,5,9,5,9,4,8,4,9,4,9,4,8,3,8,3,7,2,8,2,8,2,7,2,7,1,7,0,7,0,0,0,0,0,0,0,0,0,0]"
[0;32mI (1439) csi_recv: compensate_gain 1.122018, agc_gain 33, fft_gain -27[0m
CSI_DATA,52063,14:c1:9f:28:c1:a0,-39,11,1,0,1,1,1,0,0,0,0,-97,0,11,2,1435822,0,47,0,128,0,"[0,0,0,0,0,0,0,0,0,0,0,0,11,-7,11,-8,11,-8,11,-8,10,-8,10,-7,10,-8,8,-8,8,-8,8,-8,10,-8,8,-10,8,-8,7,-10,7,-8,7,-11,6,-10,6,-10,6,-11,6,-11,6,-10,6,-11,6,-10,6,-12,7,-12,6,-12,0,0,6,-12,7,-12,6,-12,7,-13,6,-12,7,-12,7,-12,7,-11,7,-11,7,-11,8,-11,7,-10,7,-10,8,-8,7,-8,7,-8,8,-8,7,-7,7,-7,7,-6,8,-6,7,-5,7,-5,7,-5,7,-4,7,-3,0,0,0,0,0,0,0,0,0,0]"
[0;32mI (1449) csi_recv: compensate_gain 1.090184, agc_gain 33, fft_gain -26[0m
CSI_DATA,52064,14:c1:9f:28:c1:a0,-39,11,1,0,1,1,1,0,0,0,0,-98,0,11,2,1446801,0,47,0,128,0,"[0,0,0,0,0,0,0,0,0,0,0,0,-8,10,-7,10,-7,10,-8,10,-7,9,-7,9,-7,10,-6,9,-6,9,-5,10,-6,10,-5,10,-5,10,-5,10,-5,10,-4,11,-4,11,-3,10,-3,11,-3,10,-4,10,-3,11,-3,10,-2,11,-3,13,-2,13,0,0,-3,13,-3,13,-3,13,-2,13,-3,13,-3,13,-4,13,-4,11,-4,13,-4,11,-4,13,-4,10,-4,10,-5,10,-5,10,-5,10,-5,9,-5,9,-5,8,-5,8,-6,8,-6,7,-6,7,-6,6,-6,6,-6,5,0,0,0,0,0,0,0,0,0,0]"
[0;32mI (1459) csi_recv: compensate_gain 1.090184, agc_gain 33, fft_gain -26[0m
CSI_DATA,52065,14:c1:9f:28:c1:a0,-39,11,1,0,1,1,1,0,0,0,0,-98,0,11,2,1457810,0,47,0,128,0,"[0,0,0,0,0,0,0,0,0,0,0,0,13,-4,13,-4,13,-5,13,-4,11,-4,11,-4,11,-4,10,-5,11,-5,10,-6,11,-5,10,-6,10,-6,10,-6,9,-6,10,-7,9,-7,8,-7,8,-8,8,-7,9,-7,9,-8,8,-8,8,-9,9,-9,9,-9,0,0,9,-10,9,-9,10,-9,9,-9,9,-9,9,-9,10,-9,9,-8,10,-8,9,-8,10,-8,9,-7,9,-7,10,-7,9,-6,9,-6,9,-6,8,-6,9,-5,8,-5,9,-4,8,-4,8,-3,8,-3,8,-2,8,-2,0,0,0,0,0,0,0,0,0,0]"
[0;32mI (1469) csi_recv: compensate_gain 1.090184, agc_gain 33, fft_gain -26[0m
CSI_DATA,52066,14:c1:9f:28:c1:a0,-39,11,1,0,1,1,1,0,0,0,0,-98,0,11,2,1468813,0,47,0,128,0,"[0,0,0,0,0,0,0,0,0,0,0,0,-14,-4,-14,-3,-14,-2,-14,-4,-14,-3,-13,-3,-13,-3,-13,-2,-13,-2,-13,-2,-14,-2,-14,-1,-13,-1,-13,-1,-11,-1,-14,0,-13,1,-13,0,-13,1,-13,1,-13,0,-13,1,-11,1,-13,2,-14,1,-14,2,0,0,-14,2,-14,2,-14,2,-15,2,-14,1,-14,1,-15,1,-14,1,-14,1,-14,0,-14,0,-13,0,-13,-1,-13,-1,-13,-1,-13,-1,-13,-1,-11,-1,-11,-2,-10,-2,-10,-3,-10,-3,-10,-3,-9,-3,-9,-4,-8,-4,0,0,0,0,0,0,0,0,0,0]"
[0;32mI (1479) csi_recv: compensate_gain 1.090184, agc_gain 33, fft_gain -26[0m
CSI_DATA,52067,14:c1:9f:28:c1:a0,-39,11,1,0,1,1,1,0,0,0,0,-98,0,11,2,1479823,0,47,0,128,0,"[0,0,0,0,0,0,0,0,0,0,0,0,6,10,6,10,7,10,6,10,6,9,6,9,6,9,6,8,6,9,7,8,7,9,8,8,7,8,7,7,7,7,8,7,8,6,8,6,9,6,9,6,8,6,9,6,8,6,10,5,10,6,10,6,0,0,10,6,10,6,10,6,10,6,10,6,10,7,10,7,10,7,9,7,9,7,9,7,8,7,8,7,8,7,7,7,7,7,7,7,7,7,6,7,5,7,5,7,5,7,4,7,4,7,3,7,3,7,0,0,0,0,0,0,0,0,0,0]"
[0;32mI (1489) csi_recv: compensate_gain 1.090184, agc_gain 33, fft_gain -26[0m
CSI_DATA,52068,14:c1:9f:28:c1:a0,-39,11,1,0,1,1,1,0,0,0,0,-98,0,11,2,1490798,0,47,0,128,0,"[0,0,0,0,0,0,0,0,0,0,0,0,-11,-7,-11,-6,-13,-6,-13,-7,-11,-6,-11,-6,-11,-6,-11,-5,-11,-5,-11,-4,-11,-5,-13,-4,-11,-4,-11,-4,-11,-4,-13,-3,-13,-2,-11,-3,-13,-2,-11,-3,-11,-3,-13,-2,-11,-2,-13,-1,-14,-2,-14,-1,0,0,-14,-2,-14,-2,-14,-2,-14,-1,-14,-2,-14,-3,-14,-3,-14,-3,-14,-3,-13,-3,-14,-3,-13,-3,-13,-4,-13,-4,-11,-4,-11,-4,-11,-4,-10,-4,-9,-5,-9,-5,-9,-5,-8,-5,-8,-5,-8,-5,-7,-6,-6,-6,0,0,0,0,0,0,0,0,0,0]"
[0;32mI (1499) csi_recv: compensate_gain 1.122018, agc_gain 33, fft_gain -27[0m
CSI_DATA,52069,14:c1:9f:28:c1:a0,-39,11,1,0,1,1,1,0,0,0,0,-98,0,11,2,1501821,0,47,0,128,0,"[0,0,0,0,0,0,0,0,0,0,0,0,-2,13,-2,13,-1,13,-2,13,-1,13,-1,12,-1,12,-1,12,-1,12,0,12,0,12,0,12,0,12,1,12,0,11,2,12,2,11,2,11,3,11,2,11,2,11,3,12,2,11,4,12,3,13,3,12,0,0,4,13,4,13,4,13,4,13,3,12,3,13,3,13,2,12,2,13,2,13,2,13,1,12,1,12,1,12,1,12,1,11,0,12,0,11,0,11,-1,10,-1,10,-1,10,-2,10,-2,8,-3,8,-3,7,0,0,0,0,0,0,0,0,0,0]"
[0;32mI (1509) csi_recv: compensate_gain 1.090184, agc_gain 33, fft_gain -26[0m
CSI_DATA,52070,14:c1:9f:28:c1:a0,-39,11,1,0,1,1,1,0,0,0,0,-98,0,11,2,1512805,0,47,0,128,0,"[0,0,0,0,0,0,0,0,0,0,0,0,0,-14,-1,-14,-1,-14,0,-14,-1,-14,-1,-13,-1,-14,-1,-13,-1,-13,-2,-13,-2,-13,-2,-14,-2,-13,-3,-13,-2,-11,-3,-13,-4,-11,-4,-11,-5,-11,-4,-11,-4,-11,-5,-13,-4,-11,-5,-13,-5,-13,-5,-13,0,0,-5,-13,-5,-14,-5,-14,-6,-14,-5,-13,-5,-14,-4,-14,-4,-14,-4,-14,-4,-14,-4,-14,-3,-13,-3,-13,-3,-13,-2,-13,-2,-13,-2,-13,-2,-11,-1,-11,-1,-10,0,-10,0,-10,1,-10,0,-9,1,-9,2,-8,0,0,0,0,0,0,0,0,0,0]"
[0;32mI (1519) csi_recv: compensate_gain 1.029201, agc_gain 35, fft_gain -32[0m
CSI_DATA,52071,14:c1:9f:28:c1:a0,-39,11,1,0,1,1,1,0,0,0,0,-98,0,11,2,1523792,0,47,0,128,0,"[0,0,0,0,0,0,0,0,0,0,0,0,0,11,0,11,1,11,0,11,1,11,1,10,1,10,1,10,1,10,2,10,1,10,2,10,2,10,2,10,2,9,3,10,3,9,3,9,4,9,4,9,4,9,4,9,4,9,5,9,5,10,5,10,0,0,5,10,5,10,5,10,5,10,4,10,5,10,4,10,4,10,4,10,4,10,3,10,3,10,2,9,3,10,2,9,2,9,1,9,1,9,1,9,1,8,0,8,0,8,0,8,-1,7,-1,7,-2,7,0,0,0,0,0,0,0,0,0,0]"
[0;32mI (1539) csi_recv: compensate_gain 1.122018, agc_gain 32, fft_gain -23[0m
CSI_DATA,52072,14:c1:9f:28:c1:a0,-39,11,1,0,1,1,1,0,0,0,0,-98,0,11,2,1534812,0,47,0,128,0,"[0,0,0,0,0,0,0,0,0,0,0,0,7,-12,6,-12,6,-13,7,-12,6,-12,5,-11,5,-12,5,-12,5,-12,4,-12,5,-12,4,-13,4,-12,3,-12,3,-12,3,-13,2,-13,2,-12,1,-13,2,-13,2,-12,2,-13,1,-12,1,-14,2,-14,1,-14,0,0,1,-14,1,-14,1,-15,1,-15,1,-14,1,-14,2,-14,2,-14,2,-14,2,-14,3,-14,3,-13,3,-13,3,-13,3,-12,3,-12,3,-12,3,-11,4,-11,3,-10,4,-10,4,-10,5,-8,4,-8,5,-7,5,-7,0,0,0,0,0,0,0,0,0,0]"
[0;32mI (1549) csi_recv: compensate_gain 1.059254, agc_gain 32, fft_gain -21[0m
CSI_DATA,52073,14:c1:9f:28:c1:a0,-39,11,1,0,1,1,1,0,0,0,0,-98,0,11,2,1545807,0,47,0,128,0,"[0,0,0,0,0,0,0,0,0,0,0,0,-8,9,-8,9,-9,10,-8,9,-7,9,-7,9,-7,9,-7,9,-7,9,-6,9,-7,9,-6,10,-6,9,-6,9,-5,9,-5,10,-4,9,-4,9,-4,10,-4,10,-4,10,-4,10,-4,10,-3,11,-4,11,-3,11,0,0,-4,12,-4,12,-4,12,-4,12,-4,11,-4,11,-5,11,-5,11,-5,11,-5,11,-5,11,-5,10,-6,9,-6,9,-6,9,-6,9,-6,9,-5,8,-6,8,-6,7,-6,7,-6,6,-6,6,-6,6,-7,5,-7,4,0,0,0,0,0,0,0,0,0,0]"
[0;32mI (1559) csi_recv: compensate_gain 1.122018, agc_gain 33, fft_gain -27[0m
CSI_DATA,52074,14:c1:9f:28:c1:a0,-39,11,1,0,1,1,1,0,0,0,0,-98,0,11,2,1556800,0,47,0,128,0,"[0,0,0,0,0,0,0,0,0,0,0,0,6,-12,5,-13,4,-13,5,-13,5,-13,4,-12,4,-12,4,-12,4,-12,3,-12,4,-12,3,-13,3,-13,2,-13,2,-12,2,-13,1,-13,1,-12,0,-13,1,-13,1,-12,0,-13,1,-12,0,-13,0,-14,0,-14,0,0,0,-14,0,-14,0,-14,0,-14,0,-14,0,-14,1,-14,1,-14,1,-14,1,-14,1,-14,2,-13,2,-13,2,-13,2,-12,2,-12,2,-12,2,-11,3,-11,3,-10,3,-10,3,-10,4,-8,4,-8,4,-8,4,-7,0,0,0,0,0,0,0,0,0,0]"
[0;32mI (1569) csi_recv: compensate_gain 1.059254, agc_gain 33, fft_gain -25[0m
CSI_DATA,52075,14:c1:9f:28:c1:a0,-39,11,1,0,1,1,1,0,0,0,0,-98,0,11,2,1567802,0,47,0,128,0,"[0,0,0,0,0,0,0,0,0,0,0,0,-9,8,-9,9,-8,9,-9,9,-8,9,-8,8,-8,9,-8,9,-7,9,-7,9,-7,9,-7,10,-7,9,-6,9,-6,9,-6,10,-5,10,-5,9,-4,10,-5,10,-5,9,-5,10,-4,9,-4,11,-5,11,-5,11,0,0,-4,12,-5,11,-5,12,-5,12,-5,11,-5,11,-6,11,-5,11,-6,11,-6,10,-6,11,-6,9,-6,9,-6,9,-6,9,-6,9,-7,8,-6,8,-6,8,-6,7,-7,7,-7,6,-7,5,-7,5,-7,5,-7,4,0,0,0,0,0,0,0,0,0,0]"
[0;32mI (1579) csi_recv: compensate_gain 1.090184, agc_gain 33, fft_gain -26[0m
CSI_DATA,52076,14:c1:9f:28:c1:a0,-39,11,1,0,1,1,1,0,0,0,0,-98,0,11,2,1578952,0,47,0,128,0,"[0,0,0,0,0,0,0,0,0,0,0,0,1,-14,0,-14,-1,-14,0,-14,0,-14,0,-13,0,-13,-1,-13,-1,-13,-2,-13,-1,-14,-2,-14,-2,-13,-2,-13,-2,-13,-3,-13,-4,-11,-3,-11,-4,-11,-4,-11,-3,-11,-4,-13,-4,-11,-5,-13,-5,-13,-5,-13,0,0,-5,-14,-5,-14,-5,-14,-5,-14,-5,-13,-4,-14,-4,-14,-4,-14,-4,-14,-4,-13,-4,-14,-3,-13,-2,-13,-2,-13,-2,-13,-2,-13,-2,-13,-2,-11,-1,-11,-1,-10,0,-10,0,-10,1,-10,1,-9,1,-9,2,-8,0,0,0,0,0,0,0,0,0,0]"
[0;32mI (1589) csi_recv: compensate_gain 1.122018, agc_gain 33, fft_gain -27[0m
CSI_DATA,52077,14:c1:9f:28:c1:a0,-39,11,1,0,1,1,1,0,0,0,0,-98,0,11,2,1589828,0,47,0,128,0,"[0,0,0,0,0,0,0,0,0,0,0,0,-13,-5,-13,-5,-14,-4,-14,-5,-13,-4,-13,-5,-13,-4,-13,-4,-13,-4,-13,-3,-13,-4,-14,-3,-13,-3,-13,-2,-12,-3,-14,-2,-13,-1,-12,-1,-13,-1,-13,-1,-13,-1,-13,-1,-12,-1,-14,0,-14,-1,-14,0,0,0,-14,0,-15,-1,-15,0,-15,0,-14,-1,-15,-1,-15,-2,-14,-1,-14,-2,-14,-2,-14,-2,-13,-2,-13,-3,-13,-3,-12,-3,-12,-3,-12,-4,-12,-3,-11,-4,-11,-4,-10,-4,-10,-4,-10,-5,-8,-5,-8,-5,-7,-5,0,0,0,0,0,0,0,0,0,0]"
[0;32mI (1599) csi_recv: compensate_gain 1.122018, agc_gain 32, fft_gain -23[0m
CSI_DATA,52078,14:c1:9f:28:c1:a0,-39,11,1,0,1,1,1,0,0,0,0,-98,0,11,2,1600808,0,47,0,128,0,"[0,0,0,0,0,0,0,0,0,0,0,0,12,-4,12,-5,12,-5,13,-4,12,-5,12,-5,11,-5,11,-5,11,-5,10,-6,11,-5,11,-6,11,-6,10,-6,10,-6,11,-7,10,-7,8,-7,8,-8,8,-8,8,-7,10,-8,8,-7,8,-10,10,-10,10,-10,0,0,10,-10,10,-10,11,-10,10,-10,10,-10,10,-10,11,-8,10,-8,11,-8,10,-8,11,-8,10,-7,10,-7,11,-7,10,-6,10,-6,10,-5,10,-5,10,-5,8,-4,10,-4,8,-3,8,-3,8,-3,8,-2,8,-1,0,0,0,0,0,0,0,0,0,0]"
[0;32mI (1609) csi_recv: compensate_gain 1.090184, agc_gain 33, fft_gain -26[0m
CSI_DATA,52079,14:c1:9f:28:c1:a0,-39,11,1,0,1,1,1,0,0,0,0,-98,0,11,2,1611801,0,47,0,128,0,"[0,0,0,0,0,0,0,0,0,0,0,0,-11,6,-11,6,-11,7,-11,6,-10,6,-10,6,-10,6,-10,6,-10,7,-9,7,-10,7,-9,8,-9,7,-9,8,-8,7,-8,9,-7,8,-7,8,-7,9,-7,9,-7,8,-7,9,-7,8,-7,10,-7,10,-7,10,0,0,-7,10,-7,10,-7,11,-7,11,-7,10,-8,10,-8,10,-8,9,-8,10,-8,9,-8,9,-8,8,-8,8,-8,8,-8,8,-8,8,-8,7,-8,7,-8,6,-8,6,-8,5,-8,5,-8,4,-8,4,-8,3,-8,3,0,0,0,0,0,0,0,0,0,0]"
[0;32mI (1619) csi_recv: compensate_gain 1.059254, agc_gain 33, fft_gain -25[0m
CSI_DATA,52080,14:c1:9f:28:c1:a0,-39,11,1,0,1,1,1,0,0,0,0,-98,0,11,2,1622866,0,47,0,128,0,"[0,0,0,0,0,0,0,0,0,0,0,0,-2,12,-2,11,-1,12,-2,12,-2,11,-2,11,-1,11,-1,11,-1,11,0,11,-1,11,0,12,0,11,0,11,0,10,1,11,2,10,1,10,2,10,2,10,2,10,2,11,2,10,3,11,3,12,3,11,0,0,3,12,3,12,3,12,3,12,3,11,3,12,2,12,2,11,2,12,2,11,2,12,1,11,1,11,1,11,0,10,0,11,0,10,0,10,-1,9,-1,9,-2,9,-2,8,-2,8,-2,8,-3,8,-3,7,0,0,0,0,0,0,0,0,0,0]"
[0;32mI (1629) csi_recv: compensate_gain 1.122018, agc_gain 33, fft_gain -27[0m
CSI_DATA,52081,14:c1:9f:28:c1:a0,-39,11,1,0,1,1,1,0,0,0,0,-98,0,11,2,1633807,0,47,0,128,0,"[0,0,0,0,0,0,0,0,0,0,0,0,-12,6,-12,6,-11,7,-12,6,-11,7,-11,6,-11,7,-10,7,-11,7,-10,7,-10,7,-10,8,-10,8,-8,8,-8,7,-8,10,-8,8,-7,8,-7,10,-7,10,-7,8,-7,10,-6,10,-6,11,-7,11,-7,11,0,0,-7,12,-7,11,-7,12,-7,12,-7,11,-8,11,-8,11,-8,11,-8,11,-8,10,-8,11,-8,8,-8,8,-8,8,-8,7,-8,8,-8,7,-8,7,-8,6,-8,6,-8,5,-8,5,-8,4,-8,4,-8,4,-8,3,0,0,0,0,0,0,0,0,0,0]"
[0;32mI (1649) csi_recv: compensate_gain 1.122018, agc_gain 33, fft_gain -27[0m
CSI_DATA,52082,14:c1:9f:28:c1:a0,-39,11,1,0,1,1,1,0,0,0,0,-98,0,11,2,1644809,0,47,0,128,0,"[0,0,0,0,0,0,0,0,0,0,0,0,11,-7,10,-7,11,-10,11,-7,11,-8,10,-7,10,-7,10,-8,10,-8,8,-10,10,-8,8,-10,8,-8,7,-10,7,-8,7,-11,6,-10,6,-10,5,-11,6,-11,6,-10,6,-11,6,-11,5,-12,6,-12,6,-12,0,0,6,-12,6,-13,6,-13,6,-13,6,-12,6,-13,7,-12,6,-12,7,-12,7,-12,7,-12,7,-11,7,-10,7,-10,7,-10,7,-10,7,-10,6,-8,7,-8,6,-7,7,-7,7,-6,7,-6,7,-6,7,-5,7,-4,0,0,0,0,0,0,0,0,0,0]"
[0;32mI (1659) csi_recv: compensate_gain 1.059254, agc_gain 33, fft_gain -25[0m
CSI_DATA,52083,14:c1:9f:28:c1:a0,-39,11,1,0,1,1,1,0,0,0,0,-98,0,11,2,1655804,0,47,0,128,0,"[0,0,0,0,0,0,0,0,0,0,0,0,-10,9,-9,9,-9,10,-9,9,-9,9,-8,8,-8,9,-8,9,-8,9,-7,9,-8,9,-7,10,-7,9,-7,9,-6,9,-6,10,-5,10,-5,10,-5,10,-5,10,-5,10,-5,11,-5,10,-4,11,-5,11,-5,12,0,0,-4,12,-5,12,-5,12,-5,12,-5,11,-5,12,-6,12,-5,11,-6,11,-6,11,-6,11,-6,10,-6,10,-6,10,-6,9,-6,9,-7,9,-6,8,-6,8,-6,7,-7,7,-7,6,-7,6,-7,6,-7,5,-7,4,0,0,0,0,0,0,0,0,0,0]"
[0;32mI (1669) csi_recv: compensate_gain 1.122018, agc_gain 33, fft_gain -27[0m
CSI_DATA,52084,14:c1:9f:28:c1:a0,-39,11,1,0,1,1,1,0,0,0,0,-98,0,11,2,1666813,0,47,0,128,0,"[0,0,0,0,0,0,0,0,0,0,0,0,10,-10,10,-10,8,-10,10,-10,8,-10,8,-10,8,-10,7,-10,8,-10,6,-10,7,-10,7,-11,6,-11,6,-11,6,-11,6,-12,5,-11,5,-11,4,-12,5,-11,5,-11,4,-12,4,-11,4,-13,5,-13,4,-13,0,0,4,-13,4,-13,5,-14,4,-13,4,-13,5,-13,5,-13,5,-13,5,-13,5,-12,5,-13,5,-11,5,-11,6,-11,6,-11,6,-11,6,-10,5,-10,6,-8,5,-8,6,-8,6,-7,6,-7,6,-7,6,-6,6,-5,0,0,0,0,0,0,0,0,0,0]"
[0;32mI (1679) csi_recv: compensate_gain 1.122018, agc_gain 32, fft_gain -23[0m
CSI_DATA,52085,14:c1:9f:28:c1:a0,-39,11,1,0,1,1,1,0,0,0,0,-98,0,11,2,1677794,0,47,0,128,0,"[0,0,0,0,0,0,0,0,0,0,0,0,-2,13,-2,13,-1,14,-2,13,-1,13,-2,12,-1,12,-1,12,-1,12,0,12,-1,13,0,13,0,12,1,12,0,11,2,13,2,11,2,11,2,11,2,11,2,11,3,12,2,11,3,12,3,13,3,13,0,0,4,13,4,13,3,13,4,13,3,12,3,13,2,13,2,13,2,13,2,13,2,13,1,12,1,12,1,12,1,12,0,12,0,12,0,11,0,11,-1,10,-2,10,-1,10,-2,10,-2,8,-3,8,-3,7,0,0,0,0,0,0,0,0,0,0]"
[0;32mI (1689) csi_recv: compensate_gain 1.090184, agc_gain 33, fft_gain -26[0m
CSI_DATA,52086,14:c1:9f:28:c1:a0,-39,11,1,0,1,1,1,0,0,0,0,-98,0,11,2,1688799,0,47,0,128,0,"[0,0,0,0,0,0,0,0,0,0,0,0,1,-14,1,-14,0,-14,1,-15,0,-14,0,-13,0,-13,0,-13,0,-13,-1,-13,-1,-14,-2,-14,-1,-13,-2,-13,-2,-13,-3,-13,-3,-13,-3,-11,-4,-11,-3,-13,-3,-11,-4,-13,-3,-11,-5,-13,-4,-13,-5,-14,0,0,-5,-14,-5,-13,-5,-14,-5,-14,-5,-13,-4,-14,-4,-14,-4,-14,-4,-14,-4,-13,-4,-14,-3,-13,-3,-13,-2,-13,-2,-11,-2,-13,-2,-11,-2,-11,-1,-11,-1,-10,0,-10,0,-10,0,-9,0,-9,1,-9,1,-8,0,0,0,0,0,0,0,0,0,0]"
[0;32mI (1699) csi_recv: compensate_gain 1.122018, agc_gain 33, fft_gain -27[0m
CSI_DATA,52087,14:c1:9f:28:c1:a0,-39,11,1,0,1,1,1,0,0,0,0,-98,0,11,2,1699828,0,47,0,128,0,"[0,0,0,0,0,0,0,0,0,0,0,0,-12,6,-12,6,-12,7,-12,6,-12,6,-11,6,-11,6,-10,7,-11,6,-10,7,-11,7,-10,8,-10,7,-10,7,-8,7,-10,8,-8,8,-7,8,-7,8,-7,8,-7,8,-7,10,-7,8,-7,11,-8,11,-7,11,0,0,-7,11,-8,11,-8,11,-7,11,-8,11,-8,11,-8,11,-8,10,-8,10,-8,10,-10,10,-10,8,-10,8,-10,8,-10,7,-10,7,-10,7,-8,6,-8,6,-8,5,-8,5,-8,4,-8,4,-8,4,-10,3,-8,2,0,0,0,0,0,0,0,0,0,0]"
[0;32mI (1709) csi_recv: compensate_gain 1.122018, agc_gain 33, fft_gain -27[0m
CSI_DATA,52088,14:c1:9f:28:c1:a0,-39,11,1,0,1,1,1,0,0,0,0,-98,0,11,2,1710803,0,47,0,128,0,"[0,0,0,0,0,0,0,0,0,0,0,0,-3,-14,-3,-14,-4,-14,-3,-14,-3,-14,-3,-13,-3,-13,-3,-12,-4,-13,-4,-12,-4,-13,-5,-13,-5,-12,-5,-12,-5,-11,-6,-12,-6,-11,-6,-11,-7,-11,-6,-11,-6,-11,-7,-11,-6,-11,-8,-11,-8,-12,-8,-12,0,0,-8,-12,-8,-12,-8,-12,-8,-12,-8,-11,-8,-12,-7,-13,-7,-12,-7,-12,-7,-12,-7,-12,-6,-12,-6,-12,-6,-12,-5,-12,-5,-12,-5,-12,-4,-11,-4,-11,-3,-11,-3,-11,-3,-11,-2,-10,-2,-10,-1,-10,-1,-8,0,0,0,0,0,0,0,0,0,0]"
[0;32mI (1719) csi_recv: compensate_gain 1.090184, agc_gain 33, fft_gain -26[0m
CSI_DATA,52089,14:c1:9f:28:c1:a0,-39,11,1,0,1,1,1,0,0,0,0,-98,0,11,2,1721823,0,47,0,128,0,"[0,0,0,0,0,0,0,0,0,0,0,0,-4,11,-4,11,-3,13,-5,13,-4,11,-4,10,-3,11,-3,11,-3,11,-2,11,-3,11,-2,11,-2,11,-2,11,-2,10,-1,11,0,11,-1,10,0,11,0,11,-1,10,0,11,0,10,1,11,0,13,1,13,0,0,1,13,1,13,1,13,1,14,0,11,0,13,0,13,0,13,-1,13,-1,13,-1,13,-1,11,-2,11,-2,11,-2,10,-2,10,-2,10,-2,9,-3,9,-3,9,-4,9,-4,8,-4,8,-4,7,-4,7,-5,6,0,0,0,0,0,0,0,0,0,0]"
[0;32mI (1729) csi_recv: compensate_gain 1.122018, agc_gain 33, fft_gain -27[0m
CSI_DATA,52090,14:c1:9f:28:c1:a0,-39,11,1,0,1,1,1,0,0,0,0,-98,0,11,2,1732854,0,47,0,128,0,"[0,0,0,0,0,0,0,0,0,0,0,0,12,-6,12,-6,12,-7,12,-6,11,-6,11,-6,11,-6,10,-6,11,-6,10,-7,10,-7,10,-7,10,-7,8,-7,8,-7,10,-8,8,-8,7,-8,7,-10,7,-10,8,-8,7,-10,7,-8,7,-11,8,-11,7,-11,0,0,8,-11,8,-11,8,-12,8,-12,8,-11,8,-11,10,-11,8,-10,8,-10,8,-10,10,-10,8,-8,8,-8,8,-8,8,-7,8,-7,8,-7,8,-7,8,-6,7,-5,8,-5,8,-4,8,-4,8,-4,8,-3,7,-3,0,0,0,0,0,0,0,0,0,0]"
[0;32mI (1739) csi_recv: compensate_gain 1.122018, agc_gain 33, fft_gain -27[0m
CSI_DATA,52091,14:c1:9f:28:c1:a0,-39,11,1,0,1,1,1,0,0,0,0,-98,0,11,2,1743820,0,47,0,128,0,"[0,0,0,0,0,0,0,0,0,0,0,0,6,11,7,11,7,11,7,11,7,10,7,10,7,10,7,10,7,10,7,8,7,10,8,8,8,8,8,7,8,7,10,7,10,7,8,6,10,6,10,6,10,6,11,6,8,5,11,5,11,6,12,6,0,0,12,6,12,6,12,6,12,6,11,6,12,6,11,7,11,7,11,7,10,6,11,7,10,7,10,7,10,7,8,7,8,7,8,7,7,7,7,7,6,7,6,7,5,7,5,7,5,7,4,7,3,7,0,0,0,0,0,0,0,0,0,0]"
[0;32mI (1759) csi_recv: compensate_gain 1.090184, agc_gain 33, fft_gain -26[0m
CSI_DATA,52092,14:c1:9f:28:c1:a0,-39,11,1,0,1,1,1,0,0,0,0,-98,0,11,2,1754795,0,47,0,128,0,"[0,0,0,0,0,0,0,0,0,0,0,0,-14,2,-13,2,-14,3,-14,2,-13,3,-13,3,-13,3,-11,3,-11,3,-11,4,-13,3,-13,4,-11,4,-11,4,-10,4,-11,5,-10,5,-10,5,-10,6,-10,6,-10,5,-10,6,-9,6,-10,7,-10,7,-10,7,0,0,-10,8,-11,7,-11,7,-11,8,-10,7,-11,7,-11,7,-11,6,-11,6,-11,6,-11,6,-11,5,-11,5,-11,5,-10,4,-11,4,-11,4,-10,4,-10,3,-9,3,-10,2,-10,2,-9,1,-9,1,-9,0,-8,0,0,0,0,0,0,0,0,0,0,0]"
[0;32mI (1769) csi_recv: compensate_gain 1.090184, agc_gain 33, fft_gain -26[0m
CSI_DATA,52093,14:c1:9f:28:c1:a0,-39,11,1,0,1,1,1,0,0,0,0,-98,0,11,2,1765815,0,47,0,128,0,"[0,0,0,0,0,0,0,0,0,0,0,0,13,1,13,1,14,0,14,1,13,0,11,0,13,0,11,0,11,0,11,-1,13,0,13,-1,11,-1,11,-2,10,-2,13,-3,10,-3,10,-3,10,-4,10,-4,11,-3,11,-4,10,-3,11,-5,13,-4,11,-5,0,0,13,-5,13,-5,13,-5,13,-5,11,-4,13,-5,13,-4,11,-4,13,-4,11,-4,13,-3,11,-3,11,-2,11,-2,11,-2,11,-2,11,-2,10,-2,10,-1,9,-1,9,-1,9,0,9,1,9,1,8,1,7,1,0,0,0,0,0,0,0,0,0,0]"
[0;32mI (1779) csi_recv: compensate_gain 1.122018, agc_gain 32, fft_gain -23[0m
CSI_DATA,52094,14:c1:9f:28:c1:a0,-39,11,1,0,1,1,1,0,0,0,0,-98,0,11,2,1776805,0,47,0,128,0,"[0,0,0,0,0,0,0,0,0,0,0,0,-11,7,-11,7,-11,8,-11,7,-11,7,-10,7,-10,7,-10,7,-10,7,-8,8,-10,8,-8,10,-8,8,-8,8,-7,8,-8,10,-7,10,-6,10,-6,10,-6,10,-7,10,-6,11,-6,10,-6,11,-7,11,-6,12,0,0,-6,12,-7,12,-6,12,-6,12,-6,11,-7,12,-7,11,-7,11,-8,11,-7,11,-8,11,-7,10,-7,8,-8,8,-8,8,-8,8,-8,8,-7,7,-8,7,-7,6,-8,6,-8,5,-8,5,-8,5,-8,4,-8,3,0,0,0,0,0,0,0,0,0,0]"
[0;32mI (1789) csi_recv: compensate_gain 1.090184, agc_gain 33, fft_gain -26[0m
CSI_DATA,52095,14:c1:9f:28:c1:a0,-39,11,1,0,1,1,1,0,0,0,0,-98,0,11,2,1787820,0,47,0,128,0,"[0,0,0,0,0,0,0,0,0,0,0,0,11,-6,10,-6,10,-7,11,-7,10,-7,9,-6,9,-7,9,-7,9,-7,9,-7,9,-7,9,-8,8,-8,8,-8,8,-7,8,-9,7,-9,7,-8,6,-9,7,-9,7,-9,7,-9,7,-9,6,-10,7,-10,7,-10,0,0,7,-11,7,-11,7,-11,7,-11,7,-10,7,-10,8,-10,7,-10,8,-10,8,-10,8,-10,8,-9,8,-8,8,-8,8,-8,8,-8,8,-8,7,-7,7,-7,7,-6,8,-6,7,-5,8,-5,7,-5,7,-4,7,-3,0,0,0,0,0,0,0,0,0,0]"
[0;32mI (1799) csi_recv: compensate_gain 1.090184, agc_gain 33, fft_gain -26[0m
CSI_DATA,52096,14:c1:9f:28:c1:a0,-39,11,1,0,1,1,1,0,0,0,0,-98,0,11,2,1798822,0,47,0,128,0,"[0,0,0,0,0,0,0,0,0,0,0,0,-9,9,-8,9,-8,10,-9,10,-8,9,-8,9,-7,9,-7,9,-7,9,-6,9,-7,10,-6,10,-6,10,-6,10,-6,9,-5,11,-5,10,-5,10,-4,10,-4,10,-4,10,-4,11,-4,10,-3,11,-4,13,-4,13,0,0,-4,13,-4,13,-4,13,-4,13,-4,13,-5,13,-5,13,-5,11,-5,11,-5,11,-5,11,-5,10,-6,10,-6,10,-6,9,-6,9,-6,9,-6,9,-6,8,-6,7,-7,7,-6,7,-7,6,-7,6,-7,5,-7,5,0,0,0,0,0,0,0,0,0,0]"
[0;32mI (1809) csi_recv: compensate_gain 1.090184, agc_gain 33, fft_gain -26[0m
CSI_DATA,52097,14:c1:9f:28:c1:a0,-39,11,1,0,1,1,1,0,0,0,0,-98,0,11,2,1809804,0,47,0,128,0,"[0,0,0,0,0,0,0,0,0,0,0,0,-7,-11,-8,-11,-8,-10,-8,-11,-7,-10,-7,-10,-7,-10,-7,-10,-7,-9,-8,-9,-8,-10,-9,-9,-8,-9,-8,-9,-8,-8,-9,-8,-9,-8,-8,-7,-10,-7,-9,-7,-9,-8,-10,-7,-9,-7,-11,-7,-11,-8,-11,-7,0,0,-11,-8,-11,-8,-11,-8,-11,-8,-10,-8,-10,-8,-10,-9,-10,-9,-10,-9,-9,-8,-10,-9,-8,-9,-8,-9,-8,-9,-7,-9,-8,-9,-7,-9,-7,-9,-6,-9,-6,-8,-5,-9,-5,-9,-4,-8,-4,-8,-3,-8,-3,-8,0,0,0,0,0,0,0,0,0,0]"
[0;32mI (1819) csi_recv: compensate_gain 1.090184, agc_gain 33, fft_gain -26[0m
CSI_DATA,52098,14:c1:9f:28:c1:a0,-39,11,1,0,1,1,1,0,0,0,0,-98,0,11,2,1820824,0,47,0,128,0,"[0,0,0,0,0,0,0,0,0,0,0,0,5,11,5,10,6,11,5,11,5,11,5,10,5,10,5,10,5,10,6,9,6,10,6,9,6,9,6,9,6,8,7,9,7,8,7,8,8,7,8,8,7,8,8,8,7,7,9,7,9,8,9,8,0,0,9,8,9,8,9,8,10,8,9,8,9,9,9,9,8,9,8,9,8,9,8,9,7,9,7,9,6,9,6,9,6,9,6,9,5,8,5,8,4,8,4,8,3,8,3,8,3,8,2,8,1,8,0,0,0,0,0,0,0,0,0,0]"
[0;32mI (1829) csi_recv: compensate_gain 1.090184, agc_gain 33, fft_gain -26[0m
CSI_DATA,52099,14:c1:9f:28:c1:a0,-39,11,1,0,1,1,1,0,0,0,0,-98,0,11,2,1831813,0,47,0,128,0,"[0,0,0,0,0,0,0,0,0,0,0,0,-14,-3,-14,-2,-14,-2,-14,-2,-14,-2,-13,-2,-13,-2,-13,-1,-13,-1,-13,0,-13,-1,-14,0,-13,0,-13,0,-13,0,-14,1,-13,2,-11,1,-11,2,-11,2,-11,2,-13,3,-11,2,-13,3,-14,3,-14,3,0,0,-14,3,-14,3,-14,3,-14,3,-13,3,-14,3,-14,2,-14,2,-14,2,-14,2,-14,2,-13,1,-13,1,-13,1,-13,0,-13,0,-13,0,-11,0,-11,-1,-10,-1,-10,-1,-10,-2,-9,-2,-9,-2,-9,-3,-8,-3,0,0,0,0,0,0,0,0,0,0]"
[0;32mI (1839) csi_recv: compensate_gain 1.029201, agc_gain 35, fft_gain -32[0m
CSI_DATA,52100,14:c1:9f:28:c1:a0,-40,11,1,0,1,1,1,0,0,0,0,-98,0,11,2,1842800,0,47,0,128,0,"[0,0,0,0,0,0,0,0,0,0,0,0,8,-8,8,-9,7,-9,8,-9,7,-9,7,-9,7,-9,6,-9,7,-9,5,-9,6,-9,6,-10,6,-9,5,-10,5,-9,5,-10,4,-10,4,-9,3,-10,4,-10,4,-10,4,-11,3,-10,3,-11,4,-12,3,-12,0,0,3,-12,3,-12,4,-12,3,-12,3,-11,4,-12,4,-12,4,-11,4,-11,4,-11,5,-11,5,-10,5,-10,5,-10,5,-9,5,-10,5,-9,5,-9,5,-8,5,-8,5,-7,5,-7,5,-7,5,-6,5,-6,5,-5,0,0,0,0,0,0,0,0,0,0]"
[0;32mI (1849) csi_recv: compensate_gain 1.090184, agc_gain 33, fft_gain -26[0m
CSI_DATA,52101,14:c1:9f:28:c1:a0,-39,11,1,0,1,1,1,0,0,0,0,-98,0,11,2,1853811,0,47,0,128,0,"[0,0,0,0,0,0,0,0,0,0,0,0,-5,11,-5,11,-4,13,-5,13,-4,11,-4,11,-4,11,-4,11,-4,11,-3,11,-3,11,-2,13,-2,11,-2,11,-2,11,-1,13,-1,11,-1,10,0,11,-1,11,-1,11,0,11,0,10,1,13,0,13,1,13,0,0,1,13,1,14,1,14,1,13,0,13,0,14,-1,13,0,13,-1,13,-1,13,-1,13,-1,11,-1,11,-2,11,-2,10,-2,11,-2,10,-2,10,-3,10,-3,9,-3,9,-4,8,-4,8,-4,8,-4,7,-5,7,0,0,0,0,0,0,0,0,0,0]"
[0;32mI (1869) csi_recv: compensate_gain 1.090184, agc_gain 33, fft_gain -26[0m
CSI_DATA,52102,14:c1:9f:28:c1:a0,-39,11,1,0,1,1,1,0,0,0,0,-98,0,11,2,1864804,0,47,0,128,0,"[0,0,0,0,0,0,0,0,0,0,0,0,-8,-11,-8,-10,-9,-10,-8,-11,-8,-10,-8,-9,-8,-10,-8,-9,-8,-9,-9,-9,-9,-9,-9,-9,-9,-8,-9,-8,-9,-8,-10,-8,-10,-7,-10,-7,-10,-6,-10,-7,-10,-7,-11,-6,-10,-6,-13,-6,-11,-7,-13,-6,0,0,-13,-6,-13,-6,-13,-6,-13,-6,-11,-6,-13,-7,-13,-7,-11,-7,-11,-7,-11,-7,-11,-7,-10,-7,-10,-7,-10,-7,-9,-7,-9,-7,-9,-8,-8,-7,-8,-7,-7,-7,-7,-8,-7,-7,-6,-8,-6,-7,-5,-8,-5,-7,0,0,0,0,0,0,0,0,0,0]"
[0;32mI (1879) csi_recv: compensate_gain 1.090184, agc_gain 33, fft_gain -26[0m
CSI_DATA,52103,14:c1:9f:28:c1:a0,-39,11,1,0,1,1,1,0,0,0,0,-98,0,11,2,1875815,0,47,0,128,0,"[0,0,0,0,0,0,0,0,0,0,0,0,9,7,10,7,10,7,10,8,9,7,9,6,9,7,9,6,9,6,9,5,10,6,10,5,10,5,10,4,9,4,11,4,10,3,10,4,11,3,10,3,10,3,11,3,10,3,13,2,13,3,13,2,0,0,13,3,13,3,14,3,13,3,13,3,13,3,13,4,13,4,13,4,11,4,11,4,10,4,10,4,10,4,9,5,10,5,9,5,9,4,8,5,7,5,7,5,7,5,6,6,6,5,6,6,5,6,0,0,0,0,0,0,0,0,0,0]"
[0;32mI (1889) csi_recv: compensate_gain 1.090184, agc_gain 33, fft_gain -26[0m
CSI_DATA,52104,14:c1:9f:28:c1:a0,-39,11,1,0,1,1,1,0,0,0,0,-98,0,11,2,1886814,0,47,0,128,0,"[0,0,0,0,0,0,0,0,0,0,0,0,-14,1,-14,1,-14,2,-14,1,-14,1,-13,1,-13,1,-13,1,-13,1,-13,3,-13,2,-13,3,-13,3,-13,3,-11,3,-13,4,-11,4,-11,4,-11,5,-11,4,-11,4,-11,5,-10,4,-11,6,-13,5,-13,6,0,0,-13,6,-13,5,-14,5,-13,6,-13,5,-13,5,-14,4,-13,4,-13,4,-13,4,-13,4,-13,3,-13,3,-13,3,-11,2,-13,2,-11,2,-11,2,-11,1,-10,1,-10,0,-10,0,-10,-1,-10,-1,-9,-2,-9,-2,0,0,0,0,0,0,0,0,0,0]"
[0;32mI (1899) csi_recv: compensate_gain 1.090184, agc_gain 33, fft_gain -26[0m
CSI_DATA,52105,14:c1:9f:28:c1:a0,-39,11,1,0,1,1,1,0,0,0,0,-98,0,11,2,1897816,0,47,0,128,0,"[0,0,0,0,0,0,0,0,0,0,0,0,9,-9,8,-9,8,-10,9,-9,8,-9,7,-9,8,-9,7,-9,7,-9,7,-10,7,-9,7,-10,6,-10,6,-10,6,-9,6,-11,5,-10,5,-10,4,-11,5,-10,5,-10,5,-11,4,-11,4,-13,5,-13,4,-13,0,0,4,-13,5,-13,5,-13,5,-14,5,-11,5,-13,6,-13,6,-11,6,-13,6,-11,6,-11,6,-10,6,-10,6,-10,6,-10,6,-9,7,-9,6,-9,6,-8,6,-8,6,-7,6,-7,7,-6,6,-6,7,-5,6,-5,0,0,0,0,0,0,0,0,0,0]"
[0;32mI (1909) csi_recv: compensate_gain 1.090184, agc_gain 33, fft_gain -26[0m
CSI_DATA,52106,14:c1:9f:28:c1:a0,-39,11,1,0,1,1,1,0,0,0,0,-98,0,11,2,1908811,0,47,0,128,0,"[0,0,0,0,0,0,0,0,0,0,0,0,1,13,1,13,2,13,1,13,2,11,1,11,2,11,2,11,2,11,3,10,2,11,3,11,3,10,3,10,3,10,4,10,5,9,4,9,5,9,5,9,5,9,5,9,5,9,6,9,6,10,7,10,0,0,7,10,7,10,7,10,7,10,6,10,6,10,6,11,6,10,6,10,5,10,5,11,4,10,4,10,4,10,4,10,3,10,3,10,3,9,3,9,2,9,2,9,1,9,1,8,1,8,0,8,0,7,0,0,0,0,0,0,0,0,0,0]"
[0;32mI (1919) csi_recv: compensate_gain 1.090184, agc_gain 33, fft_gain -26[0m
CSI_DATA,52107,14:c1:9f:28:c1:a0,-39,11,1,0,1,1,1,0,0,0,0,-98,0,11,2,1919804,0,47,0,128,0,"[0,0,0,0,0,0,0,0,0,0,0,0,-13,-5,-13,-5,-14,-4,-13,-5,-13,-4,-13,-4,-13,-4,-11,-4,-13,-4,-13,-3,-13,-4,-13,-3,-13,-3,-13,-2,-13,-2,-14,-2,-13,-1,-11,-1,-13,0,-13,-1,-13,-1,-13,-1,-11,-1,-13,0,-14,0,-14,0,0,0,-14,0,-14,0,-15,0,-14,0,-14,0,-14,-1,-14,-1,-14,-1,-14,-1,-14,-1,-14,-2,-13,-2,-13,-2,-13,-2,-11,-3,-11,-3,-11,-3,-11,-3,-10,-3,-10,-3,-10,-4,-9,-4,-9,-4,-8,-4,-8,-5,-7,-5,0,0,0,0,0,0,0,0,0,0]"
[0;32mI (1929) csi_recv: compensate_gain 1.029201, agc_gain 33, fft_gain -24[0m
CSI_DATA,52108,14:c1:9f:28:c1:a0,-39,11,1,0,1,1,1,0,0,0,0,-98,0,11,2,1930802,0,47,0,128,0,"[0,0,0,0,0,0,0,0,0,0,0,0,10,-7,10,-7,10,-8,10,-7,9,-7,9,-7,9,-7,9,-7,9,-7,8,-8,9,-8,8,-9,8,-8,8,-8,7,-8,8,-9,7,-9,6,-9,6,-9,6,-9,7,-9,7,-10,6,-9,6,-11,7,-10,7,-11,0,0,7,-11,7,-11,7,-11,7,-11,7,-10,8,-11,8,-10,8,-10,8,-10,8,-9,8,-10,8,-8,8,-8,8,-8,8,-8,8,-8,8,-7,8,-7,8,-6,7,-6,8,-5,8,-5,8,-4,7,-4,8,-4,7,-3,0,0,0,0,0,0,0,0,0,0]"
[0;32mI (1939) csi_recv: compensate_gain 1.059254, agc_gain 33, fft_gain -25[0m
CSI_DATA,52109,14:c1:9f:28:c1:a0,-39,11,1,0,1,1,1,0,0,0,0,-98,0,11,2,1941813,0,47,0,128,0,"[0,0,0,0,0,0,0,0,0,0,0,0,-8,9,-7,10,-7,10,-8,10,-7,10,-7,9,-6,10,-6,9,-6,10,-5,10,-6,10,-6,10,-5,10,-5,10,-5,9,-4,11,-3,10,-3,10,-3,10,-3,11,-3,10,-3,11,-3,10,-2,11,-3,12,-3,12,0,0,-3,12,-3,12,-3,12,-3,12,-3,12,-3,12,-4,12,-4,11,-4,12,-4,11,-5,11,-5,10,-5,10,-5,10,-5,10,-5,10,-5,9,-5,9,-5,8,-5,8,-6,7,-6,7,-6,7,-6,6,-7,6,-6,5,0,0,0,0,0,0,0,0,0,0]"
[0;32mI (1949) csi_recv: compensate_gain 1.778279, agc_gain 26, fft_gain -15[0m
CSI_DATA,52110,14:c1:9f:28:c1:a0,-35,11,1,0,1,1,1,0,0,0,0,-98,0,11,2,1952806,0,47,0,128,0,"[0,0,0,0,0,0,0,0,0,0,0,0,7,17,8,17,10,16,8,17,10,16,8,16,8,16,8,16,8,16,10,14,10,16,10,14,10,14,10,14,10,12,12,12,12,12,10,12,12,10,12,10,12,12,12,12,10,10,14,10,12,12,14,12,0,0,14,12,14,12,14,14,14,12,12,12,14,12,12,14,12,12,10,14,10,12,10,14,8,12,8,14,8,14,7,14,7,14,7,14,7,12,5,12,5,12,3,12,3,12,3,12,3,12,1,12,0,10,0,0,0,0,0,0,0,0,0,0]"
[0;32mI (1959) csi_recv: compensate_gain 1.059254, agc_gain 33, fft_gain -25[0m
CSI_DATA,52111,14:c1:9f:28:c1:a0,-39,11,1,0,1,1,1,0,0,0,0,-98,0,11,2,1963822,0,47,0,128,0,"[0,0,0,0,0,0,0,0,0,0,0,0,9,7,9,7,10,6,9,7,9,6,9,6,9,6,9,6,9,6,10,5,10,5,10,5,10,4,10,4,9,4,11,4,10,3,10,3,10,3,10,3,10,3,10,3,10,3,11,2,11,3,12,2,0,0,12,3,12,3,12,3,12,2,11,3,12,3,12,4,11,4,11,4,11,4,11,4,10,4,10,4,10,4,9,5,9,5,9,5,8,4,8,5,7,5,7,5,7,5,6,6,6,6,5,6,5,5,0,0,0,0,0,0,0,0,0,0]"
[0;32mI (1979) csi_recv: compensate_gain 1.059254, agc_gain 33, fft_gain -25[0m
CSI_DATA,52112,14:c1:9f:28:c1:a0,-39,11,1,0,1,1,1,0,0,0,0,-98,0,11,2,1974815,0,47,0,128,0,"[0,0,0,0,0,0,0,0,0,0,0,0,-12,4,-11,5,-11,6,-12,5,-11,5,-11,5,-11,5,-10,5,-10,5,-10,6,-10,6,-10,6,-10,6,-9,6,-9,6,-9,7,-8,7,-8,7,-8,8,-8,8,-8,7,-8,8,-8,7,-8,9,-9,9,-8,9,0,0,-8,9,-9,9,-9,9,-9,9,-9,8,-9,9,-9,8,-9,8,-9,8,-9,8,-10,8,-9,7,-9,7,-9,7,-9,6,-9,6,-9,6,-9,5,-9,5,-9,4,-9,4,-9,3,-9,3,-8,3,-9,2,-8,2,0,0,0,0,0,0,0,0,0,0]"
[0;32mI (1989) csi_recv: compensate_gain 1.059254, agc_gain 33, fft_gain -25[0m
CSI_DATA,52113,14:c1:9f:28:c1:a0,-39,11,1,0,1,1,1,0,0,0,0,-98,0,11,2,1988264,0,47,0,128,0,"[0,0,0,0,0,0,0,0,0,0,0,0,8,-10,8,-10,8,-11,8,-10,8,-10,7,-9,7,-10,7,-10,7,-10,6,-10,7,-10,6,-11,6,-11,5,-10,5,-10,5,-11,4,-11,4,-11,4,-11,4,-11,4,-11,4,-12,4,-11,3,-12,4,-13,3,-13,0,0,4,-13,4,-13,4,-13,4,-13,4,-12,4,-13,5,-13,5,-12,5,-12,5,-12,5,-12,5,-11,5,-11,5,-11,6,-10,6,-10,6,-10,5,-9,6,-9,6,-8,6,-8,6,-7,6,-7,6,-7,6,-6,6,-5,0,0,0,0,0,0,0,0,0,0]"
[0;32mI (1999) csi_recv: compensate_gain 1.059254, agc_gain 33, fft_gain -25[0m
CSI_DATA,52114,14:c1:9f:28:c1:a0,-39,11,1,0,1,1,1,0,0,0,0,-98,0,11,2,1996827,0,47,0,128,0,"[0,0,0,0,0,0,0,0,0,0,0,0,3,11,4,11,5,11,4,11,4,11,4,10,4,10,4,10,4,10,5,9,5,10,5,10,5,9,5,9,5,8,7,9,6,8,6,8,7,8,7,8,6,8,7,8,7,8,8,8,8,9,8,8,0,0,8,8,9,9,8,9,9,9,8,8,8,9,8,9,7,9,7,9,7,9,7,9,6,9,6,9,6,9,5,9,5,9,5,9,4,8,4,8,3,8,3,8,3,8,2,8,2,8,1,8,1,7,0,0,0,0,0,0,0,0,0,0]"
[0;32mI (2009) csi_recv: compensate_gain 1.059254, agc_gain 33, fft_gain -25[0m
CSI_DATA,52115,14:c1:9f:28:c1:a0,-39,11,1,0,1,1,1,0,0,0,0,-98,0,11,2,2007810,0,47,0,128,0,"[0,0,0,0,0,0,0,0,0,0,0,0,-12,3,-12,3,-12,4,-12,3,-12,4,-11,4,-11,4,-11,4,-11,4,-11,5,-11,5,-11,5,-10,5,-10,6,-10,5,-10,6,-9,6,-9,6,-8,7,-9,7,-9,6,-9,7,-9,7,-8,8,-10,8,-9,8,0,0,-9,8,-9,9,-9,8,-9,9,-9,8,-10,8,-10,8,-10,7,-10,7,-10,7,-10,8,-10,6,-10,6,-10,6,-10,6,-10,6,-10,5,-9,5,-9,5,-9,4,-9,3,-9,3,-9,3,-9,3,-9,2,-8,1,0,0,0,0,0,0,0,0,0,0]"
[0;32mI (2019) csi_recv: compensate_gain 1.059254, agc_gain 33, fft_gain -25[0m
CSI_DATA,52116,14:c1:9f:28:c1:a0,-39,11,1,0,1,1,1,0,0,0,0,-98,0,11,2,2018821,0,47,0,128,0,"[0,0,0,0,0,0,0,0,0,0,0,0,7,-11,6,-11,6,-12,7,-11,6,-11,6,-11,5,-11,5,-11,5,-11,4,-11,5,-11,4,-12,4,-11,3,-11,4,-11,3,-12,2,-12,2,-11,2,-12,2,-12,2,-11,2,-12,2,-11,1,-13,2,-13,1,-13,0,0,1,-13,2,-13,2,-14,1,-14,2,-13,2,-14,3,-13,3,-13,3,-13,3,-13,3,-13,3,-12,3,-11,3,-12,4,-11,4,-11,4,-11,4,-10,4,-10,4,-9,5,-9,5,-8,5,-8,5,-8,5,-7,5,-7,0,0,0,0,0,0,0,0,0,0]"
[0;32mI (2029) csi_recv: compensate_gain 1.059254, agc_gain 33, fft_gain -25[0m
CSI_DATA,52117,14:c1:9f:28:c1:a0,-39,11,1,0,1,1,1,0,0,0,0,-98,0,11,2,2029814,0,47,0,128,0,"[0,0,0,0,0,0,0,0,0,0,0,0,8,9,8,8,9,8,8,9,8,8,8,8,8,7,8,7,8,7,9,6,9,7,9,7,9,6,9,6,9,6,10,6,10,4,9,5,10,4,10,4,10,4,10,4,10,4,11,3,11,4,12,4,0,0,12,4,12,4,12,4,12,4,11,4,12,4,11,5,11,5,11,5,11,5,11,5,10,5,10,5,10,5,9,5,9,6,9,6,8,5,8,6,7,5,7,6,6,6,6,6,6,6,5,6,4,6,0,0,0,0,0,0,0,0,0,0]"
[0;32mI (2039) csi_recv: compensate_gain 1.029201, agc_gain 33, fft_gain -24[0m
CSI_DATA,52118,14:c1:9f:28:c1:a0,-39,11,1,0,1,1,1,0,0,0,0,-98,0,11,2,2040825,0,47,0,128,0,"[0,0,0,0,0,0,0,0,0,0,0,0,-13,-3,-13,-3,-13,-2,-13,-3,-13,-3,-12,-2,-12,-2,-12,-2,-12,-2,-12,-1,-12,-2,-13,-1,-12,-1,-12,0,-12,0,-13,0,-12,1,-11,1,-12,2,-12,1,-12,1,-12,2,-12,1,-12,2,-13,2,-13,2,0,0,-13,3,-14,2,-14,2,-14,3,-13,2,-14,2,-14,1,-13,1,-13,1,-13,1,-13,0,-12,0,-12,0,-12,0,-12,-1,-12,-1,-12,-1,-11,-1,-11,-1,-10,-2,-10,-2,-10,-3,-10,-3,-9,-3,-9,-4,-8,-4,0,0,0,0,0,0,0,0,0,0]"
[0;32mI (2049) csi_recv: compensate_gain 1.029201, agc_gain 33, fft_gain -24[0m
CSI_DATA,52119,14:c1:9f:28:c1:a0,-39,11,1,0,1,1,1,0,0,0,0,-98,0,11,2,2051827,0,47,0,128,0,"[0,0,0,0,0,0,0,0,0,0,0,0,8,-9,8,-9,7,-10,8,-10,7,-10,7,-9,7,-9,6,-9,7,-9,6,-10,7,-10,6,-11,6,-10,5,-10,5,-10,5,-11,4,-11,4,-10,3,-11,4,-11,4,-11,3,-11,3,-11,3,-12,4,-12,3,-12,0,0,3,-13,3,-13,3,-13,3,-13,3,-12,4,-13,4,-12,4,-12,4,-12,4,-12,4,-12,5,-11,5,-11,5,-11,5,-10,5,-10,5,-10,5,-9,5,-9,5,-8,5,-8,5,-7,6,-7,6,-7,6,-6,6,-6,0,0,0,0,0,0,0,0,0,0]"
[0;32mI (2059) csi_recv: compensate_gain 1.059254, agc_gain 33, fft_gain -25[0m
CSI_DATA,52120,14:c1:9f:28:c1:a0,-39,11,1,0,1,1,1,0,0,0,0,-98,0,11,2,2062820,0,47,0,128,0,"[0,0,0,0,0,0,0,0,0,0,0,0,7,9,7,9,8,9,7,10,7,9,7,9,7,9,7,8,7,8,8,7,8,8,8,8,8,7,8,7,8,7,9,7,9,6,8,6,10,6,9,6,9,6,9,6,9,5,11,5,10,6,11,6,0,0,11,6,11,6,11,6,11,6,11,6,11,7,10,7,10,7,10,7,9,6,10,7,9,7,9,7,9,7,8,7,8,7,7,7,7,7,6,7,6,7,5,8,5,7,4,7,5,7,4,7,3,7,0,0,0,0,0,0,0,0,0,0]"
[0;32mI (2069) csi_recv: compensate_gain 1.059254, agc_gain 33, fft_gain -25[0m
CSI_DATA,52121,14:c1:9f:28:c1:a0,-39,11,1,0,1,1,1,0,0,0,0,-98,0,11,2,2073804,0,47,0,128,0,"[0,0,0,0,0,0,0,0,0,0,0,0,-8,10,-8,10,-7,11,-8,10,-7,10,-7,9,-7,10,-6,10,-6,10,-6,10,-6,10,-6,11,-5,10,-5,10,-5,10,-4,11,-3,10,-3,10,-3,11,-3,11,-3,10,-3,11,-3,10,-2,12,-3,12,-3,12,0,0,-2,12,-3,12,-2,13,-2,13,-3,12,-3,12,-3,12,-3,12,-3,12,-4,12,-4,12,-4,11,-4,10,-4,11,-5,10,-4,10,-5,10,-5,9,-5,9,-5,8,-5,8,-5,7,-6,7,-6,7,-6,6,-6,6,0,0,0,0,0,0,0,0,0,0]"
[0;32mI (2089) csi_recv: compensate_gain 1.059254, agc_gain 33, fft_gain -25[0m
CSI_DATA,52122,14:c1:9f:28:c1:a0,-39,11,1,0,1,1,1,0,0,0,0,-98,0,11,2,2084825,0,47,0,128,0,"[0,0,0,0,0,0,0,0,0,0,0,0,3,-13,2,-13,1,-13,2,-13,2,-13,2,-12,1,-12,1,-12,1,-12,0,-12,1,-13,0,-13,0,-12,0,-12,0,-11,-2,-13,-2,-12,-2,-12,-3,-12,-3,-12,-2,-12,-3,-12,-3,-12,-4,-12,-3,-13,-4,-13,0,0,-4,-13,-4,-13,-4,-13,-4,-14,-4,-13,-4,-13,-3,-13,-3,-13,-3,-13,-3,-13,-3,-14,-2,-12,-2,-12,-2,-12,-1,-12,-1,-12,-1,-12,-1,-11,-1,-11,0,-10,0,-10,0,-10,1,-10,1,-10,2,-9,2,-8,0,0,0,0,0,0,0,0,0,0]"
[0;32mI (2099) csi_recv: compensate_gain 1.059254, agc_gain 33, fft_gain -25[0m
CSI_DATA,52123,14:c1:9f:28:c1:a0,-39,11,1,0,1,1,1,0,0,0,0,-98,0,11,2,2095819,0,47,0,128,0,"[0,0,0,0,0,0,0,0,0,0,0,0,11,5,11,4,11,4,12,5,11,4,11,4,11,4,11,3,11,3,11,2,11,3,12,2,11,2,11,1,11,2,11,1,11,0,10,0,11,-1,11,0,11,0,12,0,10,0,12,-2,12,-1,12,-1,0,0,13,-1,12,-1,13,-1,13,-1,12,-1,13,0,13,0,12,0,12,0,12,0,12,0,11,1,11,1,11,1,10,1,11,1,10,2,10,2,9,2,9,2,9,3,8,3,8,3,8,3,7,4,7,4,0,0,0,0,0,0,0,0,0,0]"
[0;32mI (2109) csi_recv: compensate_gain 1.029201, agc_gain 32, fft_gain -20[0m
CSI_DATA,52124,14:c1:9f:28:c1:a0,-39,11,1,0,1,1,1,0,0,0,0,-98,0,11,2,2106809,0,47,0,128,0,"[0,0,0,0,0,0,0,0,0,0,0,0,-3,11,-3,11,-3,11,-3,11,-3,11,-2,10,-2,10,-2,10,-2,10,-1,10,-2,10,-1,11,-1,10,-1,10,-1,10,0,11,1,10,1,10,2,10,1,10,1,10,2,10,1,10,3,11,2,11,2,11,0,0,3,11,3,11,3,11,3,12,2,11,2,11,2,11,2,11,2,11,2,11,1,11,1,10,0,10,1,10,0,10,0,10,0,10,0,9,-1,9,-1,9,-1,9,-1,8,-2,8,-2,8,-3,7,-3,7,0,0,0,0,0,0,0,0,0,0]"
[0;32mI (2119) csi_recv: compensate_gain 1.059254, agc_gain 33, fft_gain -25[0m
CSI_DATA,52125,14:c1:9f:28:c1:a0,-39,11,1,0,1,1,1,0,0,0,0,-98,0,11,2,2117798,0,47,0,128,0,"[0,0,0,0,0,0,0,0,0,0,0,0,-13,-1,-12,-1,-13,0,-13,-1,-13,0,-12,0,-12,0,-12,0,-12,0,-12,1,-12,0,-12,1,-12,1,-12,2,-11,1,-12,3,-11,3,-11,3,-11,4,-11,3,-11,3,-11,4,-11,3,-11,5,-12,4,-12,5,0,0,-12,5,-13,5,-12,5,-12,5,-12,4,-12,4,-13,4,-12,4,-12,3,-12,3,-13,3,-12,2,-12,2,-12,2,-11,2,-11,2,-12,1,-10,1,-10,1,-10,1,-10,0,-10,0,-10,-1,-9,-1,-9,-2,-8,-2,0,0,0,0,0,0,0,0,0,0]"
[0;32mI (2129) csi_recv: compensate_gain 1.059254, agc_gain 33, fft_gain -25[0m
CSI_DATA,52126,14:c1:9f:28:c1:a0,-39,11,1,0,1,1,1,0,0,0,0,-98,0,11,2,2128827,0,47,0,128,0,"[0,0,0,0,0,0,0,0,0,0,0,0,12,-2,12,-2,12,-3,13,-2,12,-3,11,-2,11,-2,11,-3,11,-3,10,-4,11,-3,11,-4,11,-4,10,-4,10,-4,11,-5,10,-5,9,-5,10,-6,10,-5,10,-5,10,-6,9,-6,10,-7,11,-7,10,-7,0,0,11,-7,11,-7,11,-7,11,-7,11,-6,11,-7,11,-6,11,-6,11,-6,11,-6,11,-6,11,-5,11,-4,11,-4,10,-4,11,-4,10,-3,10,-3,10,-3,9,-2,9,-2,9,-1,9,-1,9,-1,8,0,8,0,0,0,0,0,0,0,0,0,0,0]"
[0;32mI (2139) csi_recv: compensate_gain 1.059254, agc_gain 33, fft_gain -25[0m
CSI_DATA,52127,14:c1:9f:28:c1:a0,-39,11,1,0,1,1,1,0,0,0,0,-98,0,11,2,2141655,0,47,0,128,0,"[0,0,0,0,0,0,0,0,0,0,0,0,3,-13,2,-13,2,-13,2,-13,2,-12,2,-12,1,-12,1,-12,1,-12,0,-12,1,-12,0,-13,0,-12,-1,-12,0,-12,-1,-13,-2,-12,-2,-11,-3,-12,-2,-12,-2,-12,-3,-12,-2,-11,-4,-12,-3,-13,-3,-13,0,0,-4,-13,-4,-13,-3,-14,-4,-13,-3,-13,-3,-13,-2,-13,-2,-13,-2,-13,-2,-13,-2,-13,-1,-12,-1,-12,-1,-12,-1,-12,-1,-12,0,-12,-1,-11,0,-11,0,-10,1,-10,1,-10,1,-10,1,-9,2,-9,2,-8,0,0,0,0,0,0,0,0,0,0]"
[0;32mI (2149) csi_recv: compensate_gain 1.059254, agc_gain 33, fft_gain -25[0m
CSI_DATA,52128,14:c1:9f:28:c1:a0,-39,11,1,0,1,1,1,0,0,0,0,-98,0,11,2,2150812,0,47,0,128,0,"[0,0,0,0,0,0,0,0,0,0,0,0,-13,2,-13,3,-13,3,-13,2,-12,3,-12,3,-12,3,-12,3,-11,3,-11,4,-12,4,-12,5,-11,4,-11,5,-10,4,-11,6,-10,6,-10,6,-10,7,-10,6,-10,6,-10,7,-10,6,-10,8,-11,7,-10,8,0,0,-10,8,-11,8,-11,8,-10,8,-10,8,-11,8,-11,7,-11,7,-11,7,-11,7,-11,7,-11,6,-11,6,-11,6,-10,5,-11,5,-11,5,-10,5,-10,4,-9,4,-10,3,-9,3,-10,2,-9,2,-9,1,-9,1,0,0,0,0,0,0,0,0,0,0]"
[0;32mI (2159) csi_recv: compensate_gain 1.059254, agc_gain 33, fft_gain -25[0m
CSI_DATA,52129,14:c1:9f:28:c1:a0,-39,11,1,0,1,1,1,0,0,0,0,-98,0,11,2,2161815,0,47,0,128,0,"[0,0,0,0,0,0,0,0,0,0,0,0,-1,-13,-1,-13,-2,-13,-1,-13,-1,-13,-1,-12,-1,-12,-2,-12,-1,-12,-3,-12,-3,-12,-3,-12,-3,-12,-4,-12,-3,-11,-4,-12,-5,-11,-4,-11,-5,-11,-5,-11,-4,-11,-5,-12,-5,-11,-7,-11,-6,-12,-7,-12,0,0,-7,-12,-6,-13,-7,-12,-7,-13,-6,-12,-6,-13,-5,-13,-5,-12,-5,-13,-5,-12,-5,-13,-4,-12,-4,-12,-4,-12,-3,-12,-3,-11,-3,-11,-3,-11,-2,-11,-2,-10,-1,-10,-1,-10,-1,-10,-1,-9,0,-9,1,-9,0,0,0,0,0,0,0,0,0,0]"
[0;32mI (2169) csi_recv: compensate_gain 1.059254, agc_gain 33, fft_gain -25[0m
CSI_DATA,52130,14:c1:9f:28:c1:a0,-39,11,1,0,1,1,1,0,0,0,0,-98,0,11,2,2172826,0,47,0,128,0,"[0,0,0,0,0,0,0,0,0,0,0,0,11,5,11,4,12,4,11,5,11,4,11,4,11,4,11,3,10,3,11,2,11,3,12,2,11,2,11,2,10,2,12,1,11,0,11,1,11,0,11,0,11,1,11,0,11,0,12,-1,12,0,12,-1,0,0,13,-1,13,0,13,0,13,-1,12,0,13,0,13,1,12,1,12,1,12,1,12,1,11,1,11,2,11,2,10,2,11,2,10,3,10,2,9,3,8,3,8,4,8,4,8,4,8,4,7,4,6,4,0,0,0,0,0,0,0,0,0,0]"
[0;32mI (2179) csi_recv: compensate_gain 1.090184, agc_gain 33, fft_gain -26[0m
CSI_DATA,52131,14:c1:9f:28:c1:a0,-39,11,1,0,1,1,1,0,0,0,0,-98,0,11,2,2183801,0,47,0,128,0,"[0,0,0,0,0,0,0,0,0,0,0,0,3,11,4,11,5,11,4,11,4,11,4,10,4,10,4,10,4,10,5,10,5,10,5,10,5,10,5,9,5,9,7,9,6,8,6,8,7,8,7,8,7,8,7,8,7,8,8,8,8,9,8,8,0,0,8,8,9,9,9,9,9,9,8,8,8,9,8,9,8,9,7,9,7,9,7,10,6,9,6,9,6,9,6,9,5,9,5,9,5,8,4,9,4,8,3,8,3,8,2,8,2,8,1,8,1,7,0,0,0,0,0,0,0,0,0,0]"
[0;32mI (2199) csi_recv: compensate_gain 1.090184, agc_gain 33, fft_gain -26[0m
CSI_DATA,52132,14:c1:9f:28:c1:a0,-39,11,1,0,1,1,1,0,0,0,0,-98,0,11,2,2194804,0,47,0,128,0,"[0,0,0,0,0,0,0,0,0,0,0,0,-14,2,-14,2,-13,3,-14,2,-13,3,-13,3,-13,3,-11,3,-11,3,-11,4,-13,4,-13,4,-11,4,-11,5,-11,4,-11,6,-10,6,-9,5,-10,6,-10,6,-10,6,-10,7,-9,6,-10,8,-10,7,-10,8,0,0,-10,8,-10,8,-11,8,-10,8,-10,7,-11,7,-11,7,-11,7,-11,7,-10,6,-11,7,-11,5,-10,5,-11,6,-10,5,-11,5,-10,5,-10,4,-10,4,-9,3,-10,3,-9,2,-9,2,-9,2,-9,1,-9,1,0,0,0,0,0,0,0,0,0,0]"
[0;32mI (2209) csi_recv: compensate_gain 1.090184, agc_gain 33, fft_gain -26[0m
CSI_DATA,52133,14:c1:9f:28:c1:a0,-39,11,1,0,1,1,1,0,0,0,0,-98,0,11,2,2205797,0,47,0,128,0,"[0,0,0,0,0,0,0,0,0,0,0,0,-6,-11,-7,-11,-8,-11,-7,-13,-7,-11,-7,-10,-7,-10,-7,-10,-7,-10,-8,-9,-8,-10,-9,-10,-8,-9,-8,-9,-8,-9,-9,-9,-9,-8,-8,-7,-9,-7,-9,-8,-9,-8,-10,-8,-9,-7,-11,-7,-11,-8,-11,-7,0,0,-11,-8,-11,-8,-11,-8,-11,-8,-10,-8,-11,-8,-11,-9,-10,-8,-10,-9,-10,-8,-10,-9,-9,-8,-9,-9,-9,-9,-8,-9,-8,-9,-8,-9,-7,-8,-7,-8,-6,-8,-6,-9,-5,-8,-5,-8,-5,-8,-4,-8,-3,-8,0,0,0,0,0,0,0,0,0,0]"
[0;32mI (2219) csi_recv: compensate_gain 1.090184, agc_gain 33, fft_gain -26[0m
CSI_DATA,52134,14:c1:9f:28:c1:a0,-39,11,1,0,1,1,1,0,0,0,0,-98,0,11,2,2216826,0,47,0,128,0,"[0,0,0,0,0,0,0,0,0,0,0,0,10,5,11,5,11,5,11,6,10,5,10,5,10,4,10,4,10,4,10,3,10,4,11,3,11,3,10,3,10,3,11,2,11,1,10,1,11,1,11,1,10,1,11,1,10,1,13,0,13,1,13,1,0,0,13,0,13,1,14,1,13,0,13,1,13,1,13,2,13,2,13,2,11,2,13,2,11,3,10,3,11,3,10,3,10,3,10,4,9,3,9,3,8,3,8,4,8,4,7,5,7,5,6,5,6,5,0,0,0,0,0,0,0,0,0,0]"
[0;32mI (2229) csi_recv: compensate_gain 1.090184, agc_gain 33, fft_gain -26[0m
CSI_DATA,52135,14:c1:9f:28:c1:a0,-39,11,1,0,1,1,1,0,0,0,0,-98,0,11,2,2227828,0,47,0,128,0,"[0,0,0,0,0,0,0,0,0,0,0,0,-7,10,-7,10,-6,11,-7,10,-7,10,-6,10,-6,10,-6,10,-6,10,-5,10,-6,10,-5,11,-5,10,-4,10,-4,10,-4,11,-3,10,-3,10,-2,11,-3,11,-3,10,-3,11,-3,11,-2,13,-3,13,-2,13,0,0,-2,13,-2,14,-2,13,-2,14,-2,13,-3,13,-3,13,-3,13,-4,13,-3,13,-4,13,-4,11,-4,10,-4,10,-5,10,-4,10,-5,10,-4,9,-5,9,-5,8,-6,8,-6,7,-6,7,-6,7,-6,6,-6,5,0,0,0,0,0,0,0,0,0,0]"
[0;32mI (2239) csi_recv: compensate_gain 1.090184, agc_gain 33, fft_gain -26[0m
CSI_DATA,52136,14:c1:9f:28:c1:a0,-39,11,1,0,1,1,1,0,0,0,0,-98,0,11,2,2238796,0,47,0,128,0,"[0,0,0,0,0,0,0,0,0,0,0,0,-10,7,-10,8,-9,8,-10,8,-9,8,-9,7,-9,8,-8,8,-8,8,-7,8,-8,8,-8,9,-7,9,-7,9,-7,9,-7,10,-6,9,-6,9,-5,10,-5,10,-6,9,-5,10,-5,9,-4,11,-5,11,-5,11,0,0,-5,13,-5,11,-5,13,-5,11,-5,11,-6,11,-6,11,-6,11,-6,11,-6,10,-6,11,-6,10,-6,9,-7,10,-7,9,-7,9,-7,8,-6,8,-7,7,-6,7,-7,7,-7,6,-7,6,-7,6,-7,5,-7,4,0,0,0,0,0,0,0,0,0,0]"
[0;32mI (2249) csi_recv: compensate_gain 1.000000, agc_gain 35, fft_gain -31[0m
CSI_DATA,52137,14:c1:9f:28:c1:a0,-40,11,1,0,1,1,1,0,0,0,0,-98,0,11,2,2249829,0,47,0,128,0,"[0,0,0,0,0,0,0,0,0,0,0,0,7,-9,7,-9,7,-10,7,-10,6,-10,6,-9,6,-9,6,-9,6,-9,5,-10,6,-10,5,-10,5,-10,5,-10,4,-9,4,-11,3,-10,3,-10,3,-10,3,-10,3,-10,3,-11,3,-10,2,-11,3,-12,3,-12,0,0,2,-12,3,-12,3,-12,3,-12,3,-11,3,-12,4,-12,4,-11,4,-11,4,-11,4,-11,4,-10,4,-10,4,-10,5,-10,5,-9,5,-9,4,-9,5,-8,5,-8,5,-8,5,-7,5,-7,5,-6,6,-6,5,-5,0,0,0,0,0,0,0,0,0,0]"
[0;32mI (2259) csi_recv: compensate_gain 1.830206, agc_gain 26, fft_gain -16[0m
CSI_DATA,52138,14:c1:9f:28:c1:a0,-35,11,1,0,1,1,1,0,0,0,0,-98,0,11,2,2260822,0,47,0,128,0,"[0,0,0,0,0,0,0,0,0,0,0,0,-21,-5,-21,-5,-23,-3,-21,-5,-20,-5,-20,-3,-20,-3,-20,-3,-20,-3,-20,-1,-20,-3,-21,-1,-20,-1,-20,-1,-20,-1,-20,0,-20,0,-18,0,-20,1,-20,1,-20,0,-20,1,-20,1,-20,1,-21,1,-21,1,0,0,-21,1,-21,1,-21,1,-21,1,-20,1,-21,0,-21,0,-20,0,-20,0,-20,0,-20,-1,-20,-1,-18,-1,-18,-3,-18,-1,-18,-3,-18,-3,-16,-3,-16,-3,-14,-3,-14,-5,-14,-5,-14,-5,-12,-5,-12,-7,-10,-7,0,0,0,0,0,0,0,0,0,0]"
[0;32mI (2269) csi_recv: compensate_gain 1.090184, agc_gain 33, fft_gain -26[0m
CSI_DATA,52139,14:c1:9f:28:c1:a0,-39,11,1,0,1,1,1,0,0,0,0,-98,0,11,2,2271824,0,47,0,128,0,"[0,0,0,0,0,0,0,0,0,0,0,0,-1,13,-1,13,0,13,-1,13,0,13,0,11,0,11,0,11,0,11,1,11,1,11,2,11,2,11,2,11,1,10,3,11,3,10,3,10,4,10,3,10,3,10,4,10,3,10,5,10,4,11,5,11,0,0,5,11,5,11,5,11,5,11,4,11,4,13,4,13,3,11,3,13,3,11,3,13,2,11,2,10,2,11,2,10,2,11,1,10,1,10,1,10,0,9,0,9,0,9,-1,8,-1,8,-2,8,-2,7,0,0,0,0,0,0,0,0,0,0]"
[0;32mI (2279) csi_recv: compensate_gain 1.090184, agc_gain 33, fft_gain -26[0m
CSI_DATA,52140,14:c1:9f:28:c1:a0,-39,11,1,0,1,1,1,0,0,0,0,-98,0,11,2,2282826,0,47,0,128,0,"[0,0,0,0,0,0,0,0,0,0,0,0,-14,-1,-14,0,-14,1,-14,-1,-13,0,-13,0,-13,0,-13,1,-13,1,-13,1,-13,1,-13,2,-13,2,-11,2,-11,2,-13,3,-11,4,-11,3,-11,4,-11,4,-11,3,-11,4,-10,4,-11,5,-13,5,-13,5,0,0,-13,6,-13,5,-13,6,-13,6,-13,5,-13,5,-13,5,-13,4,-13,5,-13,4,-13,4,-13,3,-11,3,-13,3,-11,3,-11,3,-11,2,-11,2,-10,2,-10,1,-10,1,-10,0,-10,0,-9,0,-9,-1,-8,-1,0,0,0,0,0,0,0,0,0,0]"
[0;32mI (2299) csi_recv: compensate_gain 1.090184, agc_gain 33, fft_gain -26[0m
CSI_DATA,52141,14:c1:9f:28:c1:a0,-39,11,1,0,1,1,1,0,0,0,0,-98,0,11,2,2295263,0,47,0,128,0,"[0,0,0,0,0,0,0,0,0,0,0,0,13,-2,13,-3,13,-4,13,-2,11,-3,11,-3,11,-3,11,-3,10,-3,10,-4,11,-4,11,-5,11,-4,10,-5,10,-4,10,-6,9,-6,9,-5,9,-6,9,-6,9,-6,10,-6,9,-6,9,-8,10,-7,10,-8,0,0,10,-8,10,-7,10,-8,10,-8,10,-7,11,-7,11,-7,10,-6,11,-6,10,-6,11,-6,10,-5,10,-5,10,-5,10,-4,10,-4,10,-4,9,-4,9,-3,9,-3,9,-2,9,-2,8,-2,8,-1,8,-1,8,0,0,0,0,0,0,0,0,0,0,0]"
[0;32mI (2309) csi_recv: compensate_gain 1.090184, agc_gain 33, fft_gain -26[0m
CSI_DATA,52142,14:c1:9f:28:c1:a0,-39,11,1,0,1,1,1,0,0,0,0,-98,0,11,2,2304816,0,47,0,128,0,"[0,0,0,0,0,0,0,0,0,0,0,0,9,-9,9,-9,8,-10,9,-9,8,-9,8,-9,8,-9,7,-9,8,-9,7,-9,7,-9,7,-10,6,-10,6,-10,6,-9,6,-11,5,-10,5,-10,4,-11,5,-11,5,-10,4,-11,4,-10,4,-13,4,-13,4,-13,0,0,4,-13,4,-14,4,-14,4,-14,4,-13,5,-13,5,-13,5,-13,5,-13,5,-13,5,-13,5,-11,5,-10,5,-10,6,-10,6,-10,6,-10,5,-9,6,-9,5,-8,6,-8,6,-7,6,-7,6,-7,6,-6,6,-5,0,0,0,0,0,0,0,0,0,0]"
[0;32mI (2319) csi_recv: compensate_gain 1.090184, agc_gain 33, fft_gain -26[0m
CSI_DATA,52143,14:c1:9f:28:c1:a0,-39,11,1,0,1,1,1,0,0,0,0,-98,0,11,2,2315813,0,47,0,128,0,"[0,0,0,0,0,0,0,0,0,0,0,0,11,5,11,4,11,4,11,5,11,4,10,4,11,4,10,3,10,3,11,2,11,3,11,2,11,2,11,2,10,2,11,1,11,0,10,0,11,-1,11,0,11,1,11,0,10,0,13,-1,13,0,13,-1,0,0,13,-1,13,-1,14,-1,13,-1,13,0,14,0,13,0,13,0,13,0,13,0,13,1,11,1,11,1,11,1,10,2,11,2,10,2,10,2,9,2,8,2,8,3,8,3,8,3,7,3,7,4,6,4,0,0,0,0,0,0,0,0,0,0]"
[0;32mI (2329) csi_recv: compensate_gain 1.090184, agc_gain 33, fft_gain -26[0m
CSI_DATA,52144,14:c1:9f:28:c1:a0,-39,11,1,0,1,1,1,0,0,0,0,-98,0,11,2,2326797,0,47,0,128,0,"[0,0,0,0,0,0,0,0,0,0,0,0,4,11,5,10,5,11,4,11,5,10,4,10,5,10,5,10,5,10,6,9,5,10,6,9,6,9,6,9,6,8,7,9,7,8,6,8,7,7,7,8,7,8,8,8,7,7,9,7,8,8,9,8,0,0,9,8,9,8,9,8,9,8,8,8,8,9,8,9,8,9,8,9,7,9,7,9,7,9,6,9,6,9,5,9,6,9,5,9,5,8,4,8,4,8,3,8,3,8,2,8,2,8,1,8,1,7,0,0,0,0,0,0,0,0,0,0]"
[0;32mI (2339) csi_recv: compensate_gain 1.090184, agc_gain 33, fft_gain -26[0m
CSI_DATA,52145,14:c1:9f:28:c1:a0,-39,11,1,0,1,1,1,0,0,0,0,-98,0,11,2,2337804,0,47,0,128,0,"[0,0,0,0,0,0,0,0,0,0,0,0,-13,4,-11,5,-13,6,-13,5,-11,5,-11,5,-11,5,-10,5,-10,5,-10,6,-11,6,-10,7,-10,6,-9,7,-9,6,-9,8,-8,7,-8,7,-8,8,-8,8,-9,7,-8,8,-8,8,-8,9,-9,9,-8,9,0,0,-8,9,-9,10,-9,10,-9,10,-9,9,-9,9,-9,9,-9,8,-9,8,-9,8,-10,9,-9,7,-9,7,-9,7,-9,7,-9,7,-10,6,-9,6,-9,5,-9,5,-9,4,-9,4,-9,3,-9,3,-9,2,-8,2,0,0,0,0,0,0,0,0,0,0]"
[0;32mI (2349) csi_recv: compensate_gain 1.090184, agc_gain 33, fft_gain -26[0m
CSI_DATA,52146,14:c1:9f:28:c1:a0,-39,11,1,0,1,1,1,0,0,0,0,-98,0,11,2,2348796,0,47,0,128,0,"[0,0,0,0,0,0,0,0,0,0,0,0,-13,-5,-13,-5,-14,-4,-13,-5,-13,-4,-11,-4,-13,-4,-11,-4,-13,-4,-13,-3,-13,-3,-13,-3,-13,-3,-13,-2,-11,-2,-13,-2,-13,-1,-11,-1,-13,0,-13,-1,-11,-1,-13,-1,-11,-1,-14,1,-14,0,-14,0,0,0,-14,0,-14,0,-15,0,-14,0,-14,0,-14,-1,-14,-1,-14,-1,-14,-1,-13,-1,-14,-2,-13,-2,-13,-2,-13,-2,-11,-3,-11,-3,-11,-3,-10,-3,-10,-3,-9,-3,-9,-4,-9,-4,-9,-4,-8,-4,-8,-5,-7,-5,0,0,0,0,0,0,0,0,0,0]"
[0;32mI (2359) csi_recv: compensate_gain 1.059254, agc_gain 33, fft_gain -25[0m
CSI_DATA,52147,14:c1:9f:28:c1:a0,-39,11,1,0,1,1,1,0,0,0,0,-98,0,11,2,2359798,0,47,0,128,0,"[0,0,0,0,0,0,0,0,0,0,0,0,2,-13,1,-12,1,-13,2,-13,1,-13,1,-12,1,-12,0,-12,0,-12,0,-12,0,-12,-1,-13,-1,-12,-1,-12,-1,-11,-2,-13,-3,-11,-2,-11,-3,-11,-3,-11,-3,-11,-3,-12,-3,-11,-4,-12,-3,-13,-4,-12,0,0,-4,-12,-4,-13,-4,-13,-4,-13,-4,-12,-4,-13,-3,-13,-3,-13,-3,-13,-3,-13,-2,-13,-2,-12,-1,-12,-2,-12,-1,-12,-1,-11,-1,-12,-1,-11,0,-11,0,-10,1,-10,1,-10,1,-10,1,-9,2,-9,2,-8,0,0,0,0,0,0,0,0,0,0]"
[0;32mI (2369) csi_recv: compensate_gain 1.059254, agc_gain 33, fft_gain -25[0m
CSI_DATA,52148,14:c1:9f:28:c1:a0,-39,11,1,0,1,1,1,0,0,0,0,-98,0,11,2,2370817,0,47,0,128,0,"[0,0,0,0,0,0,0,0,0,0,0,0,11,4,10,3,11,3,11,3,11,3,10,3,10,3,10,2,10,2,10,2,10,2,11,1,10,1,10,1,9,1,11,0,10,0,10,0,10,-1,10,0,10,0,11,-1,10,-1,11,-2,11,-1,11,-1,0,0,11,-1,12,-1,12,-1,12,-2,11,-1,12,-1,12,0,11,0,11,0,11,0,12,0,10,1,10,1,10,1,10,1,10,1,10,2,9,2,9,2,8,2,8,3,8,3,8,3,7,3,7,4,6,4,0,0,0,0,0,0,0,0,0,0]"
[0;32mI (2379) csi_recv: compensate_gain 1.090184, agc_gain 33, fft_gain -26[0m
CSI_DATA,52149,14:c1:9f:28:c1:a0,-39,11,1,0,1,1,1,0,0,0,0,-98,0,11,2,2381801,0,47,0,128,0,"[0,0,0,0,0,0,0,0,0,0,0,0,8,9,8,8,9,8,8,9,8,8,8,7,8,8,8,7,8,7,9,6,9,7,9,6,9,6,9,6,8,6,10,6,9,5,9,5,10,4,10,4,9,5,10,4,9,4,11,3,11,4,11,4,0,0,11,4,11,4,13,4,13,4,11,4,11,5,11,5,11,5,11,5,10,5,11,5,10,5,9,6,9,5,9,6,9,6,8,6,8,5,7,6,7,5,6,6,6,6,6,6,5,6,5,6,4,6,0,0,0,0,0,0,0,0,0,0]"
[0;32mI (2389) csi_recv: compensate_gain 1.059254, agc_gain 33, fft_gain -25[0m
CSI_DATA,52150,14:c1:9f:28:c1:a0,-39,11,1,0,1,1,1,0,0,0,0,-98,0,11,2,2392807,0,47,0,128,0,"[0,0,0,0,0,0,0,0,0,0,0,0,-8,9,-7,9,-7,11,-8,10,-7,10,-7,9,-7,9,-6,9,-7,9,-6,10,-6,10,-6,10,-6,10,-5,10,-5,9,-5,11,-4,10,-4,10,-3,10,-4,10,-4,10,-4,11,-3,10,-3,11,-4,12,-3,12,0,0,-3,12,-3,12,-3,12,-3,13,-3,11,-4,12,-4,12,-4,11,-5,11,-5,11,-5,11,-5,10,-5,10,-5,10,-6,10,-5,9,-6,9,-5,8,-6,8,-6,7,-6,7,-6,7,-6,6,-6,6,-7,5,-7,5,0,0,0,0,0,0,0,0,0,0]"
[0;32mI (2399) csi_recv: compensate_gain 1.000000, agc_gain 35, fft_gain -31[0m
CSI_DATA,52151,14:c1:9f:28:c1:a0,-40,11,1,0,1,1,1,0,0,0,0,-98,0,11,2,2403815,0,47,0,128,0,"[0,0,0,0,0,0,0,0,0,0,0,0,-10,-7,-10,-7,-10,-7,-10,-8,-10,-7,-10,-6,-10,-6,-10,-6,-10,-6,-10,-5,-10,-6,-11,-5,-10,-5,-10,-5,-10,-5,-11,-4,-11,-4,-10,-3,-11,-3,-11,-3,-10,-3,-11,-3,-10,-3,-12,-2,-12,-3,-12,-3,0,0,-12,-3,-12,-3,-12,-3,-12,-3,-12,-3,-12,-3,-12,-4,-12,-4,-12,-4,-11,-4,-12,-4,-11,-5,-10,-5,-10,-5,-10,-5,-10,-5,-10,-5,-9,-5,-9,-5,-8,-5,-8,-5,-7,-5,-7,-6,-7,-6,-6,-6,-6,-6,0,0,0,0,0,0,0,0,0,0]"
[0;32mI (2419) csi_recv: compensate_gain 1.778279, agc_gain 26, fft_gain -15[0m
CSI_DATA,52152,14:c1:9f:28:c1:a0,-35,11,1,0,1,1,1,0,0,0,0,-98,0,11,2,2414817,0,47,0,128,0,"[0,0,0,0,0,0,0,0,0,0,0,0,-5,19,-3,19,-3,21,-3,19,-3,19,-3,17,-3,17,-1,17,-3,17,0,17,-1,19,-1,19,0,17,0,17,0,16,0,19,1,17,1,16,3,16,1,17,0,16,1,17,1,16,3,17,3,19,3,17,0,0,3,17,3,19,3,19,3,19,1,17,1,19,0,19,1,17,0,17,0,17,0,17,0,16,-1,16,0,16,-1,16,-1,16,-1,16,-1,14,-3,14,-3,12,-3,12,-5,12,-5,12,-5,10,-5,10,-7,8,0,0,0,0,0,0,0,0,0,0]"
[0;32mI (2429) csi_recv: compensate_gain 1.090184, agc_gain 33, fft_gain -26[0m
CSI_DATA,52153,14:c1:9f:28:c1:a0,-39,11,1,0,1,1,1,0,0,0,0,-98,0,11,2,2425809,0,47,0,128,0,"[0,0,0,0,0,0,0,0,0,0,0,0,8,-9,8,-9,8,-10,8,-9,8,-9,7,-9,7,-9,7,-9,7,-9,6,-10,7,-10,6,-10,6,-10,5,-10,5,-10,5,-11,4,-10,4,-10,4,-11,4,-11,4,-10,4,-11,4,-11,3,-13,4,-13,4,-13,0,0,3,-13,4,-13,4,-14,4,-14,4,-13,4,-14,5,-13,4,-13,5,-13,5,-11,5,-13,5,-10,5,-10,5,-10,5,-10,5,-10,6,-10,5,-9,5,-9,5,-8,6,-8,6,-7,6,-7,6,-7,6,-6,6,-5,0,0,0,0,0,0,0,0,0,0]"
[0;32mI (2439) csi_recv: compensate_gain 1.090184, agc_gain 33, fft_gain -26[0m
CSI_DATA,52154,14:c1:9f:28:c1:a0,-39,11,1,0,1,1,1,0,0,0,0,-98,0,11,2,2436811,0,47,0,128,0,"[0,0,0,0,0,0,0,0,0,0,0,0,11,4,11,4,13,3,11,4,11,3,10,3,11,3,11,2,11,2,11,2,11,2,11,1,11,1,11,1,10,1,13,0,11,-1,10,-1,10,-1,11,-1,11,-1,11,-2,11,-1,11,-2,13,-1,13,-2,0,0,13,-2,14,-2,13,-2,14,-3,11,-2,13,-2,13,-1,13,-1,13,-1,13,-1,13,-1,11,0,11,0,11,0,11,0,11,0,11,1,10,0,9,1,9,1,9,1,9,2,8,2,8,2,7,3,7,3,0,0,0,0,0,0,0,0,0,0]"
[0;32mI (2449) csi_recv: compensate_gain 1.090184, agc_gain 33, fft_gain -26[0m
CSI_DATA,52155,14:c1:9f:28:c1:a0,-39,11,1,0,1,1,1,0,0,0,0,-98,0,11,2,2448652,0,47,0,128,0,"[0,0,0,0,0,0,0,0,0,0,0,0,11,3,11,2,13,2,13,3,11,2,11,2,11,2,11,1,11,1,11,1,11,1,11,0,11,0,11,0,10,0,13,-1,11,-2,10,-1,11,-2,11,-2,11,-1,11,-2,10,-2,11,-3,13,-2,13,-3,0,0,13,-3,13,-3,13,-3,13,-3,13,-2,13,-2,13,-2,13,-2,13,-1,13,-1,13,-1,11,-1,11,0,11,0,11,0,11,0,10,1,10,0,10,1,9,1,9,2,8,2,8,2,8,2,7,3,7,3,0,0,0,0,0,0,0,0,0,0]"
[0;32mI (2459) csi_recv: compensate_gain 1.090184, agc_gain 33, fft_gain -26[0m
CSI_DATA,52156,14:c1:9f:28:c1:a0,-39,11,1,0,1,1,1,0,0,0,0,-98,0,11,2,2458799,0,47,0,128,0,"[0,0,0,0,0,0,0,0,0,0,0,0,-5,11,-4,11,-4,13,-5,13,-4,11,-4,11,-4,11,-3,10,-4,10,-3,11,-3,11,-2,11,-2,11,-2,11,-2,10,-1,11,-1,11,-1,10,0,11,-1,11,-1,11,0,11,0,10,1,11,0,13,1,13,0,0,0,13,0,13,0,14,1,13,0,13,0,13,-1,13,-1,13,-1,13,-1,13,-1,13,-2,11,-2,11,-2,11,-2,10,-2,11,-3,10,-3,10,-3,9,-3,9,-4,8,-4,8,-4,8,-4,8,-5,7,-5,6,0,0,0,0,0,0,0,0,0,0]"
[0;32mI (2469) csi_recv: compensate_gain 1.090184, agc_gain 33, fft_gain -26[0m
CSI_DATA,52157,14:c1:9f:28:c1:a0,-39,11,1,0,1,1,1,0,0,0,0,-98,0,11,2,2469798,0,47,0,128,0,"[0,0,0,0,0,0,0,0,0,0,0,0,-14,3,-13,4,-13,4,-14,3,-13,4,-11,4,-11,4,-11,4,-11,4,-11,5,-11,5,-11,5,-11,5,-10,5,-10,5,-10,7,-9,6,-9,6,-9,7,-9,7,-9,7,-9,7,-9,7,-9,8,-10,8,-9,8,0,0,-9,8,-10,9,-10,9,-10,9,-10,8,-10,8,-10,8,-10,8,-10,8,-10,7,-11,7,-10,6,-10,6,-10,6,-10,6,-10,5,-10,5,-9,5,-10,4,-9,4,-9,3,-9,3,-9,2,-9,2,-9,2,-8,1,0,0,0,0,0,0,0,0,0,0]"
[0;32mI (2479) csi_recv: compensate_gain 1.090184, agc_gain 33, fft_gain -26[0m
CSI_DATA,52158,14:c1:9f:28:c1:a0,-39,11,1,0,1,1,1,0,0,0,0,-98,0,11,2,2480818,0,47,0,128,0,"[0,0,0,0,0,0,0,0,0,0,0,0,-4,-14,-5,-13,-6,-13,-5,-14,-5,-13,-5,-11,-5,-11,-5,-11,-5,-11,-6,-11,-6,-11,-7,-11,-6,-11,-7,-10,-6,-10,-8,-10,-8,-9,-7,-9,-8,-9,-8,-9,-8,-9,-9,-9,-8,-8,-9,-9,-9,-9,-9,-9,0,0,-10,-9,-10,-9,-10,-9,-10,-9,-9,-9,-10,-10,-9,-10,-9,-10,-9,-10,-9,-10,-9,-10,-8,-10,-7,-10,-7,-10,-7,-9,-7,-10,-7,-10,-6,-9,-6,-9,-5,-9,-5,-9,-5,-9,-4,-9,-4,-9,-3,-9,-2,-8,0,0,0,0,0,0,0,0,0,0]"
[0;32mI (2489) csi_recv: compensate_gain 1.059254, agc_gain 33, fft_gain -25[0m
CSI_DATA,52159,14:c1:9f:28:c1:a0,-39,11,1,0,1,1,1,0,0,0,0,-98,0,11,2,2491822,0,47,0,128,0,"[0,0,0,0,0,0,0,0,0,0,0,0,8,-10,7,-10,7,-10,8,-10,7,-10,7,-9,7,-10,6,-10,7,-10,6,-10,6,-10,6,-11,6,-10,5,-11,5,-10,5,-11,4,-11,4,-10,3,-11,4,-11,4,-11,3,-12,3,-11,2,-12,3,-12,3,-13,0,0,3,-13,3,-13,3,-13,3,-13,3,-12,4,-13,4,-13,4,-12,4,-12,4,-12,4,-12,4,-11,5,-11,5,-11,5,-10,5,-10,5,-10,5,-9,5,-9,5,-8,5,-8,5,-8,6,-7,5,-7,6,-6,6,-6,0,0,0,0,0,0,0,0,0,0]"
[0;32mI (2499) csi_recv: compensate_gain 1.090184, agc_gain 33, fft_gain -26[0m
CSI_DATA,52160,14:c1:9f:28:c1:a0,-39,11,1,0,1,1,1,0,0,0,0,-98,0,11,2,2502828,0,47,0,128,0,"[0,0,0,0,0,0,0,0,0,0,0,0,11,4,11,3,13,3,11,4,11,3,11,3,11,3,11,2,11,3,11,1,11,2,13,1,11,1,11,1,10,1,13,0,11,0,10,0,11,-1,11,-1,11,0,11,-1,11,-1,13,-2,13,-1,13,-2,0,0,13,-2,14,-2,14,-1,14,-2,13,-1,14,-1,13,0,13,0,13,0,13,0,13,0,11,0,11,1,11,1,10,1,10,1,10,2,10,1,9,2,9,2,9,3,8,3,8,3,8,3,7,3,6,4,0,0,0,0,0,0,0,0,0,0]"
[0;32mI (2509) csi_recv: compensate_gain 1.090184, agc_gain 33, fft_gain -26[0m
CSI_DATA,52161,14:c1:9f:28:c1:a0,-39,11,1,0,1,1,1,0,0,0,0,-98,0,11,2,2513812,0,47,0,128,0,"[0,0,0,0,0,0,0,0,0,0,0,0,9,7,9,7,10,6,10,7,9,7,9,6,9,6,9,6,9,6,10,5,10,5,10,5,10,5,10,4,9,4,11,4,10,3,10,3,10,2,10,3,10,3,11,2,10,2,11,2,13,2,13,2,0,0,13,2,13,2,13,2,13,2,11,2,13,3,13,3,13,3,13,3,11,3,13,3,10,4,10,4,10,4,10,4,10,4,9,5,9,4,8,4,8,4,7,5,7,5,7,5,7,5,6,5,5,5,0,0,0,0,0,0,0,0,0,0]"
[0;32mI (2529) csi_recv: compensate_gain 1.090184, agc_gain 33, fft_gain -26[0m
CSI_DATA,52162,14:c1:9f:28:c1:a0,-39,11,1,0,1,1,1,0,0,0,0,-98,0,11,2,2524796,0,47,0,128,0,"[0,0,0,0,0,0,0,0,0,0,0,0,7,9,7,9,8,9,8,10,7,8,7,8,7,8,7,8,7,8,8,7,8,8,9,7,8,7,9,6,8,7,9,6,9,6,8,5,9,5,9,5,9,6,10,5,9,5,10,5,11,5,11,5,0,0,11,5,11,6,11,6,11,5,10,5,11,6,10,6,10,6,10,6,9,6,10,7,9,6,9,6,9,7,8,7,8,7,7,7,7,7,7,7,6,6,6,7,5,7,5,7,5,7,4,7,3,7,0,0,0,0,0,0,0,0,0,0]"
[0;32mI (2539) csi_recv: compensate_gain 1.090184, agc_gain 33, fft_gain -26[0m
CSI_DATA,52163,14:c1:9f:28:c1:a0,-39,11,1,0,1,1,1,0,0,0,0,-98,0,11,2,2535816,0,47,0,128,0,"[0,0,0,0,0,0,0,0,0,0,0,0,-10,8,-9,8,-9,9,-9,8,-9,8,-8,8,-9,8,-8,8,-8,8,-7,9,-8,9,-7,9,-7,9,-6,9,-6,9,-6,10,-5,10,-5,9,-5,10,-5,10,-5,9,-5,10,-5,10,-4,11,-5,11,-4,11,0,0,-4,13,-5,13,-5,13,-4,13,-5,11,-5,13,-6,11,-5,11,-6,11,-6,11,-6,11,-6,10,-6,10,-6,10,-6,9,-6,9,-7,9,-6,8,-6,8,-6,7,-7,7,-7,6,-7,6,-7,6,-7,5,-7,4,0,0,0,0,0,0,0,0,0,0]"
[0;32mI (2549) csi_recv: compensate_gain 1.090184, agc_gain 33, fft_gain -26[0m
CSI_DATA,52164,14:c1:9f:28:c1:a0,-39,11,1,0,1,1,1,0,0,0,0,-98,0,11,2,2546823,0,47,0,128,0,"[0,0,0,0,0,0,0,0,0,0,0,0,-13,-5,-13,-4,-14,-4,-14,-5,-13,-4,-13,-3,-13,-4,-13,-3,-13,-3,-13,-2,-13,-3,-14,-2,-13,-2,-13,-2,-11,-2,-14,-1,-13,0,-11,0,-13,0,-13,0,-13,0,-13,0,-13,0,-13,1,-14,0,-14,1,0,0,-14,1,-14,1,-14,1,-14,1,-14,1,-14,0,-14,0,-14,0,-14,-1,-14,-1,-14,-1,-13,-1,-13,-1,-13,-2,-13,-2,-13,-2,-11,-2,-11,-2,-10,-3,-10,-3,-10,-3,-9,-3,-9,-4,-9,-4,-8,-4,-7,-4,0,0,0,0,0,0,0,0,0,0]"
[0;32mI (2559) csi_recv: compensate_gain 1.090184, agc_gain 33, fft_gain -26[0m
CSI_DATA,52165,14:c1:9f:28:c1:a0,-39,11,1,0,1,1,1,0,0,0,0,-98,0,11,2,2557799,0,47,0,128,0,"[0,0,0,0,0,0,0,0,0,0,0,0,-13,-4,-13,-4,-14,-3,-14,-4,-13,-4,-13,-4,-13,-3,-13,-3,-13,-3,-13,-2,-13,-3,-13,-2,-13,-2,-13,-2,-13,-2,-13,-1,-13,-1,-11,0,-13,0,-13,0,-13,0,-13,0,-11,0,-14,1,-14,0,-14,1,0,0,-14,1,-14,0,-15,0,-14,1,-14,0,-14,0,-14,0,-14,0,-14,-1,-14,-1,-14,-1,-13,-2,-13,-2,-13,-2,-11,-2,-13,-3,-11,-3,-11,-3,-10,-3,-10,-3,-10,-4,-9,-4,-9,-4,-9,-4,-8,-5,-7,-5,0,0,0,0,0,0,0,0,0,0]"
[0;32mI (2569) csi_recv: compensate_gain 1.778279, agc_gain 26, fft_gain -15[0m
CSI_DATA,52166,14:c1:9f:28:c1:a0,-35,11,1,0,1,1,1,0,0,0,0,-98,0,11,2,2568812,0,47,0,128,0,"[0,0,0,0,0,0,0,0,0,0,0,0,-1,19,0,21,1,21,-1,21,0,19,0,17,0,17,1,17,0,17,1,17,1,17,3,19,3,17,3,17,3,17,3,17,5,16,3,16,7,16,5,16,5,16,5,16,5,16,7,16,7,17,7,17,0,0,7,17,7,17,7,17,7,17,5,16,7,17,5,17,5,17,5,17,3,17,3,17,3,16,3,16,3,16,1,16,1,16,1,16,0,14,0,14,0,14,-1,14,-1,12,-1,12,-1,12,-3,10,-3,10,0,0,0,0,0,0,0,0,0,0]"
[0;32mI (2579) csi_recv: compensate_gain 1.090184, agc_gain 33, fft_gain -26[0m
CSI_DATA,52167,14:c1:9f:28:c1:a0,-39,11,1,0,1,1,1,0,0,0,0,-98,0,11,2,2579877,0,47,0,128,0,"[0,0,0,0,0,0,0,0,0,0,0,0,1,13,1,11,2,13,1,13,2,13,2,11,2,11,2,11,2,11,3,11,2,11,3,11,3,11,3,10,3,10,4,11,4,9,4,9,5,9,5,9,4,10,5,10,5,9,6,9,6,11,6,10,0,0,6,10,6,11,6,11,6,11,5,10,5,11,5,11,5,11,5,11,4,11,4,11,3,11,3,10,3,11,3,10,2,10,2,11,2,9,1,9,1,9,0,9,0,9,0,9,0,8,-1,8,-2,8,0,0,0,0,0,0,0,0,0,0]"
[0;32mI (2589) csi_recv: compensate_gain 1.090184, agc_gain 33, fft_gain -26[0m
CSI_DATA,52168,14:c1:9f:28:c1:a0,-39,11,1,0,1,1,1,0,0,0,0,-98,0,11,2,2590816,0,47,0,128,0,"[0,0,0,0,0,0,0,0,0,0,0,0,13,-2,11,-3,13,-4,13,-2,11,-3,11,-3,11,-3,11,-3,11,-3,11,-4,11,-4,11,-5,10,-4,10,-5,10,-4,11,-6,9,-6,9,-6,9,-7,9,-6,9,-6,9,-6,9,-6,9,-8,10,-7,10,-8,0,0,10,-8,10,-8,10,-8,10,-8,10,-7,11,-7,11,-7,10,-6,11,-6,10,-7,11,-6,10,-5,10,-5,10,-5,10,-4,10,-4,10,-4,9,-4,9,-3,9,-3,9,-2,9,-2,9,-2,8,-2,8,-1,7,0,0,0,0,0,0,0,0,0,0,0]"
[0;32mI (2599) csi_recv: compensate_gain 1.090184, agc_gain 33, fft_gain -26[0m
CSI_DATA,52169,14:c1:9f:28:c1:a0,-39,11,1,0,1,1,1,0,0,0,0,-98,0,11,2,2602263,0,47,0,128,0,"[0,0,0,0,0,0,0,0,0,0,0,0,-9,-10,-9,-9,-10,-9,-10,-10,-9,-9,-9,-8,-9,-8,-9,-8,-9,-8,-10,-7,-10,-8,-10,-7,-10,-7,-10,-7,-10,-7,-11,-7,-11,-6,-10,-5,-11,-5,-11,-5,-10,-6,-11,-5,-10,-5,-13,-4,-13,-5,-14,-5,0,0,-14,-5,-13,-5,-14,-6,-13,-5,-13,-5,-13,-6,-13,-6,-13,-6,-13,-6,-11,-6,-13,-6,-11,-6,-10,-7,-11,-7,-9,-7,-10,-7,-9,-7,-9,-7,-8,-7,-8,-7,-8,-7,-7,-7,-7,-7,-6,-7,-6,-7,-5,-7,0,0,0,0,0,0,0,0,0,0]"
[0;32mI (2609) csi_recv: compensate_gain 1.090184, agc_gain 33, fft_gain -26[0m
CSI_DATA,52170,14:c1:9f:28:c1:a0,-39,11,1,0,1,1,1,0,0,0,0,-98,0,11,2,2612797,0,47,0,128,0,"[0,0,0,0,0,0,0,0,0,0,0,0,11,5,11,5,11,4,11,5,11,4,10,4,10,4,10,3,10,4,10,3,11,3,11,3,11,2,11,2,10,2,11,1,11,1,10,1,11,0,11,0,11,1,11,0,10,0,13,-1,13,0,13,-1,0,0,13,-1,13,0,14,0,13,-1,13,0,13,0,13,1,13,0,13,1,13,1,13,1,11,2,11,2,11,2,10,2,10,2,10,2,9,2,9,2,8,3,8,3,8,3,8,4,7,4,7,4,6,4,0,0,0,0,0,0,0,0,0,0]"
[0;32mI (2619) csi_recv: compensate_gain 1.090184, agc_gain 33, fft_gain -26[0m
CSI_DATA,52171,14:c1:9f:28:c1:a0,-39,11,1,0,1,1,1,0,0,0,0,-98,0,11,2,2623807,0,47,0,128,0,"[0,0,0,0,0,0,0,0,0,0,0,0,2,13,3,11,3,11,3,13,3,11,3,11,3,11,3,10,3,10,4,10,4,10,5,11,4,10,5,9,4,9,6,10,6,9,6,8,6,8,6,9,6,9,7,8,6,8,8,8,7,9,8,9,0,0,8,9,8,9,8,9,8,9,8,9,8,9,7,10,7,9,7,10,7,10,7,10,6,9,5,9,6,9,5,9,5,9,5,9,4,9,4,9,3,8,3,9,3,8,2,8,2,8,1,8,1,7,0,0,0,0,0,0,0,0,0,0]"
[0;32mI (2639) csi_recv: compensate_gain 1.090184, agc_gain 33, fft_gain -26[0m
CSI_DATA,52172,14:c1:9f:28:c1:a0,-39,11,1,0,1,1,1,0,0,0,0,-98,0,11,2,2634818,0,47,0,128,0,"[0,0,0,0,0,0,0,0,0,0,0,0,-10,8,-9,8,-9,9,-10,8,-9,8,-9,8,-8,8,-8,8,-8,8,-7,9,-8,9,-8,9,-7,9,-7,9,-7,9,-6,10,-6,10,-6,9,-5,10,-5,10,-5,9,-5,10,-5,9,-4,11,-5,11,-5,13,0,0,-5,13,-5,13,-5,13,-5,13,-5,11,-6,11,-6,11,-6,11,-6,11,-6,11,-7,11,-6,10,-7,10,-7,9,-7,9,-7,9,-7,8,-6,8,-7,8,-7,7,-7,7,-7,6,-7,6,-7,5,-7,5,-7,4,0,0,0,0,0,0,0,0,0,0]"
[0;32mI (2649) csi_recv: compensate_gain 1.059254, agc_gain 33, fft_gain -25[0m
CSI_DATA,52173,14:c1:9f:28:c1:a0,-39,11,1,0,1,1,1,0,0,0,0,-98,0,11,2,2645946,0,47,0,128,0,"[0,0,0,0,0,0,0,0,0,0,0,0,5,11,5,10,6,10,5,11,5,10,5,10,5,10,5,9,5,9,6,9,6,9,7,9,6,9,7,8,6,8,8,8,7,7,7,7,8,7,8,7,8,7,9,7,8,7,9,7,9,7,10,7,0,0,10,7,10,7,10,7,10,7,9,7,10,8,9,8,9,8,9,8,9,8,9,8,8,8,7,8,7,8,7,8,7,8,7,8,6,8,6,8,5,7,5,8,4,8,4,8,4,8,2,7,2,7,0,0,0,0,0,0,0,0,0,0]"
[0;32mI (2659) csi_recv: compensate_gain 1.090184, agc_gain 33, fft_gain -26[0m
CSI_DATA,52174,14:c1:9f:28:c1:a0,-39,11,1,0,1,1,1,0,0,0,0,-98,0,11,2,2656812,0,47,0,128,0,"[0,0,0,0,0,0,0,0,0,0,0,0,-14,-1,-14,0,-14,0,-14,-1,-14,0,-13,0,-13,0,-13,0,-13,1,-13,1,-13,0,-13,1,-13,1,-13,2,-11,2,-13,3,-11,3,-11,3,-11,4,-11,4,-11,3,-11,4,-11,3,-11,5,-13,4,-13,5,0,0,-13,5,-13,5,-13,5,-13,5,-13,4,-13,5,-14,4,-13,4,-13,4,-13,4,-14,3,-13,3,-13,2,-13,2,-11,2,-11,2,-13,2,-11,2,-10,1,-10,1,-10,0,-10,0,-10,-1,-9,-1,-9,-2,-8,-2,0,0,0,0,0,0,0,0,0,0]"
[0;32mI (2669) csi_recv: compensate_gain 1.059254, agc_gain 33, fft_gain -25[0m
CSI_DATA,52175,14:c1:9f:28:c1:a0,-39,11,1,0,1,1,1,0,0,0,0,-98,0,11,2,2667825,0,47,0,128,0,"[0,0,0,0,0,0,0,0,0,0,0,0,-7,-11,-8,-11,-8,-10,-8,-11,-8,-10,-8,-10,-8,-10,-8,-9,-8,-9,-8,-9,-8,-10,-9,-9,-9,-9,-9,-8,-9,-8,-10,-8,-10,-7,-9,-7,-10,-7,-10,-7,-9,-7,-10,-7,-10,-7,-11,-6,-11,-7,-11,-7,0,0,-12,-7,-12,-8,-12,-8,-12,-7,-11,-7,-11,-8,-11,-8,-11,-8,-10,-8,-10,-8,-10,-9,-9,-8,-9,-8,-9,-9,-8,-8,-9,-9,-8,-9,-8,-8,-7,-8,-6,-8,-6,-8,-6,-8,-5,-8,-5,-8,-4,-8,-3,-8,0,0,0,0,0,0,0,0,0,0]"
[0;32mI (2679) csi_recv: compensate_gain 1.059254, agc_gain 33, fft_gain -25[0m
CSI_DATA,52176,14:c1:9f:28:c1:a0,-39,11,1,0,1,1,1,0,0,0,0,-98,0,11,2,2678804,0,47,0,128,0,"[0,0,0,0,0,0,0,0,0,0,0,0,-10,-9,-10,-8,-11,-8,-10,-9,-10,-8,-10,-8,-10,-7,-10,-7,-10,-7,-10,-6,-10,-7,-11,-7,-10,-6,-11,-6,-10,-5,-11,-5,-11,-4,-10,-4,-11,-4,-11,-4,-11,-4,-12,-4,-11,-4,-12,-3,-13,-4,-13,-4,0,0,-13,-4,-13,-4,-13,-4,-13,-4,-12,-4,-13,-4,-13,-5,-12,-4,-12,-5,-12,-5,-12,-5,-11,-5,-11,-5,-11,-5,-11,-5,-11,-5,-10,-6,-10,-5,-9,-6,-9,-6,-8,-6,-8,-6,-8,-6,-7,-6,-6,-7,-6,-7,0,0,0,0,0,0,0,0,0,0]"
[0;32mI (2689) csi_recv: compensate_gain 1.090184, agc_gain 33, fft_gain -26[0m
CSI_DATA,52177,14:c1:9f:28:c1:a0,-39,11,1,0,1,1,1,0,0,0,0,-98,0,11,2,2689815,0,47,0,128,0,"[0,0,0,0,0,0,0,0,0,0,0,0,0,-14,0,-14,-1,-14,0,-14,-1,-14,-1,-13,-1,-13,-1,-13,-1,-13,-2,-13,-1,-13,-2,-13,-2,-13,-2,-13,-2,-11,-3,-13,-4,-11,-4,-11,-4,-11,-4,-11,-4,-11,-4,-11,-4,-11,-5,-11,-5,-13,-5,-13,0,0,-5,-13,-5,-14,-5,-13,-6,-14,-5,-13,-5,-14,-4,-14,-4,-13,-4,-13,-4,-14,-4,-14,-3,-13,-3,-13,-3,-13,-2,-13,-2,-13,-2,-13,-2,-11,-1,-10,-1,-10,0,-10,0,-10,0,-10,0,-9,1,-9,1,-8,0,0,0,0,0,0,0,0,0,0]"
[0;32mI (2699) csi_recv: compensate_gain 1.090184, agc_gain 33, fft_gain -26[0m
CSI_DATA,52178,14:c1:9f:28:c1:a0,-39,11,1,0,1,1,1,0,0,0,0,-98,0,11,2,2700830,0,47,0,128,0,"[0,0,0,0,0,0,0,0,0,0,0,0,10,-8,9,-8,9,-9,10,-8,9,-8,8,-8,8,-8,8,-8,8,-8,7,-9,8,-9,7,-10,7,-9,7,-9,6,-9,6,-10,6,-10,5,-10,5,-10,5,-10,5,-10,5,-11,5,-10,4,-11,5,-13,5,-13,0,0,5,-13,5,-13,5,-13,5,-13,5,-13,6,-13,6,-13,6,-11,6,-11,6,-11,6,-11,6,-10,6,-10,6,-10,6,-9,6,-9,7,-9,6,-9,6,-8,6,-7,7,-7,7,-7,7,-6,6,-6,7,-5,6,-5,0,0,0,0,0,0,0,0,0,0]"
[0;32mI (2709) csi_recv: compensate_gain 1.090184, agc_gain 33, fft_gain -26[0m
CSI_DATA,52179,14:c1:9f:28:c1:a0,-39,11,1,0,1,1,1,0,0,0,0,-98,0,11,2,2711795,0,47,0,128,0,"[0,0,0,0,0,0,0,0,0,0,0,0,1,-14,0,-14,-1,-14,0,-14,0,-14,0,-13,-1,-13,-1,-13,-1,-13,-1,-13,-1,-13,-2,-14,-2,-13,-2,-13,-2,-11,-3,-13,-3,-11,-3,-11,-4,-11,-4,-11,-3,-11,-4,-13,-4,-11,-5,-13,-4,-13,-5,-13,0,0,-5,-13,-5,-13,-5,-14,-6,-14,-4,-13,-5,-14,-4,-14,-4,-13,-4,-14,-3,-14,-3,-14,-2,-13,-2,-13,-2,-13,-2,-13,-2,-11,-2,-13,-1,-11,-1,-11,-1,-10,0,-10,0,-10,1,-10,1,-9,1,-9,2,-8,0,0,0,0,0,0,0,0,0,0]"
[0;32mI (2719) csi_recv: compensate_gain 1.830206, agc_gain 26, fft_gain -16[0m
CSI_DATA,52180,14:c1:9f:28:c1:a0,-35,11,1,0,1,1,1,0,0,0,0,-98,0,11,2,2722814,0,47,0,128,0,"[0,0,0,0,0,0,0,0,0,0,0,0,-21,5,-21,7,-21,7,-21,5,-21,7,-20,7,-20,7,-20,7,-20,7,-18,9,-18,7,-18,9,-18,9,-18,9,-16,9,-18,10,-16,10,-16,9,-14,10,-16,10,-16,10,-16,12,-14,10,-14,12,-16,12,-16,12,0,0,-16,14,-16,14,-16,14,-16,14,-16,12,-16,12,-18,12,-16,12,-18,10,-16,10,-18,10,-16,9,-16,9,-16,9,-16,9,-16,9,-16,7,-14,7,-14,5,-14,5,-14,5,-14,3,-14,1,-14,1,-14,1,-12,1,0,0,0,0,0,0,0,0,0,0]"
[0;32mI (2729) csi_recv: compensate_gain 1.090184, agc_gain 33, fft_gain -26[0m
CSI_DATA,52181,14:c1:9f:28:c1:a0,-39,11,1,0,1,1,1,0,0,0,0,-98,0,11,2,2733852,0,47,0,128,0,"[0,0,0,0,0,0,0,0,0,0,0,0,4,11,5,10,6,11,5,11,5,10,4,9,5,10,5,9,5,9,6,9,5,10,6,9,6,9,6,8,6,8,7,9,7,7,7,7,8,7,8,7,7,7,8,7,7,7,9,7,8,8,9,7,0,0,9,8,9,8,9,8,9,8,8,8,9,8,9,9,8,8,8,8,8,9,8,9,7,8,6,8,7,8,6,9,6,8,6,9,5,8,5,8,4,8,4,8,3,8,3,8,3,8,2,8,1,7,0,0,0,0,0,0,0,0,0,0]"
[0;32mI (2749) csi_recv: compensate_gain 1.090184, agc_gain 33, fft_gain -26[0m
CSI_DATA,52182,14:c1:9f:28:c1:a0,-39,11,1,0,1,1,1,0,0,0,0,-98,0,11,2,2744800,0,47,0,128,0,"[0,0,0,0,0,0,0,0,0,0,0,0,10,-7,10,-7,10,-8,10,-7,9,-8,9,-7,9,-7,9,-7,9,-8,8,-8,9,-8,8,-9,8,-8,7,-9,7,-8,7,-10,6,-10,6,-9,6,-10,6,-10,6,-9,6,-10,6,-10,5,-11,6,-11,6,-11,0,0,6,-13,6,-13,6,-13,6,-13,6,-11,7,-11,7,-11,7,-11,7,-11,7,-10,7,-11,7,-10,7,-9,7,-9,7,-9,7,-9,7,-9,7,-8,7,-7,7,-7,7,-6,7,-6,7,-6,7,-6,7,-5,7,-4,0,0,0,0,0,0,0,0,0,0]"
[0;32mI (2759) csi_recv: compensate_gain 1.090184, agc_gain 33, fft_gain -26[0m
CSI_DATA,52183,14:c1:9f:28:c1:a0,-39,11,1,0,1,1,1,0,0,0,0,-98,0,11,2,2755805,0,47,0,128,0,"[0,0,0,0,0,0,0,0,0,0,0,0,13,-1,13,-2,13,-3,13,-2,11,-2,11,-2,11,-2,11,-3,11,-3,11,-3,11,-3,11,-4,11,-4,10,-4,10,-4,11,-5,10,-5,10,-5,9,-6,10,-5,10,-5,10,-6,9,-5,10,-7,11,-6,10,-7,0,0,10,-7,11,-7,11,-7,11,-7,10,-6,11,-7,11,-6,11,-6,11,-6,11,-6,11,-6,10,-5,10,-4,10,-4,10,-4,10,-4,10,-3,9,-3,9,-3,9,-2,9,-2,9,-2,9,-1,8,-1,8,0,7,0,0,0,0,0,0,0,0,0,0,0]"
[0;32mI (2769) csi_recv: compensate_gain 1.090184, agc_gain 33, fft_gain -26[0m
CSI_DATA,52184,14:c1:9f:28:c1:a0,-39,11,1,0,1,1,1,0,0,0,0,-98,0,11,2,2766825,0,47,0,128,0,"[0,0,0,0,0,0,0,0,0,0,0,0,6,10,7,10,7,9,7,10,7,9,7,9,7,9,7,8,7,8,8,8,8,8,8,8,8,8,8,7,8,7,9,7,9,6,8,6,9,5,9,6,9,6,9,6,9,5,10,5,11,6,11,5,0,0,11,5,11,6,11,6,11,5,10,6,11,6,11,6,10,6,10,6,10,6,10,7,9,7,9,7,9,7,8,7,8,7,8,7,7,6,7,7,6,6,6,7,5,7,5,7,5,7,4,7,3,7,0,0,0,0,0,0,0,0,0,0]"
[0;32mI (2779) csi_recv: compensate_gain 1.090184, agc_gain 33, fft_gain -26[0m
CSI_DATA,52185,14:c1:9f:28:c1:a0,-39,11,1,0,1,1,1,0,0,0,0,-98,0,11,2,2777810,0,47,0,128,0,"[0,0,0,0,0,0,0,0,0,0,0,0,10,7,10,7,10,6,10,7,10,6,9,6,9,6,9,5,9,6,10,5,10,5,10,4,10,4,10,4,9,4,11,4,10,3,10,3,10,2,10,3,10,3,11,2,10,2,13,1,13,2,13,1,0,0,13,2,13,2,13,2,13,2,11,2,13,3,13,3,13,3,13,3,11,3,13,3,11,3,11,4,10,4,10,4,10,4,10,4,9,4,8,4,8,4,8,5,7,5,7,5,7,5,6,5,5,5,0,0,0,0,0,0,0,0,0,0]"
[0;32mI (2789) csi_recv: compensate_gain 1.090184, agc_gain 33, fft_gain -26[0m
CSI_DATA,52186,14:c1:9f:28:c1:a0,-39,11,1,0,1,1,1,0,0,0,0,-98,0,11,2,2788830,0,47,0,128,0,"[0,0,0,0,0,0,0,0,0,0,0,0,-1,13,-1,13,0,13,-1,13,0,13,0,11,0,11,0,11,0,11,1,11,1,11,2,11,1,11,2,11,1,10,2,11,3,10,2,10,3,10,3,10,3,10,3,10,3,10,4,10,4,11,4,11,0,0,4,11,4,11,4,11,5,13,4,11,4,13,3,13,3,11,3,13,3,11,3,13,2,11,2,11,2,11,1,10,1,11,1,10,1,10,0,10,0,9,-1,9,-1,9,-1,8,-1,8,-2,8,-2,7,0,0,0,0,0,0,0,0,0,0]"
[0;32mI (2799) csi_recv: compensate_gain 1.059254, agc_gain 33, fft_gain -25[0m
CSI_DATA,52187,14:c1:9f:28:c1:a0,-39,11,1,0,1,1,1,0,0,0,0,-98,0,11,2,2799841,0,47,0,128,0,"[0,0,0,0,0,0,0,0,0,0,0,0,-8,9,-7,9,-7,10,-8,9,-7,10,-7,9,-7,9,-6,9,-6,9,-6,10,-6,10,-6,10,-6,10,-5,10,-5,9,-5,11,-4,10,-4,10,-3,10,-3,10,-4,10,-3,11,-3,10,-3,11,-3,12,-3,12,0,0,-3,12,-3,12,-3,12,-3,13,-3,11,-3,12,-4,12,-4,11,-4,12,-4,12,-4,11,-5,10,-5,10,-5,10,-5,10,-5,10,-5,10,-5,9,-5,9,-5,8,-6,8,-6,7,-6,7,-6,7,-6,6,-6,5,0,0,0,0,0,0,0,0,0,0]"
[0;32mI (2809) csi_recv: compensate_gain 1.000000, agc_gain 35, fft_gain -31[0m
CSI_DATA,52188,14:c1:9f:28:c1:a0,-40,11,1,0,1,1,1,0,0,0,0,-98,0,11,2,2810799,0,47,0,128,0,"[0,0,0,0,0,0,0,0,0,0,0,0,5,10,5,9,6,9,5,10,5,9,5,9,5,9,5,8,5,8,6,8,6,8,7,8,6,8,7,7,6,7,7,7,7,7,7,6,8,6,7,6,7,6,8,7,7,6,9,6,9,7,9,7,0,0,9,7,9,7,9,7,9,7,8,7,9,7,8,8,8,7,8,8,8,7,8,8,7,7,7,8,7,8,6,8,6,8,5,8,5,7,4,7,4,7,4,7,3,7,3,7,3,7,2,7,1,7,0,0,0,0,0,0,0,0,0,0]"
[0;32mI (2819) csi_recv: compensate_gain 1.090184, agc_gain 33, fft_gain -26[0m
CSI_DATA,52189,14:c1:9f:28:c1:a0,-39,11,1,0,1,1,1,0,0,0,0,-98,0,11,2,2821819,0,47,0,128,0,"[0,0,0,0,0,0,0,0,0,0,0,0,-2,13,-1,11,-1,13,-1,13,-1,13,-1,11,-1,11,0,11,0,11,1,11,0,11,1,11,1,11,1,11,1,10,2,11,2,10,2,10,3,10,3,10,2,10,3,10,3,10,4,10,4,11,4,11,0,0,4,11,4,13,4,11,5,13,4,11,4,13,3,13,3,11,3,11,3,11,3,13,2,11,2,11,2,10,1,11,1,10,1,11,1,10,0,10,0,9,0,9,-1,9,-1,9,-1,8,-2,8,-2,7,0,0,0,0,0,0,0,0,0,0]"
[0;32mI (2829) csi_recv: compensate_gain 1.090184, agc_gain 33, fft_gain -26[0m
CSI_DATA,52190,14:c1:9f:28:c1:a0,-39,11,1,0,1,1,1,0,0,0,0,-98,0,11,2,2832823,0,47,0,128,0,"[0,0,0,0,0,0,0,0,0,0,0,0,-6,10,-6,11,-5,13,-6,11,-5,11,-5,10,-5,10,-5,10,-5,10,-4,10,-5,11,-4,11,-4,10,-3,10,-3,10,-3,11,-2,10,-2,10,-1,11,-1,11,-2,10,-1,11,-2,10,0,11,-1,13,-1,13,0,0,-1,13,-1,13,-1,13,-1,14,-1,13,-1,13,-2,13,-2,13,-2,13,-2,13,-2,13,-3,11,-3,11,-3,11,-3,10,-3,10,-4,10,-4,9,-4,9,-4,8,-5,8,-5,8,-5,7,-5,7,-5,7,-5,6,0,0,0,0,0,0,0,0,0,0]"
[0;32mI (2839) csi_recv: compensate_gain 1.090184, agc_gain 33, fft_gain -26[0m
CSI_DATA,52191,14:c1:9f:28:c1:a0,-39,11,1,0,1,1,1,0,0,0,0,-98,0,11,2,2843816,0,47,0,128,0,"[0,0,0,0,0,0,0,0,0,0,0,0,-4,13,-3,13,-2,14,-3,13,-3,13,-3,11,-3,11,-2,11,-2,11,-1,11,-2,11,-1,13,-1,11,-1,11,-1,11,0,13,0,11,0,11,1,11,1,11,0,11,1,11,1,11,2,11,1,13,2,13,0,0,2,13,1,13,1,14,2,14,1,13,1,14,0,14,0,13,0,13,0,13,0,13,-1,11,-1,11,-1,11,-1,11,-2,11,-2,11,-2,10,-2,10,-2,9,-3,9,-3,9,-4,8,-4,8,-4,7,-4,7,0,0,0,0,0,0,0,0,0,0]"
[0;32mI (2859) csi_recv: compensate_gain 1.090184, agc_gain 33, fft_gain -26[0m
CSI_DATA,52192,14:c1:9f:28:c1:a0,-39,11,1,0,1,1,1,0,0,0,0,-98,0,11,2,2854819,0,47,0,128,0,"[0,0,0,0,0,0,0,0,0,0,0,0,-7,10,-6,10,-5,11,-6,11,-6,10,-5,10,-5,10,-5,10,-5,10,-4,10,-5,11,-4,11,-4,10,-3,10,-3,10,-3,11,-2,11,-2,10,-1,10,-2,11,-2,10,-1,11,-2,10,-1,11,-2,13,-1,13,0,0,-1,13,-1,13,-1,14,-1,14,-1,13,-2,13,-2,13,-2,13,-2,13,-2,13,-3,13,-3,11,-3,11,-3,11,-3,10,-4,10,-4,10,-4,9,-4,9,-4,8,-4,8,-5,8,-5,7,-5,7,-6,7,-6,6,0,0,0,0,0,0,0,0,0,0]"
[0;32mI (2869) csi_recv: compensate_gain 1.090184, agc_gain 33, fft_gain -26[0m
CSI_DATA,52193,14:c1:9f:28:c1:a0,-39,11,1,0,1,1,1,0,0,0,0,-98,0,11,2,2865797,0,47,0,128,0,"[0,0,0,0,0,0,0,0,0,0,0,0,2,13,3,11,3,11,3,13,3,11,3,10,3,10,3,10,3,10,4,10,4,10,4,10,4,10,5,9,4,9,6,10,6,9,5,8,7,8,6,8,6,8,7,9,6,8,8,8,7,9,8,9,0,0,8,9,8,9,8,9,8,9,8,9,7,9,7,10,7,9,7,10,7,9,7,10,6,9,6,9,6,9,5,9,5,9,5,9,4,9,4,8,3,8,3,8,3,8,2,8,2,8,1,8,1,7,0,0,0,0,0,0,0,0,0,0]"
[0;32mI (2879) csi_recv: compensate_gain 1.029201, agc_gain 33, fft_gain -24[0m
CSI_DATA,52194,14:c1:9f:28:c1:a0,-39,11,1,0,1,1,1,0,0,0,0,-98,0,11,2,2876814,0,47,0,128,0,"[0,0,0,0,0,0,0,0,0,0,0,0,-4,12,-3,12,-3,12,-4,12,-3,12,-3,11,-3,11,-3,11,-3,11,-2,11,-2,11,-1,12,-1,11,-1,11,-1,11,0,12,0,11,0,10,1,11,1,11,0,11,1,11,1,11,2,12,1,12,2,12,0,0,2,12,2,12,2,12,2,13,1,12,1,13,1,13,1,12,0,12,0,12,0,13,0,11,0,11,-1,11,-1,11,-1,11,-1,11,-1,10,-2,10,-2,9,-3,9,-3,9,-3,8,-3,8,-4,8,-4,7,0,0,0,0,0,0,0,0,0,0]"
[0;32mI (2889) csi_recv: compensate_gain 1.059254, agc_gain 33, fft_gain -25[0m
CSI_DATA,52195,14:c1:9f:28:c1:a0,-39,11,1,0,1,1,1,0,0,0,0,-98,0,11,2,2887807,0,47,0,128,0,"[0,0,0,0,0,0,0,0,0,0,0,0,-1,12,0,12,0,12,-1,12,0,11,0,11,0,11,0,11,0,11,1,11,1,11,1,11,1,11,2,11,1,10,3,11,3,10,3,10,4,10,3,10,3,10,4,10,3,10,5,10,4,11,4,11,0,0,5,11,5,11,5,12,5,11,4,11,4,12,4,12,3,11,3,12,3,11,3,12,2,11,2,11,2,11,1,10,1,11,1,10,1,10,0,10,0,9,-1,9,-1,9,-1,8,-1,8,-2,8,-3,7,0,0,0,0,0,0,0,0,0,0]"
[0;32mI (2899) csi_recv: compensate_gain 1.059254, agc_gain 33, fft_gain -25[0m
CSI_DATA,52196,14:c1:9f:28:c1:a0,-39,11,1,0,1,1,1,0,0,0,0,-98,0,11,2,2898801,0,47,0,128,0,"[0,0,0,0,0,0,0,0,0,0,0,0,2,12,3,12,3,12,3,12,3,11,3,11,3,11,3,11,3,11,4,10,3,11,4,11,4,10,4,10,4,10,6,10,6,9,5,9,6,9,6,9,6,9,7,9,6,9,7,9,7,10,7,10,0,0,8,10,8,10,8,10,8,10,7,9,7,10,7,10,7,10,7,10,6,10,6,10,5,10,5,10,5,10,5,10,5,10,4,10,4,9,4,9,3,9,3,9,2,9,2,9,1,8,0,8,0,8,0,0,0,0,0,0,0,0,0,0]"
[0;32mI (2909) csi_recv: compensate_gain 1.059254, agc_gain 33, fft_gain -25[0m
CSI_DATA,52197,14:c1:9f:28:c1:a0,-39,11,1,0,1,1,1,0,0,0,0,-98,0,11,2,2909811,0,47,0,128,0,"[0,0,0,0,0,0,0,0,0,0,0,0,-2,12,-2,12,-1,13,-2,12,-2,12,-1,11,-1,11,-1,11,-1,11,0,11,-1,12,0,12,0,11,0,11,0,11,1,12,2,11,2,10,2,11,2,11,2,10,2,11,2,10,3,11,3,12,3,12,0,0,4,12,3,12,3,12,4,12,3,11,3,12,2,12,2,12,2,12,2,12,1,12,1,11,1,11,1,11,0,11,0,11,0,11,0,10,-1,10,-1,9,-2,9,-2,9,-2,9,-2,8,-3,8,-3,7,0,0,0,0,0,0,0,0,0,0]"
[0;32mI (2919) csi_recv: compensate_gain 1.059254, agc_gain 33, fft_gain -25[0m
CSI_DATA,52198,14:c1:9f:28:c1:a0,-39,11,1,0,1,1,1,0,0,0,0,-98,0,11,2,2920813,0,47,0,128,0,"[0,0,0,0,0,0,0,0,0,0,0,0,-2,12,-1,12,0,12,-1,12,-1,11,-1,11,-1,11,0,11,-1,11,1,11,0,11,1,11,1,11,2,11,1,10,2,11,3,10,2,10,3,10,3,10,2,10,3,11,3,10,4,10,4,11,5,11,0,0,4,11,4,11,4,12,5,11,4,11,4,12,3,12,3,11,3,12,3,11,3,12,2,11,2,11,2,11,1,10,1,11,1,10,1,10,0,10,0,9,0,9,-1,9,-1,8,-1,8,-2,8,-2,7,0,0,0,0,0,0,0,0,0,0]"
[0;32mI (2929) csi_recv: compensate_gain 1.059254, agc_gain 33, fft_gain -25[0m
CSI_DATA,52199,14:c1:9f:28:c1:a0,-39,11,1,0,1,1,1,0,0,0,0,-98,0,11,2,2931821,0,47,0,128,0,"[0,0,0,0,0,0,0,0,0,0,0,0,-5,11,-4,10,-4,12,-5,11,-4,11,-4,10,-4,11,-4,10,-4,10,-3,11,-4,11,-3,11,-3,11,-2,11,-2,10,-2,12,-1,10,-1,10,0,10,-1,11,-1,10,0,11,-1,11,1,11,0,12,0,12,0,0,0,12,0,12,0,12,1,13,0,11,0,12,-1,12,-1,12,-1,12,-1,12,-2,12,-2,11,-2,11,-2,11,-2,10,-2,10,-3,11,-3,9,-3,9,-3,9,-4,9,-4,8,-4,8,-4,7,-5,7,-5,6,0,0,0,0,0,0,0,0,0,0]"
[0;32mI (2939) csi_recv: compensate_gain 1.059254, agc_gain 33, fft_gain -25[0m
CSI_DATA,52200,14:c1:9f:28:c1:a0,-39,11,1,0,1,1,1,0,0,0,0,-98,0,11,2,2942805,0,47,0,128,0,"[0,0,0,0,0,0,0,0,0,0,0,0,3,12,3,12,4,12,3,12,3,11,3,11,3,11,4,11,4,10,5,10,4,11,5,10,5,10,5,10,5,9,6,10,6,9,6,9,7,8,6,9,6,9,7,9,7,8,8,8,8,9,8,9,0,0,8,9,8,9,8,9,9,9,8,9,8,10,8,10,7,9,7,10,7,10,7,10,6,9,6,9,6,9,5,9,5,9,5,10,5,9,4,9,4,8,3,9,3,8,2,8,2,8,1,8,1,8,0,0,0,0,0,0,0,0,0,0]"
[0;32mI (2949) csi_recv: compensate_gain 1.029201, agc_gain 33, fft_gain -24[0m
CSI_DATA,52201,14:c1:9f:28:c1:a0,-39,11,1,0,1,1,1,0,0,0,0,-98,0,11,2,2953798,0,47,0,128,0,"[0,0,0,0,0,0,0,0,0,0,0,0,7,10,7,9,8,9,7,10,7,9,7,9,7,8,7,8,7,8,8,7,8,8,9,7,8,7,8,7,8,7,9,7,9,6,8,6,9,5,9,6,9,6,10,6,9,5,10,4,10,6,11,5,0,0,11,5,10,6,11,6,11,5,10,5,11,6,10,7,10,6,10,7,9,6,10,7,9,6,9,7,9,7,7,7,8,7,7,7,7,6,7,7,6,6,6,7,5,7,5,7,5,7,4,7,3,7,0,0,0,0,0,0,0,0,0,0]"
[0;32mI (2969) csi_recv: compensate_gain 1.059254, agc_gain 33, fft_gain -25[0m
CSI_DATA,52202,14:c1:9f:28:c1:a0,-39,11,1,0,1,1,1,0,0,0,0,-98,0,11,2,2964819,0,47,0,128,0,"[0,0,0,0,0,0,0,0,0,0,0,0,-2,12,-1,12,0,13,-1,12,-1,12,-1,11,-1,11,0,11,0,11,1,11,0,12,1,12,1,11,1,11,1,10,2,12,2,10,2,10,3,10,3,11,2,10,3,11,3,10,4,11,3,12,4,11,0,0,4,12,4,12,4,12,4,12,3,11,3,12,3,12,3,12,2,12,2,12,2,12,1,11,1,11,1,11,1,11,0,11,0,11,0,10,0,10,0,9,-1,9,-1,9,-2,9,-2,8,-3,8,-3,7,0,0,0,0,0,0,0,0,0,0]"
[0;32mI (2979) csi_recv: compensate_gain 1.059254, agc_gain 33, fft_gain -25[0m
CSI_DATA,52203,14:c1:9f:28:c1:a0,-39,11,1,0,1,1,1,0,0,0,0,-98,0,11,2,2975821,0,47,0,128,0,"[0,0,0,0,0,0,0,0,0,0,0,0,0,12,0,12,1,12,0,12,1,12,1,11,1,11,1,11,1,11,2,11,1,11,2,11,2,11,3,11,2,10,4,11,4,10,4,10,5,10,4,10,4,10,5,10,4,10,6,10,5,11,6,11,0,0,6,11,6,11,6,11,6,11,5,11,5,11,5,11,5,11,5,11,4,11,4,11,3,11,3,11,3,11,3,10,3,10,2,11,2,10,1,10,1,9,0,9,0,9,0,9,0,9,-1,8,-2,8,0,0,0,0,0,0,0,0,0,0]"
[0;32mI (2989) csi_recv: compensate_gain 1.029201, agc_gain 33, fft_gain -24[0m
CSI_DATA,52204,14:c1:9f:28:c1:a0,-39,11,1,0,1,1,1,0,0,0,0,-98,0,11,2,2986809,0,47,0,128,0,"[0,0,0,0,0,0,0,0,0,0,0,0,6,10,6,9,7,10,6,10,6,9,6,9,6,9,6,8,6,9,7,8,7,9,8,8,7,8,8,8,7,7,8,8,8,6,8,6,8,6,9,6,8,7,9,6,8,6,10,6,10,7,10,6,0,0,10,6,10,7,10,7,10,7,10,7,10,7,10,7,9,7,9,7,9,7,9,8,8,8,8,8,8,8,7,8,7,8,7,8,6,7,6,7,5,7,5,8,4,7,4,8,4,8,3,7,2,7,0,0,0,0,0,0,0,0,0,0]"
[0;32mI (2999) csi_recv: compensate_gain 1.059254, agc_gain 33, fft_gain -25[0m
CSI_DATA,52205,14:c1:9f:28:c1:a0,-39,11,1,0,1,1,1,0,0,0,0,-98,0,11,2,2997811,0,47,0,128,0,"[0,0,0,0,0,0,0,0,0,0,0,0,8,9,8,8,9,9,8,9,8,8,8,8,8,8,8,7,8,8,9,7,9,7,9,7,9,7,9,6,8,6,10,6,10,5,9,5,10,4,10,4,9,5,10,4,9,4,11,4,11,5,11,4,0,0,12,4,12,4,12,4,12,4,11,4,12,5,11,5,11,5,11,5,10,5,11,6,10,6,10,6,10,6,9,6,9,6,9,6,8,6,8,6,7,6,7,6,6,6,6,6,6,6,5,6,4,6,0,0,0,0,0,0,0,0,0,0]"
[0;32mI (3009) csi_recv: compensate_gain 1.090184, agc_gain 33, fft_gain -26[0m
CSI_DATA,52206,14:c1:9f:28:c1:a0,-39,11,1,0,1,1,1,0,0,0,0,-98,0,11,2,3011595,0,47,0,128,0,"[0,0,0,0,0,0,0,0,0,0,0,0,13,2,13,2,13,1,13,2,13,1,11,1,11,1,11,1,11,1,11,0,11,1,13,0,11,0,11,-1,10,0,13,-1,11,-2,10,-2,10,-2,11,-2,11,-2,11,-2,11,-2,11,-4,13,-3,13,-3,0,0,13,-3,13,-3,13,-3,13,-3,13,-3,13,-2,13,-2,13,-2,13,-2,13,-1,13,-2,11,-1,11,-1,11,-1,11,0,11,0,11,1,10,0,10,1,9,1,9,2,8,2,8,2,8,2,7,3,7,3,0,0,0,0,0,0,0,0,0,0]"
[0;32mI (3019) csi_recv: compensate_gain 1.090184, agc_gain 33, fft_gain -26[0m
CSI_DATA,52207,14:c1:9f:28:c1:a0,-39,11,1,0,1,1,1,0,0,0,0,-98,0,11,2,3019807,0,47,0,128,0,"[0,0,0,0,0,0,0,0,0,0,0,0,13,2,11,2,13,1,13,2,11,2,11,1,11,1,11,1,11,1,11,0,11,1,11,0,11,0,11,-1,10,-1,13,-2,10,-2,10,-2,10,-3,11,-2,10,-2,11,-3,10,-3,11,-4,13,-3,13,-4,0,0,13,-4,13,-4,13,-4,13,-4,11,-3,13,-3,13,-3,13,-3,13,-2,13,-2,13,-2,11,-1,11,-1,11,-1,11,-1,10,-1,11,0,10,-1,10,0,9,0,9,1,9,1,9,1,8,1,8,2,7,2,0,0,0,0,0,0,0,0,0,0]"
[0;32mI (3029) csi_recv: compensate_gain 1.059254, agc_gain 33, fft_gain -25[0m
CSI_DATA,52208,14:c1:9f:28:c1:a0,-39,11,1,0,1,1,1,0,0,0,0,-98,0,11,2,3030818,0,47,0,128,0,"[0,0,0,0,0,0,0,0,0,0,0,0,11,5,11,4,12,4,11,5,11,4,10,4,11,4,11,3,11,3,11,2,11,3,11,2,11,2,11,2,10,2,12,1,11,0,10,1,11,0,11,0,11,0,11,0,11,0,12,-1,12,0,12,-1,0,0,12,-1,13,0,13,-1,13,-1,12,0,13,0,13,0,12,0,12,1,12,1,12,1,11,1,11,2,11,2,10,2,11,2,10,2,10,2,9,2,9,3,9,3,8,3,8,4,8,4,7,4,6,4,0,0,0,0,0,0,0,0,0,0]"
[0;32mI (3039) csi_recv: compensate_gain 1.059254, agc_gain 33, fft_gain -25[0m
CSI_DATA,52209,14:c1:9f:28:c1:a0,-39,11,1,0,1,1,1,0,0,0,0,-98,0,11,2,3041802,0,47,0,128,0,"[0,0,0,0,0,0,0,0,0,0,0,0,12,-5,11,-5,11,-6,12,-5,11,-5,10,-5,10,-5,10,-6,10,-6,10,-6,10,-6,10,-7,10,-7,9,-7,9,-7,9,-8,8,-8,8,-7,8,-8,8,-8,8,-8,8,-9,7,-8,8,-10,9,-10,8,-10,0,0,8,-10,8,-10,9,-10,8,-10,8,-9,9,-10,9,-9,9,-9,9,-9,9,-9,9,-9,9,-8,9,-8,9,-8,9,-7,9,-7,9,-7,8,-6,8,-6,8,-5,8,-5,8,-4,8,-4,8,-4,8,-3,7,-3,0,0,0,0,0,0,0,0,0,0]"
[0;32mI (3049) csi_recv: compensate_gain 1.059254, agc_gain 33, fft_gain -25[0m
CSI_DATA,52210,14:c1:9f:28:c1:a0,-39,11,1,0,1,1,1,0,0,0,0,-98,0,11,2,3052804,0,47,0,128,0,"[0,0,0,0,0,0,0,0,0,0,0,0,10,-7,9,-7,10,-8,10,-7,9,-7,9,-7,9,-7,9,-7,8,-7,8,-8,9,-8,8,-8,8,-8,8,-8,7,-8,7,-9,6,-9,6,-9,6,-9,6,-9,6,-9,6,-10,6,-9,6,-11,7,-10,6,-11,0,0,6,-11,6,-11,6,-11,6,-12,6,-11,7,-11,7,-11,7,-10,7,-10,7,-10,8,-10,7,-9,7,-9,7,-9,7,-8,7,-8,8,-8,7,-8,7,-7,7,-6,7,-6,7,-6,7,-5,7,-5,7,-4,7,-3,0,0,0,0,0,0,0,0,0,0]"
[0;32mI (3059) csi_recv: compensate_gain 1.059254, agc_gain 33, fft_gain -25[0m
CSI_DATA,52211,14:c1:9f:28:c1:a0,-39,11,1,0,1,1,1,0,0,0,0,-98,0,11,2,3063830,0,47,0,128,0,"[0,0,0,0,0,0,0,0,0,0,0,0,12,-1,12,-1,12,-2,12,-1,11,-2,11,-2,11,-2,11,-2,11,-2,10,-3,11,-3,11,-3,10,-3,10,-4,10,-4,11,-4,10,-5,9,-5,9,-6,10,-5,9,-5,10,-6,9,-5,9,-7,10,-7,10,-7,0,0,10,-7,10,-7,11,-7,10,-7,10,-6,11,-7,11,-6,10,-6,11,-6,10,-6,11,-6,10,-5,10,-5,10,-5,10,-4,10,-4,10,-4,9,-4,9,-3,9,-3,9,-2,8,-2,8,-1,8,-1,8,-1,7,0,0,0,0,0,0,0,0,0,0,0]"
[0;32mI (3079) csi_recv: compensate_gain 1.059254, agc_gain 33, fft_gain -25[0m
CSI_DATA,52212,14:c1:9f:28:c1:a0,-39,11,1,0,1,1,1,0,0,0,0,-98,0,11,2,3074823,0,47,0,128,0,"[0,0,0,0,0,0,0,0,0,0,0,0,10,-8,10,-8,9,-9,10,-8,9,-8,9,-8,9,-8,8,-8,8,-8,7,-9,8,-9,8,-9,8,-9,7,-9,7,-9,7,-10,6,-10,6,-9,5,-10,6,-10,6,-10,6,-11,5,-10,5,-11,6,-12,6,-12,0,0,6,-12,6,-12,6,-12,6,-12,6,-11,6,-12,7,-11,6,-11,7,-11,6,-11,7,-11,7,-10,7,-10,7,-10,7,-9,7,-9,7,-9,7,-8,7,-8,6,-7,7,-7,7,-6,7,-6,7,-6,7,-5,7,-4,0,0,0,0,0,0,0,0,0,0]"
[0;32mI (3089) csi_recv: compensate_gain 1.029201, agc_gain 33, fft_gain -24[0m
CSI_DATA,52213,14:c1:9f:28:c1:a0,-39,11,1,0,1,1,1,0,0,0,0,-98,0,11,2,3085807,0,47,0,128,0,"[0,0,0,0,0,0,0,0,0,0,0,0,1,-13,0,-13,-1,-13,0,-13,0,-13,0,-12,-1,-12,-1,-12,-1,-12,-2,-12,-1,-13,-2,-13,-2,-12,-2,-12,-2,-11,-3,-12,-4,-11,-4,-11,-5,-11,-4,-11,-4,-11,-5,-11,-4,-11,-6,-12,-5,-12,-6,-12,0,0,-6,-12,-6,-13,-6,-13,-6,-12,-6,-12,-6,-13,-5,-13,-5,-12,-5,-12,-5,-12,-5,-13,-4,-12,-4,-12,-4,-12,-3,-11,-3,-12,-3,-12,-3,-11,-2,-11,-2,-10,-1,-10,-1,-10,-1,-10,-1,-10,0,-9,0,-9,0,0,0,0,0,0,0,0,0,0]"
[0;32mI (3099) csi_recv: compensate_gain 1.059254, agc_gain 33, fft_gain -25[0m
CSI_DATA,52214,14:c1:9f:28:c1:a0,-39,11,1,0,1,1,1,0,0,0,0,-98,0,11,2,3096800,0,47,0,128,0,"[0,0,0,0,0,0,0,0,0,0,0,0,-8,-10,-9,-10,-9,-9,-9,-10,-8,-9,-8,-9,-8,-9,-9,-8,-9,-9,-9,-8,-9,-8,-10,-8,-9,-8,-9,-7,-9,-7,-10,-7,-10,-6,-10,-6,-10,-5,-10,-6,-10,-6,-11,-6,-10,-5,-12,-5,-12,-6,-12,-5,0,0,-12,-5,-12,-6,-12,-6,-12,-5,-11,-5,-12,-6,-12,-6,-11,-6,-11,-6,-11,-6,-11,-7,-10,-7,-10,-7,-10,-7,-9,-7,-9,-7,-9,-7,-8,-6,-8,-7,-8,-6,-7,-7,-7,-7,-7,-7,-6,-7,-5,-7,-5,-7,0,0,0,0,0,0,0,0,0,0]"
[0;32mI (3109) csi_recv: compensate_gain 1.029201, agc_gain 33, fft_gain -24[0m
CSI_DATA,52215,14:c1:9f:28:c1:a0,-39,11,1,0,1,1,1,0,0,0,0,-98,0,11,2,3107808,0,47,0,128,0,"[0,0,0,0,0,0,0,0,0,0,0,0,-9,-10,-9,-9,-10,-9,-9,-10,-9,-9,-9,-9,-9,-9,-9,-8,-9,-8,-10,-8,-10,-8,-10,-8,-10,-8,-10,-7,-9,-7,-11,-7,-10,-6,-10,-6,-11,-5,-11,-5,-10,-6,-11,-5,-11,-5,-12,-5,-12,-6,-12,-5,0,0,-12,-5,-13,-5,-13,-5,-13,-5,-12,-5,-12,-6,-12,-6,-12,-6,-12,-6,-12,-6,-12,-7,-11,-7,-10,-7,-10,-7,-10,-7,-10,-7,-10,-7,-9,-7,-8,-7,-8,-7,-7,-7,-7,-7,-7,-8,-6,-7,-6,-8,-5,-7,0,0,0,0,0,0,0,0,0,0]"
[0;32mI (3119) csi_recv: compensate_gain 1.090184, agc_gain 33, fft_gain -26[0m
CSI_DATA,52216,14:c1:9f:28:c1:a0,-39,11,1,0,1,1,1,0,0,0,0,-98,0,11,2,3118806,0,47,0,128,0,"[0,0,0,0,0,0,0,0,0,0,0,0,-13,-4,-13,-4,-14,-3,-14,-4,-13,-3,-13,-3,-13,-3,-11,-3,-13,-3,-13,-2,-13,-2,-13,-2,-13,-2,-13,-1,-11,-1,-14,-1,-13,0,-11,0,-13,1,-13,0,-11,0,-13,0,-11,0,-13,2,-14,1,-14,1,0,0,-14,1,-14,1,-14,1,-14,1,-14,1,-14,0,-14,0,-14,0,-14,-1,-14,0,-14,0,-13,-1,-13,-1,-13,-1,-11,-2,-13,-2,-11,-2,-11,-2,-10,-3,-10,-3,-9,-3,-9,-3,-9,-4,-9,-4,-8,-4,-7,-4,0,0,0,0,0,0,0,0,0,0]"
[0;32mI (3129) csi_recv: compensate_gain 1.059254, agc_gain 33, fft_gain -25[0m
CSI_DATA,52217,14:c1:9f:28:c1:a0,-39,11,1,0,1,1,1,0,0,0,0,-98,0,11,2,3129808,0,47,0,128,0,"[0,0,0,0,0,0,0,0,0,0,0,0,-12,1,-13,1,-12,2,-13,1,-12,2,-12,2,-12,2,-11,2,-11,2,-11,3,-12,3,-12,4,-11,3,-11,4,-11,3,-11,4,-10,5,-10,4,-10,5,-10,5,-10,4,-10,5,-9,5,-10,7,-11,6,-11,7,0,0,-11,7,-11,6,-12,7,-11,7,-11,6,-11,6,-12,6,-11,5,-11,5,-11,5,-12,5,-11,4,-11,4,-11,4,-10,3,-11,3,-10,3,-10,3,-10,2,-9,2,-10,1,-9,1,-9,1,-9,1,-9,0,-9,-1,0,0,0,0,0,0,0,0,0,0]"
