Command: /home/mayo/.espressif/python_env/idf5.5_py3.13_env/bin/python /home/mayo/esp/esp-idf/tools/idf_monitor.py -p /dev/ttyACM0 -b 921600 --toolchain-prefix xtensa-esp32s3-elf- --target esp32s3 --revision 0 /home/mayo/Documents/projects/csi_research/csi/csi_recv/build/csi_recv.elf /home/mayo/Documents/projects/csi_research/csi/csi_recv/build/bootloader/bootloader.elf -m '/home/mayo/.espressif/python_env/idf5.5_py3.13_env/bin/python' '/home/mayo/esp/esp-idf/tools/idf.py' '-b' '921600' '-p' '/dev/ttyACM0'
[0;32mI (149) esp_image: segment 4: paddr=000be878 vaddr=40376338 sizeESP-ROM:esp32s3-20210327[0m
Build:Mar 27 2021
rst:0x15 (USB_UART_CHIP_RESET),boot:0x8 (SPI_FAST_FLASH_BOOT)
Saved PC:0x40379dae
SPIWP:0xee
mode:DIO, clock div:1
load:0x3fce2820,len:0x14f0
load:0x403c8700,len:0xd30
load:0x403cb700,len:0x2ef0
entry 0x403c8928
[0;32mI (24) boot: ESP-IDF v5.5.3 2nd stage bootloader[0m
[0;32mI (24) boot: compile time Jul 27 2026 06:04:27[0m
[0;32mI (25) boot: Multicore bootloader[0m
[0;32mI (25) boot: chip revision: v0.2[0m
[0;32mI (25) boot: efuse block revision: v1.4[0m
[0;32mI (25) boot.esp32s3: Boot SPI Speed : 80MHz[0m
[0;32mI (26) boot.esp32s3: SPI Mode       : DIO[0m
[0;32mI (26) boot.esp32s3: SPI Flash Size : 2MB[0m
[0;32mI (27) boot: Enabling RNG early entropy source...[0m
[0;32mI (27) boot: Partition Table:[0m
[0;32mI (27) boot: ## Label            Usage          Type ST Offset   Length[0m
[0;32mI (28) boot:  0 nvs              WiFi data        01 02 0000b000 00006000[0m
[0;32mI (29) boot:  1 phy_init         RF data          01 01 00011000 00001000[0m
[0;32mI (30) boot:  2 factory          factory app      00 00 00020000 00100000[0m
[0;32mI (31) boot: End of partition table[0m
[0;32mI (31) esp_image: segment 0: paddr=00020020 vaddr=3c080020 size=18ec4h (102084) map[0m
[0;32mI (50) esp_image: segment 1: paddr=00038eec vaddr=3fc9a300 size=04dech ( 19948) load[0m
[0;32mI (55) esp_image: segment 2: paddr=0003dce0 vaddr=40374000 size=02338h (  9016) load[0m
[0;32mI (57) esp_image: segment 3: paddr=00040020 vaddr=42000020 size=7e850h (518224) map[0m
[0;32mI (149) esp_image: segment 4: paddr=000be878 vaddr=40376338 size=13f74h ( 81780) load[0m
[0;32mI (167) esp_image: segment 5: paddr=000d27f4 vaddr=50000000 size=00020h (    32) load[0m
[0;32mI (176) boot: Loaded app from partition at offset 0x20000[0m
[0;32mI (176) boot: Disabling RNG early entropy source...[0m
[0;32mI (178) cpu_start: Multicore app[0m
[0;32mI (187) cpu_start: GPIO 44 and 43 are used as console UART I/O pins[0m
[0;32mI (187) cpu_start: Pro cpu start user code[0m
[0;32mI (187) cpu_start: cpu freq: 160000000 Hz[0m
[0;32mI (188) app_init: Application information:[0m
[0;32mI (188) app_init: Project name:     csi_recv[0m
[0;32mI (188) app_init: App version:      1[0m
[0;32mI (188) app_init: Compile time:     Jul 27 2026 06:04:16[0m
[0;32mI (189) app_init: ELF file SHA256:  532a5ac3f...[0m
[0;32mI (189) app_init: ESP-IDF:          v5.5.3[0m
[0;32mI (190) efuse_init: Min chip rev:     v0.0[0m
[0;32mI (190) efuse_init: Max chip rev:     v0.99 [0m
[0;32mI (191) efuse_init: Chip rev:         v0.2[0m
[0;32mI (192) heap_init: Initializing. RAM available for dynamic allocation:[0m
[0;32mI (192) heap_init: At 3FCA2E48 len 000468C8 (282 KiB): RAM[0m
[0;32mI (193) heap_init: At 3FCE9710 len 00005724 (21 KiB): RAM[0m
[0;32mI (194) heap_init: At 3FCF0000 len 00008000 (32 KiB): DRAM[0m
[0;32mI (194) heap_init: At 600FE000 len 00001FE8 (7 KiB): RTCRAM[0m
[0;32mI (196) spi_flash: detected chip: boya[0m
[0;32mI (196) spi_flash: flash io: dio[0m
[0;33mW (196) spi_flash: Detected size(16384k) larger than the size in the binary image header(2048k). Using the size in the binary image header.[0m
[0;32mI (198) sleep_gpio: Configure to isolate all GPIO pins in sleep state[0m
[0;32mI (198) sleep_gpio: Enable automatic switching of GPIO sleep configuration[0m
[0;32mI (199) main_task: Started on CPU0[0m
[0;32mI (209) main_task: Calling app_main()[0m
[0;32mI (229) pp: pp rom version: e7ae62f[0m
[0;32mI (229) net80211: net80211 rom version: e7ae62f[0m
[0;32mI (239) wifi:wifi driver task: 3fceeb20, prio:23, stack:6656, core=0[0m
[0;32mI (239) wifi:wifi firmware version: 4df78f2[0m
[0;32mI (239) wifi:wifi certification version: v7.0[0m
[0;32mI (239) wifi:config NVS flash: enabled[0m
[0;32mI (239) wifi:config nano formatting: disabled[0m
[0;32mI (249) wifi:Init data frame dynamic rx buffer num: 128[0m
[0;32mI (249) wifi:Init static rx mgmt buffer num: 5[0m
[0;32mI (249) wifi:Init management short buffer num: 32[0m
[0;32mI (249) wifi:Init dynamic tx buffer num: 32[0m
[0;32mI (249) wifi:Init static tx FG buffer num: 2[0m
[0;32mI (249) wifi:Init static rx buffer size: 2212[0m
[0;32mI (249) wifi:Init static rx buffer num: 10[0m
[0;32mI (249) wifi:Init dynamic rx buffer num: 128[0m
[0;32mI (249) wifi_init: rx ba win: 6[0m
[0;32mI (249) wifi_init: accept mbox: 6[0m
[0;32mI (249) wifi_init: tcpip mbox: 32[0m
[0;32mI (249) wifi_init: udp mbox: 6[0m
[0;32mI (249) wifi_init: tcp mbox: 6[0m
[0;32mI (249) wifi_init: tcp tx win: 5760[0m
[0;32mI (249) wifi_init: tcp rx win: 5760[0m
[0;32mI (249) wifi_init: tcp mss: 1440[0m
[0;32mI (249) wifi_init: WiFi IRAM OP enabled[0m
[0;32mI (249) wifi_init: WiFi RX IRAM OP enabled[0m
[0;32mI (249) phy_init: phy_version 711,97bcf0a2,Aug 25 2025,19:04:10[0m
[0;32mI (289) phy_init: Saving new calibration data due to checksum failure or outdated calibration data, mode(0)[0m
[0;32mI (299) wifi:mode : sta (14:c1:9f:28:99:dc)[0m
[0;32mI (299) wifi:enable tsf[0m
[0;32mI (309) wifi:Set ps type: 0, coexist: 0[0m

[0;32mI (309) wifi:enable tsf[0m
[0;32mI (309) ESPNOW: espnow [version: 2.0] init[0m
[0;32mI (309) wifi:ic_enable_sniffer[0m
[0;32mI (309) main_task: Returned from app_main()[0m
[0;32mI (319) csi_recv: compensate_gain 1.000000, agc_gain 0, fft_gain -17[0m
[0;32mI (319) csi_recv: ================ CSI RECV ================[0m
type,id,mac,rssi,rate,sig_mode,mcs,bandwidth,smoothing,not_sounding,aggregation,stbc,fec_coding,sgi,noise_floor,ampdu_cnt,channel,secondary_channel,local_timestamp,ant,sig_len,rx_state,len,first_word,data
CSI_DATA,32753,14:c1:9f:28:c1:a0,-10,11,1,0,1,1,1,0,0,0,0,-97,0,11,2,315022,0,47,0,128,0,"[0,0,0,0,0,0,0,0,0,0,0,0,9,6,8,5,11,6,10,7,9,4,7,4,8,4,6,2,7,4,8,1,9,5,10,3,8,3,8,2,7,1,10,3,9,1,9,-1,9,0,8,0,6,-1,9,0,7,-2,10,0,10,1,9,1,0,0,10,-1,10,1,10,2,13,-1,9,-1,9,0,10,-1,8,-1,11,-1,8,0,10,3,8,1,10,1,8,1,8,2,8,4,8,3,7,1,5,2,7,1,5,2,6,2,5,2,5,4,5,3,5,3,0,0,0,0,0,0,0,0,0,0]"
[0;32mI (329) csi_recv: compensate_gain 1.000000, agc_gain 0, fft_gain -17[0m
CSI_DATA,32754,14:c1:9f:28:c1:a0,-10,11,1,0,1,1,1,0,0,0,0,-97,0,11,2,325922,0,47,0,128,0,"[0,0,0,0,0,0,0,0,0,0,0,0,-10,-6,-9,-5,-13,-6,-11,-7,-10,-4,-9,-4,-9,-5,-8,-3,-9,-4,-10,-1,-10,-6,-12,-4,-10,-4,-10,-2,-9,-1,-11,-3,-11,-2,-10,1,-11,0,-9,0,-7,0,-10,0,-8,2,-12,-1,-12,-2,-10,-2,0,0,-11,1,-12,-2,-12,-2,-15,1,-11,1,-11,-1,-12,0,-9,0,-12,0,-9,-1,-11,-4,-9,-2,-11,-2,-9,-2,-9,-3,-9,-5,-10,-4,-9,-2,-6,-3,-8,-2,-6,-3,-7,-3,-6,-3,-6,-5,-6,-4,-6,-4,0,0,0,0,0,0,0,0,0,0]"
[0;32mI (339) csi_recv: compensate_gain 1.000000, agc_gain 0, fft_gain -17[0m
CSI_DATA,32755,14:c1:9f:28:c1:a0,-10,11,1,0,1,1,1,0,0,0,0,-97,0,11,2,336915,0,47,0,128,0,"[0,0,0,0,0,0,0,0,0,0,0,0,9,-7,8,-7,10,-9,11,-7,7,-7,7,-6,7,-7,5,-6,7,-6,5,-8,9,-7,7,-9,7,-7,6,-8,4,-7,7,-9,6,-9,3,-9,4,-10,3,-8,2,-6,4,-9,1,-8,5,-10,6,-10,5,-8,0,0,4,-11,6,-10,7,-10,5,-14,3,-10,5,-9,4,-11,3,-8,5,-11,4,-8,8,-9,5,-7,6,-9,5,-7,6,-6,8,-6,7,-7,5,-7,4,-4,5,-7,4,-4,5,-5,5,-4,6,-3,5,-4,5,-4,0,0,0,0,0,0,0,0,0,0]"
[0;32mI (349) csi_recv: compensate_gain 1.000000, agc_gain 0, fft_gain -17[0m
CSI_DATA,32756,14:c1:9f:28:c1:a0,-10,11,1,0,1,1,1,0,0,0,0,-97,0,11,2,347926,0,47,0,128,0,"[0,0,0,0,0,0,0,0,0,0,0,0,1,11,1,9,2,13,1,12,2,10,1,8,2,9,2,7,2,9,4,8,1,10,4,10,2,9,4,8,4,6,4,10,5,8,6,7,6,7,5,6,4,4,6,7,6,4,6,9,6,9,5,8,0,0,7,7,6,9,5,9,9,10,7,6,6,7,7,8,5,6,7,9,5,7,4,10,4,7,5,9,4,7,3,8,1,9,2,9,3,7,1,5,3,7,1,5,2,6,1,6,0,7,1,6,0,6,0,0,0,0,0,0,0,0,0,0]"
[0;32mI (359) csi_recv: compensate_gain 1.000000, agc_gain 0, fft_gain -18[0m
CSI_DATA,32757,14:c1:9f:28:c1:a0,-9,11,1,0,1,1,1,0,0,0,0,-97,0,11,2,358937,0,47,0,128,0,"[0,0,0,0,0,0,0,0,0,0,0,0,-10,-6,-10,-5,-13,-6,-12,-7,-10,-5,-9,-5,-9,-5,-8,-3,-9,-4,-10,-2,-10,-6,-12,-4,-10,-4,-10,-2,-8,-2,-11,-3,-11,-2,-10,0,-10,-1,-9,-1,-7,-1,-10,-1,-8,1,-12,-2,-12,-2,-10,-2,0,0,-12,0,-12,-3,-12,-3,-15,-1,-11,0,-11,-2,-12,-1,-9,-1,-12,-1,-9,-1,-11,-5,-9,-3,-11,-3,-9,-3,-8,-4,-9,-6,-9,-5,-8,-4,-6,-4,-8,-3,-5,-4,-7,-4,-6,-4,-6,-6,-6,-5,-5,-5,0,0,0,0,0,0,0,0,0,0]"
[0;32mI (369) csi_recv: compensate_gain 1.000000, agc_gain 0, fft_gain -18[0m
CSI_DATA,32758,14:c1:9f:28:c1:a0,-10,11,1,0,1,1,1,0,0,0,0,-97,0,11,2,369925,0,47,0,128,0,"[0,0,0,0,0,0,0,0,0,0,0,0,10,-4,9,-4,12,-6,12,-4,9,-5,8,-4,8,-4,6,-5,8,-4,7,-7,10,-4,9,-7,9,-5,7,-6,5,-6,9,-7,8,-7,5,-8,6,-8,5,-7,4,-6,6,-8,3,-8,8,-8,8,-8,7,-7,0,0,6,-9,9,-8,9,-7,9,-12,6,-8,7,-7,7,-9,5,-7,8,-9,6,-7,9,-6,7,-6,8,-7,6,-5,7,-5,9,-3,9,-4,7,-5,5,-3,6,-5,5,-3,6,-3,6,-3,7,-1,6,-2,6,-2,0,0,0,0,0,0,0,0,0,0]"
[0;32mI (379) csi_recv: compensate_gain 1.000000, agc_gain 0, fft_gain -17[0m
CSI_DATA,32759,14:c1:9f:28:c1:a0,-9,11,1,0,1,1,1,0,0,0,0,-97,0,11,2,380936,0,47,0,128,0,"[0,0,0,0,0,0,0,0,0,0,0,0,-5,10,-4,9,-4,13,-6,11,-3,10,-3,8,-3,9,-1,7,-3,8,0,9,-4,10,-2,11,-3,9,-1,9,0,7,-1,11,0,10,2,9,1,9,1,8,1,6,1,9,3,6,0,11,0,11,0,9,0,0,2,10,0,11,-1,11,3,14,2,9,1,10,2,10,1,8,2,11,1,9,-2,11,-1,8,0,10,-1,8,-2,8,-3,9,-3,9,-1,8,-2,6,-1,8,-2,5,-2,6,-2,6,-4,6,-3,6,-3,6,0,0,0,0,0,0,0,0,0,0]"
[0;32mI (389) csi_recv: compensate_gain 1.000000, agc_gain 0, fft_gain -18[0m
CSI_DATA,32760,14:c1:9f:28:c1:a0,-10,11,1,0,1,1,1,0,0,0,0,-97,0,11,2,391947,0,47,0,128,0,"[0,0,0,0,0,0,0,0,0,0,0,0,-6,-11,-6,-10,-8,-12,-6,-12,-6,-9,-5,-9,-6,-9,-6,-6,-6,-8,-8,-6,-6,-10,-8,-9,-7,-8,-7,-7,-7,-6,-8,-8,-8,-7,-9,-5,-9,-6,-8,-5,-6,-4,-9,-6,-8,-2,-9,-7,-9,-8,-8,-7,0,0,-10,-6,-9,-8,-9,-9,-13,-8,-10,-5,-9,-6,-10,-6,-8,-5,-11,-7,-8,-5,-8,-9,-7,-6,-9,-8,-7,-7,-6,-7,-5,-9,-6,-9,-6,-7,-4,-6,-6,-6,-4,-5,-5,-6,-4,-6,-3,-8,-3,-6,-3,-7,0,0,0,0,0,0,0,0,0,0]"
[0;32mI (399) csi_recv: compensate_gain 1.000000, agc_gain 0, fft_gain -17[0m
CSI_DATA,32761,14:c1:9f:28:c1:a0,-10,11,1,0,1,1,1,0,0,0,0,-97,0,11,2,402940,0,47,0,128,0,"[0,0,0,0,0,0,0,0,0,0,0,0,10,4,9,3,13,3,11,5,10,2,8,2,9,2,7,0,8,2,9,-1,10,3,11,1,9,2,9,0,7,-1,11,1,10,0,9,-3,9,-2,8,-2,6,-2,9,-1,6,-3,10,-1,11,-1,9,0,0,0,10,-3,11,0,11,0,14,-3,10,-3,10,-1,11,-2,8,-2,11,-2,9,-1,11,2,8,0,11,0,8,0,8,1,8,3,9,3,8,1,5,1,7,0,5,2,6,2,5,2,6,4,6,3,5,3,0,0,0,0,0,0,0,0,0,0]"
[0;32mI (409) csi_recv: compensate_gain 1.000000, agc_gain 0, fft_gain -18[0m
CSI_DATA,32762,14:c1:9f:28:c1:a0,-9,11,1,0,1,1,1,0,0,0,0,-97,0,11,2,413948,0,47,0,128,0,"[0,0,0,0,0,0,0,0,0,0,0,0,-11,4,-10,4,-12,6,-12,4,-9,5,-9,4,-9,4,-7,4,-9,4,-7,6,-10,4,-10,6,-9,4,-8,6,-6,5,-9,6,-8,6,-6,7,-6,7,-6,6,-5,5,-7,7,-4,6,-8,7,-9,7,-7,6,0,0,-7,8,-9,7,-9,7,-9,11,-6,8,-8,7,-8,8,-6,6,-8,8,-7,6,-10,5,-7,5,-9,6,-7,4,-8,4,-10,3,-10,4,-8,4,-6,2,-7,4,-6,1,-7,2,-6,1,-8,0,-7,1,-7,1,0,0,0,0,0,0,0,0,0,0]"
[0;32mI (429) csi_recv: compensate_gain 1.000000, agc_gain 0, fft_gain -18[0m
CSI_DATA,32763,14:c1:9f:28:c1:a0,-9,11,1,0,1,1,1,0,0,0,0,-97,0,11,2,424914,0,47,0,128,0,"[0,0,0,0,0,0,0,0,0,0,0,0,9,-8,8,-7,10,-10,10,-8,7,-8,6,-6,7,-7,4,-7,6,-7,4,-9,8,-7,7,-10,7,-8,5,-9,4,-7,6,-9,5,-9,3,-10,3,-9,3,-8,2,-7,4,-9,0,-8,5,-10,5,-11,4,-9,0,0,3,-11,6,-10,6,-10,5,-14,3,-10,4,-10,4,-11,3,-9,4,-12,3,-9,7,-9,5,-8,6,-10,5,-8,6,-7,8,-6,7,-7,5,-7,4,-5,4,-7,4,-4,5,-5,5,-4,6,-4,5,-4,5,-4,0,0,0,0,0,0,0,0,0,0]"
[0;32mI (439) csi_recv: compensate_gain 1.000000, agc_gain 0, fft_gain -18[0m
CSI_DATA,32764,14:c1:9f:28:c1:a0,-9,11,1,0,1,1,1,0,0,0,0,-97,0,11,2,435936,0,47,0,128,0,"[0,0,0,0,0,0,0,0,0,0,0,0,-1,11,0,10,0,13,-1,12,1,10,0,9,0,9,1,7,1,9,3,8,0,10,2,11,1,9,2,9,2,7,3,10,3,9,5,8,5,8,4,7,3,5,4,8,5,5,4,10,4,10,3,8,0,0,6,8,4,10,3,10,7,12,6,8,4,8,5,9,4,7,6,10,4,8,2,11,2,8,3,10,2,7,1,8,0,9,1,10,2,8,0,6,2,7,0,5,1,6,0,6,-1,7,-1,6,-1,6,0,0,0,0,0,0,0,0,0,0]"
[0;32mI (449) csi_recv: compensate_gain 1.000000, agc_gain 0, fft_gain -18[0m
CSI_DATA,32765,14:c1:9f:28:c1:a0,-9,11,1,0,1,1,1,0,0,0,0,-97,0,11,2,446920,0,47,0,128,0,"[0,0,0,0,0,0,0,0,0,0,0,0,-3,-12,-4,-11,-5,-13,-3,-13,-5,-10,-4,-9,-4,-10,-4,-7,-4,-9,-6,-8,-4,-11,-6,-11,-5,-10,-6,-9,-5,-7,-6,-10,-7,-9,-8,-7,-8,-7,-7,-7,-5,-5,-7,-7,-7,-4,-8,-9,-8,-9,-6,-8,0,0,-9,-8,-7,-10,-7,-10,-11,-10,-8,-7,-7,-8,-8,-9,-7,-7,-9,-9,-6,-7,-6,-11,-5,-8,-7,-9,-5,-8,-4,-8,-3,-10,-4,-10,-5,-8,-2,-6,-5,-7,-2,-6,-3,-7,-2,-7,-1,-8,-2,-7,-2,-7,0,0,0,0,0,0,0,0,0,0]"
[0;32mI (459) csi_recv: compensate_gain 1.000000, agc_gain 0, fft_gain -17[0m
CSI_DATA,32766,14:c1:9f:28:c1:a0,-9,11,1,0,1,1,1,0,0,0,0,-97,0,11,2,457936,0,47,0,128,0,"[0,0,0,0,0,0,0,0,0,0,0,0,9,6,8,5,11,7,10,7,9,5,7,4,8,4,7,2,7,4,9,2,8,6,10,4,8,4,9,3,7,1,10,4,9,2,9,0,9,1,8,1,6,0,9,1,7,-1,10,2,10,2,9,2,0,0,10,0,11,3,10,3,14,1,10,0,10,1,11,1,8,0,11,1,8,1,10,5,8,3,10,3,8,2,7,4,7,6,8,5,7,3,5,3,7,2,4,3,5,3,5,4,4,5,4,4,4,4,0,0,0,0,0,0,0,0,0,0]"
[0;32mI (469) csi_recv: compensate_gain 1.000000, agc_gain 0, fft_gain -18[0m
CSI_DATA,32767,14:c1:9f:28:c1:a0,-9,11,1,0,1,1,1,0,0,0,0,-97,0,11,2,468925,0,47,0,128,0,"[0,0,0,0,0,0,0,0,0,0,0,0,-12,-2,-11,-1,-14,-1,-14,-2,-11,0,-10,-1,-10,-1,-8,0,-10,-1,-9,2,-11,-1,-12,1,-11,0,-10,2,-8,2,-11,1,-11,2,-9,4,-10,4,-9,3,-6,3,-9,4,-6,4,-11,3,-11,3,-10,2,0,0,-10,5,-12,3,-12,2,-13,6,-10,5,-10,3,-11,4,-8,4,-11,4,-9,3,-12,1,-9,2,-11,2,-9,1,-9,0,-10,-1,-11,0,-9,1,-7,0,-8,1,-6,-1,-8,0,-7,-1,-8,-2,-7,-1,-7,-2,0,0,0,0,0,0,0,0,0,0]"
[0;32mI (479) csi_recv: compensate_gain 1.000000, agc_gain 0, fft_gain -18[0m
CSI_DATA,32768,14:c1:9f:28:c1:a0,-9,11,1,0,1,1,1,0,0,0,0,-97,0,11,2,479945,0,47,0,128,0,"[0,0,0,0,0,0,0,0,0,0,0,0,9,-6,8,-5,11,-7,11,-6,8,-6,7,-5,8,-6,5,-5,7,-6,6,-8,9,-6,8,-8,7,-6,6,-7,4,-6,7,-8,6,-8,4,-9,4,-9,4,-8,2,-6,4,-9,1,-8,6,-9,6,-9,5,-8,0,0,4,-10,7,-9,7,-9,6,-13,4,-9,5,-9,5,-10,3,-8,5,-11,4,-8,8,-8,5,-7,6,-9,5,-7,6,-7,7,-6,7,-6,5,-7,4,-4,5,-6,4,-4,5,-5,5,-4,6,-3,5,-4,5,-3,0,0,0,0,0,0,0,0,0,0]"
[0;32mI (489) csi_recv: compensate_gain 1.000000, agc_gain 0, fft_gain -17[0m
CSI_DATA,32769,14:c1:9f:28:c1:a0,-9,11,1,0,1,1,1,0,0,0,0,-97,0,11,2,490938,0,47,0,128,0,"[0,0,0,0,0,0,0,0,0,0,0,0,-7,9,-6,8,-7,11,-8,10,-5,9,-5,7,-5,8,-3,6,-5,8,-2,9,-6,9,-4,10,-4,8,-3,9,-2,7,-4,10,-3,9,0,9,-1,9,-1,8,-1,6,-1,9,1,7,-2,10,-2,10,-2,9,0,0,0,10,-3,10,-3,10,0,14,0,9,-1,9,-1,10,-1,8,-1,11,-1,8,-4,10,-2,8,-3,10,-2,7,-4,8,-5,7,-5,8,-3,8,-3,5,-3,7,-3,5,-3,6,-4,5,-5,5,-4,5,-4,5,0,0,0,0,0,0,0,0,0,0]"
[0;32mI (499) csi_recv: compensate_gain 1.000000, agc_gain 0, fft_gain -18[0m
CSI_DATA,32770,14:c1:9f:28:c1:a0,-9,11,1,0,1,1,1,0,0,0,0,-97,0,11,2,501913,0,47,0,128,0,"[0,0,0,0,0,0,0,0,0,0,0,0,6,-10,5,-9,6,-12,7,-11,4,-10,4,-8,4,-9,2,-7,4,-9,1,-10,5,-10,3,-11,4,-9,2,-10,1,-8,3,-11,2,-10,0,-10,0,-10,0,-9,0,-7,1,-10,-2,-8,1,-11,2,-11,1,-10,0,0,0,-11,2,-11,3,-12,0,-14,-1,-10,1,-10,0,-11,0,-9,1,-12,1,-9,4,-11,2,-9,2,-11,2,-9,3,-8,5,-9,4,-9,2,-8,3,-6,2,-8,3,-5,3,-6,3,-6,5,-6,3,-6,4,-5,0,0,0,0,0,0,0,0,0,0]"
[0;32mI (509) csi_recv: compensate_gain 1.000000, agc_gain 0, fft_gain -18[0m
CSI_DATA,32771,14:c1:9f:28:c1:a0,-9,11,1,0,1,1,1,0,0,0,0,-97,0,11,2,512933,0,47,0,128,0,"[0,0,0,0,0,0,0,0,0,0,0,0,-4,10,-3,10,-3,13,-5,11,-2,10,-3,8,-3,9,-1,7,-2,9,0,9,-3,10,-1,11,-2,9,-1,9,0,7,-1,11,0,10,2,9,2,9,1,8,1,6,1,9,3,7,1,10,0,11,0,9,0,0,2,10,0,11,-1,11,3,14,2,9,1,10,1,11,1,8,1,11,1,9,-2,11,-1,8,-1,11,-1,8,-2,9,-4,8,-3,9,-2,8,-2,5,-1,8,-3,5,-2,6,-3,6,-4,6,-3,6,-4,5,0,0,0,0,0,0,0,0,0,0]"
[0;32mI (519) csi_recv: compensate_gain 1.000000, agc_gain 0, fft_gain -18[0m
CSI_DATA,32772,14:c1:9f:28:c1:a0,-9,11,1,0,1,1,1,0,0,0,0,-97,0,11,2,523937,0,47,0,128,0,"[0,0,0,0,0,0,0,0,0,0,0,0,-1,-12,-2,-11,-2,-13,-1,-13,-2,-11,-2,-9,-2,-10,-3,-8,-2,-9,-4,-9,-2,-11,-4,-11,-3,-10,-4,-9,-4,-7,-4,-11,-5,-10,-6,-8,-6,-8,-5,-8,-4,-6,-6,-8,-6,-5,-6,-10,-5,-10,-5,-9,0,0,-7,-9,-5,-11,-5,-11,-9,-12,-7,-8,-6,-9,-7,-9,-6,-7,-7,-10,-5,-8,-4,-11,-4,-8,-5,-10,-4,-8,-3,-9,-1,-10,-2,-10,-3,-9,-1,-6,-3,-8,-1,-6,-2,-7,-1,-7,0,-8,-1,-7,0,-7,0,0,0,0,0,0,0,0,0,0]"
[0;32mI (539) csi_recv: compensate_gain 1.000000, agc_gain 0, fft_gain -18[0m
CSI_DATA,32773,14:c1:9f:28:c1:a0,-9,11,1,0,1,1,1,0,0,0,0,-97,0,11,2,534948,0,47,0,128,0,"[0,0,0,0,0,0,0,0,0,0,0,0,4,10,4,9,6,11,4,12,5,8,4,8,4,8,4,6,4,8,6,6,4,9,7,9,5,8,6,7,5,5,7,8,7,7,8,5,8,5,7,5,5,3,7,5,7,2,8,6,8,7,7,6,0,0,9,5,8,7,8,8,12,7,9,4,8,5,9,6,7,4,9,6,7,5,7,8,6,6,7,7,6,6,5,7,4,8,5,8,5,6,3,5,5,5,2,5,4,5,3,5,2,7,2,6,2,6,0,0,0,0,0,0,0,0,0,0]"
[0;32mI (549) csi_recv: compensate_gain 1.000000, agc_gain 0, fft_gain -18[0m
CSI_DATA,32774,14:c1:9f:28:c1:a0,-9,11,1,0,1,1,1,0,0,0,0,-97,0,11,2,545932,0,47,0,128,0,"[0,0,0,0,0,0,0,0,0,0,0,0,-5,-11,-5,-10,-7,-12,-5,-12,-6,-9,-5,-9,-5,-9,-5,-6,-6,-9,-8,-7,-5,-10,-8,-10,-6,-9,-7,-7,-6,-6,-8,-9,-8,-8,-9,-5,-9,-6,-8,-6,-6,-4,-9,-6,-8,-3,-9,-7,-9,-8,-8,-7,0,0,-10,-6,-9,-8,-9,-9,-13,-8,-9,-5,-9,-6,-10,-7,-8,-5,-10,-7,-8,-6,-8,-9,-7,-7,-8,-8,-7,-6,-6,-8,-5,-9,-6,-9,-6,-7,-4,-6,-6,-6,-3,-6,-5,-6,-4,-6,-3,-8,-3,-6,-3,-7,0,0,0,0,0,0,0,0,0,0]"
[0;32mI (559) csi_recv: compensate_gain 1.000000, agc_gain 0, fft_gain -18[0m
CSI_DATA,32775,14:c1:9f:28:c1:a0,-9,11,1,0,1,1,1,0,0,0,0,-97,0,11,2,556934,0,47,0,128,0,"[0,0,0,0,0,0,0,0,0,0,0,0,5,9,5,8,7,10,6,10,6,7,5,7,5,7,5,5,5,7,7,5,5,8,8,7,6,7,7,6,6,4,7,7,7,5,8,3,8,4,7,4,5,2,8,4,7,1,8,6,8,6,7,5,0,0,9,4,8,6,8,7,12,6,8,4,8,5,9,5,7,3,10,5,7,4,7,8,6,5,8,7,6,5,5,6,4,8,5,8,5,6,3,4,5,5,2,4,4,5,3,5,2,6,2,5,2,5,0,0,0,0,0,0,0,0,0,0]"
[0;32mI (569) csi_recv: compensate_gain 1.000000, agc_gain 0, fft_gain -18[0m
CSI_DATA,32776,14:c1:9f:28:c1:a0,-9,11,1,0,1,1,1,0,0,0,0,-97,0,11,2,567941,0,47,0,128,0,"[0,0,0,0,0,0,0,0,0,0,0,0,-7,-10,-7,-9,-9,-11,-8,-11,-8,-8,-6,-8,-7,-8,-6,-6,-7,-8,-8,-6,-7,-9,-9,-8,-7,-8,-8,-6,-7,-5,-9,-8,-9,-7,-9,-4,-9,-5,-8,-5,-6,-3,-9,-5,-8,-2,-10,-6,-10,-7,-8,-6,0,0,-11,-5,-10,-8,-10,-8,-14,-7,-10,-5,-9,-6,-10,-6,-8,-5,-11,-7,-8,-5,-8,-9,-7,-6,-9,-8,-7,-6,-6,-7,-6,-9,-7,-9,-6,-7,-4,-6,-6,-6,-4,-5,-5,-6,-4,-6,-3,-8,-4,-6,-3,-7,0,0,0,0,0,0,0,0,0,0]"
[0;32mI (579) csi_recv: compensate_gain 1.000000, agc_gain 0, fft_gain -18[0m
CSI_DATA,32777,14:c1:9f:28:c1:a0,-9,11,1,0,1,1,1,0,0,0,0,-97,0,11,2,578916,0,47,0,128,0,"[0,0,0,0,0,0,0,0,0,0,0,0,5,9,5,8,8,10,6,10,6,7,5,6,5,7,5,5,5,7,7,5,5,9,8,7,6,7,7,5,6,4,8,7,7,5,8,3,8,4,7,3,5,2,8,4,7,1,9,5,9,6,7,5,0,0,9,4,9,6,8,6,13,6,9,3,8,4,9,5,7,3,10,5,7,4,7,8,6,5,8,6,6,5,5,6,5,7,6,7,6,5,3,4,5,5,3,4,4,5,3,5,2,6,3,5,2,5,0,0,0,0,0,0,0,0,0,0]"
[0;32mI (589) csi_recv: compensate_gain 1.000000, agc_gain 0, fft_gain -18[0m
CSI_DATA,32778,14:c1:9f:28:c1:a0,-9,11,1,0,1,1,1,0,0,0,0,-97,0,11,2,589918,0,47,0,128,0,"[0,0,0,0,0,0,0,0,0,0,0,0,-6,-11,-6,-10,-8,-12,-6,-12,-7,-9,-5,-8,-6,-9,-6,-6,-6,-8,-8,-6,-6,-10,-9,-9,-7,-9,-8,-7,-7,-5,-8,-9,-8,-7,-9,-5,-9,-6,-8,-5,-6,-4,-9,-6,-8,-3,-10,-7,-10,-7,-8,-6,0,0,-11,-5,-10,-8,-9,-8,-13,-7,-10,-5,-9,-6,-10,-6,-8,-5,-11,-7,-8,-5,-8,-9,-7,-6,-9,-8,-7,-6,-6,-7,-6,-9,-7,-9,-7,-7,-4,-6,-6,-6,-4,-5,-5,-6,-4,-6,-3,-8,-4,-6,-3,-7,0,0,0,0,0,0,0,0,0,0]"
[0;32mI (599) csi_recv: compensate_gain 1.000000, agc_gain 0, fft_gain -18[0m
CSI_DATA,32779,14:c1:9f:28:c1:a0,-9,11,1,0,1,1,1,0,0,0,0,-97,0,11,2,600947,0,47,0,128,0,"[0,0,0,0,0,0,0,0,0,0,0,0,5,9,5,8,8,10,6,10,6,7,5,7,5,7,5,5,5,6,7,5,6,8,8,7,6,7,7,5,6,4,8,7,8,5,8,3,8,4,7,3,5,2,8,4,7,1,9,5,9,6,7,5,0,0,9,4,9,6,8,6,13,5,9,3,8,4,9,4,7,3,10,5,7,4,7,7,6,5,8,6,6,4,5,6,5,7,6,7,6,5,3,4,5,4,3,4,4,5,3,5,2,6,3,5,3,5,0,0,0,0,0,0,0,0,0,0]"
[0;32mI (609) csi_recv: compensate_gain 1.000000, agc_gain 0, fft_gain -18[0m
CSI_DATA,32780,14:c1:9f:28:c1:a0,-9,11,1,0,1,1,1,0,0,0,0,-97,0,11,2,611940,0,47,0,128,0,"[0,0,0,0,0,0,0,0,0,0,0,0,-6,-10,-6,-9,-8,-11,-7,-12,-7,-9,-6,-8,-6,-9,-6,-6,-6,-8,-8,-6,-6,-10,-9,-9,-7,-8,-8,-7,-7,-5,-8,-8,-8,-7,-9,-5,-9,-6,-8,-5,-6,-4,-9,-6,-8,-2,-10,-7,-10,-8,-8,-7,0,0,-11,-6,-9,-8,-9,-9,-13,-7,-10,-5,-9,-6,-10,-6,-8,-5,-11,-7,-8,-6,-8,-9,-7,-7,-9,-8,-7,-6,-6,-7,-5,-9,-6,-9,-6,-7,-4,-6,-6,-6,-3,-6,-5,-6,-4,-6,-3,-8,-3,-7,-3,-7,0,0,0,0,0,0,0,0,0,0]"
[0;32mI (619) csi_recv: compensate_gain 1.000000, agc_gain 0, fft_gain -18[0m
CSI_DATA,32781,14:c1:9f:28:c1:a0,-9,11,1,0,1,1,1,0,0,0,0,-97,0,11,2,622970,0,47,0,128,0,"[0,0,0,0,0,0,0,0,0,0,0,0,7,8,6,7,9,9,7,9,7,7,6,6,7,7,6,4,6,6,8,4,7,8,9,7,7,7,8,5,6,3,9,6,8,5,9,2,9,3,8,3,6,1,9,3,7,0,10,4,10,5,8,4,0,0,10,3,10,5,9,5,14,4,9,2,9,3,10,3,8,2,11,3,8,3,8,7,7,4,9,5,7,4,7,5,6,7,7,7,7,4,4,4,6,4,3,4,5,4,4,4,3,6,4,5,3,5,0,0,0,0,0,0,0,0,0,0]"
[0;32mI (629) csi_recv: compensate_gain 1.000000, agc_gain 0, fft_gain -18[0m
CSI_DATA,32782,14:c1:9f:28:c1:a0,-9,11,1,0,1,1,1,0,0,0,0,-97,0,11,2,633940,0,47,0,128,0,"[0,0,0,0,0,0,0,0,0,0,0,0,-3,-11,-4,-10,-5,-13,-3,-13,-4,-10,-3,-9,-4,-10,-4,-7,-4,-9,-6,-8,-3,-11,-6,-11,-4,-10,-5,-8,-5,-7,-6,-10,-6,-9,-7,-7,-7,-7,-6,-7,-5,-5,-7,-7,-7,-4,-7,-9,-7,-9,-6,-8,0,0,-8,-8,-7,-10,-7,-10,-11,-10,-8,-7,-7,-8,-8,-8,-7,-6,-8,-9,-6,-7,-5,-11,-5,-8,-6,-10,-5,-8,-4,-8,-3,-10,-4,-10,-4,-8,-2,-6,-4,-7,-2,-6,-3,-7,-2,-7,-1,-8,-1,-7,-1,-7,0,0,0,0,0,0,0,0,0,0]"
[0;32mI (649) csi_recv: compensate_gain 1.000000, agc_gain 0, fft_gain -18[0m
CSI_DATA,32783,14:c1:9f:28:c1:a0,-9,11,1,0,1,1,1,0,0,0,0,-97,0,11,2,644933,0,47,0,128,0,"[0,0,0,0,0,0,0,0,0,0,0,0,-3,11,-3,10,-2,13,-4,12,-1,10,-2,9,-2,9,0,7,-1,9,2,9,-2,10,0,11,-1,10,1,9,1,7,0,11,1,10,3,8,3,9,2,8,2,6,3,9,4,6,2,10,2,11,1,9,0,0,4,10,1,11,1,11,5,13,4,9,3,9,4,10,3,8,4,11,2,8,0,11,1,8,1,11,1,8,-1,8,-2,9,-1,9,0,8,-1,6,0,8,-1,5,-1,7,-1,6,-3,7,-2,6,-2,6,0,0,0,0,0,0,0,0,0,0]"
[0;32mI (659) csi_recv: compensate_gain 1.000000, agc_gain 0, fft_gain -18[0m
CSI_DATA,32784,14:c1:9f:28:c1:a0,-9,11,1,0,1,1,1,0,0,0,0,-97,0,11,2,655917,0,47,0,128,0,"[0,0,0,0,0,0,0,0,0,0,0,0,8,-8,7,-8,8,-10,9,-9,6,-9,5,-7,6,-8,3,-7,5,-7,3,-9,7,-8,6,-10,6,-8,4,-9,3,-8,5,-10,4,-10,2,-10,2,-10,2,-8,1,-7,2,-10,0,-8,3,-10,4,-11,3,-9,0,0,2,-11,4,-11,5,-10,3,-14,2,-10,3,-10,3,-11,2,-9,3,-12,2,-9,6,-10,4,-8,5,-10,3,-8,5,-8,6,-7,6,-8,4,-8,4,-5,4,-7,4,-5,4,-6,4,-5,6,-4,5,-5,5,-4,0,0,0,0,0,0,0,0,0,0]"
[0;32mI (669) csi_recv: compensate_gain 1.000000, agc_gain 0, fft_gain -18[0m
CSI_DATA,32785,14:c1:9f:28:c1:a0,-9,11,1,0,1,1,1,0,0,0,0,-97,0,11,2,666946,0,47,0,128,0,"[0,0,0,0,0,0,0,0,0,0,0,0,-10,6,-9,6,-11,8,-11,6,-8,6,-8,5,-8,5,-6,5,-8,5,-6,7,-9,6,-8,8,-8,6,-7,7,-5,6,-8,7,-7,8,-4,8,-5,8,-5,7,-3,5,-5,8,-2,7,-6,9,-7,9,-6,7,0,0,-5,9,-7,8,-8,8,-7,12,-5,8,-6,8,-6,9,-5,7,-6,10,-5,7,-9,7,-6,6,-8,8,-6,6,-7,5,-9,4,-8,5,-7,5,-5,3,-6,5,-6,2,-6,3,-6,3,-7,2,-6,2,-7,2,0,0,0,0,0,0,0,0,0,0]"
[0;32mI (679) csi_recv: compensate_gain 1.000000, agc_gain 0, fft_gain -18[0m
CSI_DATA,32786,14:c1:9f:28:c1:a0,-9,11,1,0,1,1,1,0,0,0,0,-97,0,11,2,677923,0,47,0,128,0,"[0,0,0,0,0,0,0,0,0,0,0,0,10,2,10,2,12,1,12,3,10,1,8,1,9,1,7,-1,8,1,8,-2,10,1,11,-1,9,0,9,-2,7,-2,10,-1,10,-2,8,-4,9,-3,8,-3,6,-2,9,-3,6,-5,10,-3,10,-3,9,-2,0,0,10,-4,11,-2,11,-1,13,-5,9,-4,9,-3,10,-3,8,-3,11,-4,8,-3,11,0,8,-1,10,-1,8,-1,8,0,9,2,9,1,8,-1,5,0,7,-1,5,1,6,0,6,1,6,2,6,1,6,2,0,0,0,0,0,0,0,0,0,0]"
[0;32mI (689) csi_recv: compensate_gain 1.000000, agc_gain 0, fft_gain -18[0m
CSI_DATA,32787,14:c1:9f:28:c1:a0,-9,11,1,0,1,1,1,0,0,0,0,-97,0,11,2,688916,0,47,0,128,0,"[0,0,0,0,0,0,0,0,0,0,0,0,-9,-8,-8,-7,-11,-9,-9,-9,-9,-7,-7,-6,-8,-7,-7,-4,-8,-6,-9,-4,-8,-8,-10,-6,-8,-6,-9,-5,-8,-3,-10,-6,-9,-5,-10,-2,-10,-3,-9,-3,-7,-2,-10,-3,-8,0,-11,-4,-11,-5,-9,-4,0,0,-11,-3,-11,-5,-10,-6,-15,-4,-10,-2,-10,-4,-11,-3,-9,-2,-12,-4,-9,-3,-10,-7,-8,-5,-10,-6,-8,-4,-8,-6,-7,-7,-8,-7,-7,-5,-5,-4,-7,-4,-5,-5,-6,-5,-5,-5,-4,-7,-5,-5,-4,-6,0,0,0,0,0,0,0,0,0,0]"
[0;32mI (699) csi_recv: compensate_gain 1.000000, agc_gain 0, fft_gain -18[0m
CSI_DATA,32788,14:c1:9f:28:c1:a0,-9,11,1,0,1,1,1,0,0,0,0,-97,0,11,2,699927,0,47,0,128,0,"[0,0,0,0,0,0,0,0,0,0,0,0,2,10,2,9,3,12,2,12,3,9,2,8,2,9,3,6,3,8,5,7,2,10,5,10,3,9,4,8,4,6,5,9,5,8,6,6,6,7,5,6,4,4,6,7,6,3,6,8,6,8,5,7,0,0,7,7,6,9,5,9,10,10,7,6,6,7,7,8,6,6,7,8,5,6,4,9,4,7,5,9,4,7,3,7,2,9,3,9,3,7,1,5,3,6,1,5,2,6,1,5,0,7,1,6,0,6,0,0,0,0,0,0,0,0,0,0]"
[0;32mI (709) csi_recv: compensate_gain 1.000000, agc_gain 0, fft_gain -18[0m
CSI_DATA,32789,14:c1:9f:28:c1:a0,-9,11,1,0,1,1,1,0,0,0,0,-97,0,11,2,710929,0,47,0,128,0,"[0,0,0,0,0,0,0,0,0,0,0,0,3,-11,3,-10,3,-13,4,-12,2,-11,2,-9,2,-10,0,-8,2,-9,-1,-10,3,-11,0,-12,1,-10,0,-10,-1,-8,0,-11,-1,-11,-3,-10,-2,-10,-2,-9,-2,-7,-2,-10,-4,-7,-1,-11,-1,-12,-1,-10,0,0,-3,-11,0,-12,0,-12,-3,-15,-3,-10,-1,-10,-2,-11,-2,-9,-2,-12,-1,-9,1,-11,0,-9,0,-11,0,-9,1,-9,3,-9,2,-10,1,-9,1,-6,0,-8,2,-6,1,-7,2,-6,3,-7,2,-6,3,-6,0,0,0,0,0,0,0,0,0,0]"
[0;32mI (719) csi_recv: compensate_gain 1.000000, agc_gain 0, fft_gain -18[0m
CSI_DATA,32790,14:c1:9f:28:c1:a0,-9,11,1,0,1,1,1,0,0,0,0,-97,0,11,2,721929,0,47,0,128,0,"[0,0,0,0,0,0,0,0,0,0,0,0,-11,4,-10,4,-12,5,-12,4,-10,4,-9,3,-9,4,-6,4,-8,4,-7,6,-10,4,-10,6,-9,4,-8,5,-6,5,-9,6,-8,6,-6,7,-7,7,-6,6,-4,5,-6,7,-3,6,-8,7,-9,7,-7,6,0,0,-6,9,-9,7,-9,7,-9,11,-6,8,-7,7,-7,8,-5,7,-7,9,-6,6,-10,6,-7,5,-9,6,-7,5,-8,4,-9,3,-9,4,-7,5,-6,3,-7,4,-6,2,-6,3,-6,2,-8,1,-7,2,-7,1,0,0,0,0,0,0,0,0,0,0]"
[0;32mI (729) csi_recv: compensate_gain 1.000000, agc_gain 0, fft_gain -18[0m
CSI_DATA,32791,14:c1:9f:28:c1:a0,-9,11,1,0,1,1,1,0,0,0,0,-97,0,11,2,732949,0,47,0,128,0,"[0,0,0,0,0,0,0,0,0,0,0,0,10,3,10,3,13,3,12,4,10,2,8,2,9,2,7,0,9,2,9,-1,10,3,11,1,10,1,9,0,8,-1,11,0,10,-1,9,-3,9,-3,8,-2,6,-2,9,-3,6,-4,11,-2,11,-2,9,-1,0,0,10,-4,11,-1,11,-1,14,-4,9,-4,9,-2,11,-3,8,-3,11,-3,8,-2,11,0,8,-1,11,-1,8,-1,8,0,9,2,9,1,8,0,6,0,8,-1,5,1,7,0,6,1,6,3,6,1,6,2,0,0,0,0,0,0,0,0,0,0]"
[0;32mI (739) csi_recv: compensate_gain 1.000000, agc_gain 0, fft_gain -18[0m
CSI_DATA,32792,14:c1:9f:28:c1:a0,-9,11,1,0,1,1,1,0,0,0,0,-97,0,11,2,743915,0,47,0,128,0,"[0,0,0,0,0,0,0,0,0,0,0,0,2,-12,1,-11,1,-13,3,-13,0,-11,1,-9,1,-10,-1,-8,1,-10,-2,-9,1,-11,-1,-12,0,-10,-2,-10,-2,-8,-1,-11,-2,-11,-4,-9,-4,-10,-3,-9,-3,-6,-3,-10,-5,-7,-3,-11,-3,-11,-2,-10,0,0,-5,-10,-2,-12,-2,-12,-6,-14,-5,-10,-3,-10,-4,-11,-4,-9,-4,-12,-3,-9,-1,-12,-2,-9,-2,-11,-2,-9,0,-9,1,-10,0,-10,-1,-9,0,-7,-1,-8,0,-6,0,-7,0,-7,2,-7,1,-7,1,-7,0,0,0,0,0,0,0,0,0,0]"
[0;32mI (759) csi_recv: compensate_gain 1.000000, agc_gain 0, fft_gain -18[0m
CSI_DATA,32793,14:c1:9f:28:c1:a0,-9,11,1,0,1,1,1,0,0,0,0,-97,0,11,2,754917,0,47,0,128,0,"[0,0,0,0,0,0,0,0,0,0,0,0,-10,5,-9,5,-11,8,-11,6,-9,6,-8,5,-8,5,-6,5,-7,5,-6,7,-9,5,-8,8,-8,6,-6,7,-5,6,-8,8,-6,7,-4,8,-5,8,-5,7,-3,5,-5,8,-2,7,-6,9,-7,9,-6,7,0,0,-4,9,-7,9,-7,8,-6,13,-4,9,-5,8,-5,9,-4,8,-5,10,-5,8,-8,8,-6,6,-7,8,-5,6,-7,6,-8,5,-8,6,-6,6,-5,4,-5,6,-5,3,-5,4,-5,4,-7,3,-6,3,-6,3,0,0,0,0,0,0,0,0,0,0]"
[0;32mI (769) csi_recv: compensate_gain 1.000000, agc_gain 0, fft_gain -18[0m
CSI_DATA,32794,14:c1:9f:28:c1:a0,-9,11,1,0,1,1,1,0,0,0,0,-97,0,11,2,765946,0,47,0,128,0,"[0,0,0,0,0,0,0,0,0,0,0,0,10,2,9,2,13,2,12,3,10,1,8,1,9,1,7,0,8,1,9,-2,10,2,11,0,9,1,9,-1,7,-2,11,-1,9,-2,8,-4,9,-3,8,-3,5,-3,9,-3,6,-4,10,-3,10,-2,9,-2,0,0,9,-4,11,-2,11,-1,13,-5,9,-4,9,-3,10,-4,8,-3,11,-4,8,-3,11,0,8,-1,10,-2,8,-1,8,0,9,1,9,1,8,-1,5,0,7,-1,5,1,6,0,6,1,6,2,6,1,6,2,0,0,0,0,0,0,0,0,0,0]"
[0;32mI (779) csi_recv: compensate_gain 1.000000, agc_gain 0, fft_gain -18[0m
CSI_DATA,32795,14:c1:9f:28:c1:a0,-9,11,1,0,1,1,1,0,0,0,0,-97,0,11,2,776929,0,47,0,128,0,"[0,0,0,0,0,0,0,0,0,0,0,0,0,-12,-1,-11,-2,-14,0,-13,-2,-11,-1,-9,-2,-10,-3,-8,-2,-10,-4,-9,-1,-11,-3,-12,-2,-10,-4,-9,-4,-7,-4,-11,-4,-10,-6,-8,-6,-9,-5,-8,-4,-6,-5,-9,-6,-6,-6,-10,-5,-10,-4,-9,0,0,-7,-9,-5,-11,-5,-11,-9,-12,-7,-8,-6,-9,-7,-10,-6,-7,-7,-10,-5,-8,-4,-11,-4,-8,-5,-10,-4,-8,-3,-9,-1,-10,-2,-10,-3,-8,-2,-6,-3,-8,-1,-6,-2,-7,-1,-7,0,-8,-1,-7,0,-7,0,0,0,0,0,0,0,0,0,0]"
[0;32mI (789) csi_recv: compensate_gain 1.000000, agc_gain 0, fft_gain -18[0m
CSI_DATA,32796,14:c1:9f:28:c1:a0,-9,11,1,0,1,1,1,0,0,0,0,-97,0,11,2,787931,0,47,0,128,0,"[0,0,0,0,0,0,0,0,0,0,0,0,-11,1,-11,1,-13,2,-13,1,-10,2,-9,1,-10,1,-7,2,-9,1,-8,4,-11,1,-11,4,-10,2,-9,4,-8,3,-11,3,-10,4,-8,5,-8,5,-8,4,-6,3,-9,5,-5,5,-10,5,-10,5,-9,4,0,0,-9,6,-11,4,-11,4,-12,8,-8,6,-9,4,-10,5,-8,4,-10,6,-8,4,-11,3,-8,3,-11,4,-8,2,-9,1,-10,0,-10,1,-9,2,-7,0,-8,2,-6,0,-7,0,-7,0,-8,-1,-7,0,-7,-1,0,0,0,0,0,0,0,0,0,0]"
[0;32mI (799) csi_recv: compensate_gain 1.000000, agc_gain 0, fft_gain -18[0m
CSI_DATA,32797,14:c1:9f:28:c1:a0,-9,11,1,0,1,1,1,0,0,0,0,-97,0,11,2,798915,0,47,0,128,0,"[0,0,0,0,0,0,0,0,0,0,0,0,2,11,2,9,3,12,2,12,3,9,2,8,2,9,3,6,2,8,5,7,2,10,4,10,3,9,4,8,4,6,4,9,5,8,6,6,6,7,5,6,4,4,6,7,6,4,6,8,6,9,5,7,0,0,7,7,6,9,5,9,9,10,6,6,6,7,7,8,5,6,7,8,5,7,4,10,4,7,5,9,4,7,2,8,1,9,2,9,3,7,1,5,3,7,1,5,2,6,1,6,0,7,0,6,0,6,0,0,0,0,0,0,0,0,0,0]"
[0;32mI (809) csi_recv: compensate_gain 1.000000, agc_gain 0, fft_gain -18[0m
CSI_DATA,32798,14:c1:9f:28:c1:a0,-9,11,1,0,1,1,1,0,0,0,0,-97,0,11,2,809944,0,47,0,128,0,"[0,0,0,0,0,0,0,0,0,0,0,0,7,-9,6,-8,8,-11,8,-9,6,-9,5,-8,5,-8,3,-7,5,-8,3,-9,6,-9,5,-11,5,-9,3,-9,2,-8,4,-10,3,-10,1,-10,1,-10,2,-9,1,-7,2,-10,-1,-8,3,-11,3,-11,3,-9,0,0,1,-11,4,-11,4,-11,2,-15,1,-10,2,-10,2,-11,1,-9,2,-12,2,-9,5,-10,3,-8,4,-11,3,-8,4,-8,6,-8,5,-8,3,-8,3,-5,3,-8,3,-5,3,-6,3,-5,5,-5,4,-5,4,-5,0,0,0,0,0,0,0,0,0,0]"
[0;32mI (819) csi_recv: compensate_gain 1.000000, agc_gain 0, fft_gain -18[0m
CSI_DATA,32799,14:c1:9f:28:c1:a0,-9,11,1,0,1,1,1,0,0,0,0,-97,0,11,2,820919,0,47,0,128,0,"[0,0,0,0,0,0,0,0,0,0,0,0,-7,-9,-7,-8,-10,-10,-8,-11,-8,-8,-6,-7,-7,-8,-6,-5,-7,-7,-9,-5,-7,-9,-10,-8,-8,-7,-8,-6,-7,-4,-9,-7,-9,-6,-9,-3,-10,-4,-8,-4,-6,-3,-9,-4,-8,-2,-10,-5,-10,-6,-9,-5,0,0,-11,-4,-10,-7,-10,-7,-14,-6,-10,-4,-9,-5,-11,-5,-9,-4,-11,-5,-8,-4,-9,-8,-8,-6,-9,-7,-7,-5,-7,-6,-6,-8,-7,-8,-7,-6,-4,-5,-7,-5,-4,-5,-5,-6,-4,-6,-4,-7,-4,-6,-4,-6,0,0,0,0,0,0,0,0,0,0]"
[0;32mI (829) csi_recv: compensate_gain 1.000000, agc_gain 0, fft_gain -18[0m
CSI_DATA,32800,14:c1:9f:28:c1:a0,-9,11,1,0,1,1,1,0,0,0,0,-97,0,11,2,831939,0,47,0,128,0,"[0,0,0,0,0,0,0,0,0,0,0,0,-8,8,-7,7,-8,10,-9,9,-6,8,-6,7,-6,7,-4,6,-6,7,-3,8,-7,8,-6,10,-6,8,-4,8,-3,7,-5,9,-4,9,-2,9,-2,9,-2,8,-1,6,-2,9,0,7,-3,10,-4,10,-3,9,0,0,-1,10,-4,10,-4,10,-2,14,-1,9,-3,9,-2,10,-1,8,-3,11,-2,8,-6,10,-4,7,-4,10,-3,7,-5,7,-7,7,-6,8,-4,7,-4,5,-4,7,-4,4,-4,5,-4,5,-6,4,-5,4,-5,4,0,0,0,0,0,0,0,0,0,0]"
[0;32mI (839) csi_recv: compensate_gain 1.000000, agc_gain 0, fft_gain -18[0m
CSI_DATA,32801,14:c1:9f:28:c1:a0,-9,11,1,0,1,1,1,0,0,0,0,-97,0,11,2,842914,0,47,0,128,0,"[0,0,0,0,0,0,0,0,0,0,0,0,5,9,5,8,7,11,5,11,6,8,4,7,5,8,5,5,5,7,7,5,5,8,7,8,6,7,7,6,6,4,7,7,7,6,8,4,8,4,7,4,5,3,8,5,7,2,8,6,8,6,7,5,0,0,9,5,8,7,8,7,12,6,8,4,7,5,9,5,7,4,9,6,7,5,7,8,6,5,7,7,6,5,5,6,4,8,5,8,5,6,3,5,5,5,2,4,3,5,3,5,2,6,2,5,2,5,0,0,0,0,0,0,0,0,0,0]"
[0;32mI (849) wifi_rx_gain: agc_gain(median): 0, fft_gain@median: -18[0m
[0;32mI (849) csi_recv: compensate_gain 1.000000, agc_gain 0, fft_gain -18[0m
CSI_DATA,32802,14:c1:9f:28:c1:a0,-9,11,1,0,1,1,1,0,0,0,0,-97,0,11,2,853934,0,47,0,128,0,"[0,0,0,0,0,0,0,0,0,0,0,0,8,-8,7,-7,9,-10,10,-8,7,-8,6,-7,6,-7,4,-7,6,-7,3,-9,7,-8,6,-10,6,-8,4,-9,3,-8,6,-9,5,-10,2,-9,3,-10,3,-9,1,-7,3,-9,0,-8,4,-10,4,-11,4,-9,0,0,2,-11,5,-10,5,-11,3,-14,2,-10,3,-10,3,-11,2,-9,3,-12,3,-9,6,-9,4,-8,5,-10,4,-8,5,-7,7,-7,6,-8,4,-8,4,-5,4,-7,4,-5,4,-6,4,-5,6,-4,4,-5,5,-4,0,0,0,0,0,0,0,0,0,0]"
[0;32mI (869) csi_recv: compensate_gain 1.000000, agc_gain 0, fft_gain -18[0m
CSI_DATA,32803,14:c1:9f:28:c1:a0,-9,11,1,0,1,1,1,0,0,0,0,-97,0,11,2,864945,0,47,0,128,0,"[0,0,0,0,0,0,0,0,0,0,0,0,-9,-8,-8,-7,-12,-8,-10,-9,-9,-6,-8,-6,-8,-6,-7,-4,-8,-6,-9,-3,-9,-7,-11,-6,-9,-6,-10,-4,-8,-3,-11,-5,-10,-4,-10,-2,-10,-2,-9,-2,-7,-1,-10,-3,-8,0,-11,-3,-11,-4,-9,-4,0,0,-11,-2,-11,-5,-11,-5,-15,-3,-10,-1,-10,-3,-11,-3,-9,-2,-12,-3,-9,-3,-10,-6,-8,-4,-11,-5,-8,-4,-8,-5,-7,-7,-9,-6,-8,-4,-5,-4,-8,-4,-5,-4,-6,-4,-5,-5,-5,-6,-5,-5,-5,-5,0,0,0,0,0,0,0,0,0,0]"
[0;32mI (879) csi_recv: compensate_gain 1.000000, agc_gain 0, fft_gain -18[0m
CSI_DATA,32804,14:c1:9f:28:c1:a0,-9,11,1,0,1,1,1,0,0,0,0,-97,0,11,2,875933,0,47,0,128,0,"[0,0,0,0,0,0,0,0,0,0,0,0,-10,5,-9,5,-11,7,-11,5,-9,6,-8,4,-8,5,-6,5,-8,5,-6,7,-9,5,-9,7,-8,5,-7,6,-5,5,-8,7,-7,7,-5,7,-6,8,-5,7,-4,5,-6,7,-3,6,-7,8,-8,8,-7,7,0,0,-6,9,-8,8,-8,7,-8,11,-5,8,-6,7,-7,8,-5,7,-7,9,-6,6,-9,6,-7,5,-8,7,-6,5,-7,5,-9,4,-9,4,-7,5,-6,2,-6,5,-5,2,-6,3,-6,2,-7,1,-6,2,-7,2,0,0,0,0,0,0,0,0,0,0]"
[0;32mI (889) csi_recv: compensate_gain 1.000000, agc_gain 0, fft_gain -18[0m
CSI_DATA,32805,14:c1:9f:28:c1:a0,-9,11,1,0,1,1,1,0,0,0,0,-97,0,11,2,886926,0,47,0,128,0,"[0,0,0,0,0,0,0,0,0,0,0,0,1,11,1,10,2,12,0,12,2,9,1,8,1,9,2,7,1,8,4,7,1,10,3,10,2,9,3,8,3,6,3,10,4,9,5,7,5,8,4,7,3,5,5,7,5,4,5,9,5,9,4,8,0,0,6,8,4,10,4,10,8,11,6,7,5,8,6,9,5,6,6,9,4,7,3,10,3,7,4,9,3,7,1,8,0,9,1,9,2,8,1,5,2,7,0,5,1,6,0,6,-1,7,0,6,-1,6,0,0,0,0,0,0,0,0,0,0]"
[0;32mI (899) csi_recv: compensate_gain 1.000000, agc_gain 0, fft_gain -18[0m
CSI_DATA,32806,14:c1:9f:28:c1:a0,-9,11,1,0,1,1,1,0,0,0,0,-97,0,11,2,897946,0,47,0,128,0,"[0,0,0,0,0,0,0,0,0,0,0,0,10,1,10,1,13,0,12,2,10,0,8,0,9,0,7,-1,9,0,8,-3,10,1,11,-2,9,-1,9,-2,7,-3,10,-2,9,-3,8,-5,9,-4,7,-4,5,-3,8,-4,5,-5,10,-4,10,-3,9,-3,0,0,9,-6,10,-3,11,-3,12,-6,8,-5,9,-4,10,-5,7,-4,10,-5,8,-4,11,-2,8,-2,10,-3,8,-2,8,-1,9,0,9,0,8,-2,6,-1,7,-2,5,0,6,-1,6,0,6,2,6,0,6,1,0,0,0,0,0,0,0,0,0,0]"
[0;32mI (909) csi_recv: compensate_gain 1.000000, agc_gain 0, fft_gain -18[0m
CSI_DATA,32807,14:c1:9f:28:c1:a0,-9,11,1,0,1,1,1,0,0,0,0,-97,0,11,2,908948,0,47,0,128,0,"[0,0,0,0,0,0,0,0,0,0,0,0,4,-11,4,-10,4,-13,5,-12,3,-10,3,-9,3,-9,1,-8,3,-9,0,-10,4,-10,2,-12,2,-10,1,-10,0,-8,2,-11,0,-10,-2,-10,-1,-10,-1,-9,-1,-7,-1,-10,-3,-8,0,-11,0,-12,0,-10,0,0,-2,-11,1,-12,1,-12,-2,-15,-2,-10,0,-10,-1,-11,-1,-9,-1,-12,-1,-10,2,-11,1,-9,1,-11,1,-9,2,-9,4,-9,3,-10,1,-9,2,-6,1,-8,2,-6,2,-7,2,-6,4,-6,3,-6,3,-6,0,0,0,0,0,0,0,0,0,0]"
[0;32mI (919) csi_recv: compensate_gain 1.000000, agc_gain 0, fft_gain -18[0m
CSI_DATA,32808,14:c1:9f:28:c1:a0,-9,11,1,0,1,1,1,0,0,0,0,-97,0,11,2,919914,0,47,0,128,0,"[0,0,0,0,0,0,0,0,0,0,0,0,-3,-12,-3,-11,-4,-13,-2,-13,-4,-10,-3,-9,-3,-10,-4,-7,-3,-9,-6,-8,-3,-11,-5,-11,-4,-10,-5,-9,-5,-7,-5,-10,-6,-9,-7,-7,-7,-8,-6,-7,-5,-5,-7,-8,-7,-4,-7,-9,-7,-9,-6,-8,0,0,-8,-8,-7,-10,-6,-10,-10,-10,-8,-7,-7,-8,-8,-8,-7,-7,-8,-9,-6,-7,-5,-11,-5,-8,-6,-10,-5,-8,-4,-8,-3,-10,-4,-10,-4,-8,-2,-6,-4,-7,-2,-6,-3,-7,-2,-7,-1,-8,-2,-7,-1,-7,0,0,0,0,0,0,0,0,0,0]"
[0;32mI (929) csi_recv: compensate_gain 1.000000, agc_gain 0, fft_gain -18[0m
CSI_DATA,32809,14:c1:9f:28:c1:a0,-9,11,1,0,1,1,1,0,0,0,0,-97,0,11,2,931027,0,47,0,128,0,"[0,0,0,0,0,0,0,0,0,0,0,0,-10,5,-9,5,-11,7,-11,6,-9,6,-8,5,-8,5,-6,5,-8,5,-6,7,-9,5,-8,8,-8,6,-7,7,-5,6,-8,7,-7,7,-4,8,-5,8,-5,7,-3,5,-5,8,-2,7,-7,8,-7,8,-6,7,0,0,-5,9,-8,8,-8,8,-7,12,-5,8,-6,8,-6,9,-5,7,-6,10,-5,7,-9,7,-6,6,-8,7,-6,6,-7,5,-9,4,-8,5,-7,5,-5,3,-6,5,-5,2,-6,3,-6,3,-7,2,-6,2,-7,2,0,0,0,0,0,0,0,0,0,0]"
[0;32mI (939) csi_recv: compensate_gain 1.000000, agc_gain 0, fft_gain -18[0m
CSI_DATA,32810,14:c1:9f:28:c1:a0,-9,11,1,0,1,1,1,0,0,0,0,-97,0,11,2,941975,0,47,0,128,0,"[0,0,0,0,0,0,0,0,0,0,0,0,-6,9,-5,9,-6,12,-7,10,-4,9,-4,8,-4,8,-2,7,-4,8,-1,9,-5,9,-3,11,-4,9,-2,9,-1,7,-3,10,-1,9,1,9,0,9,0,8,0,6,0,9,2,7,-1,10,-1,11,-1,9,0,0,1,10,-2,11,-2,10,1,14,1,9,0,9,0,10,0,8,0,11,0,8,-3,10,-2,8,-2,10,-2,8,-3,8,-4,8,-4,9,-2,8,-3,5,-2,7,-3,5,-3,6,-3,5,-5,5,-4,5,-4,5,0,0,0,0,0,0,0,0,0,0]"
[0;32mI (949) csi_recv: compensate_gain 1.000000, agc_gain 0, fft_gain -18[0m
CSI_DATA,32811,14:c1:9f:28:c1:a0,-9,11,1,0,1,1,1,0,0,0,0,-97,0,11,2,952941,0,47,0,128,0,"[0,0,0,0,0,0,0,0,0,0,0,0,-1,11,-1,10,0,13,-2,12,0,10,0,9,0,9,1,7,0,9,3,8,-1,10,2,11,0,9,2,8,2,7,2,10,3,9,4,8,4,8,3,7,3,5,4,8,4,5,3,10,3,10,2,8,0,0,5,9,3,10,2,10,6,12,5,8,3,8,4,9,4,7,4,10,3,7,1,11,2,8,2,10,2,7,0,8,-1,9,0,9,1,8,0,6,1,7,-1,5,0,6,-1,6,-2,7,-1,6,-2,6,0,0,0,0,0,0,0,0,0,0]"
[0;32mI (959) csi_recv: compensate_gain 1.000000, agc_gain 0, fft_gain -18[0m
CSI_DATA,32812,14:c1:9f:28:c1:a0,-9,11,1,0,1,1,1,0,0,0,0,-97,0,11,2,963925,0,47,0,128,0,"[0,0,0,0,0,0,0,0,0,0,0,0,6,9,6,8,8,10,7,10,7,7,5,7,6,7,5,5,6,7,8,4,6,8,8,7,7,7,7,5,6,4,8,7,8,5,8,3,8,4,7,3,6,2,8,4,7,1,9,5,9,5,8,5,0,0,10,3,9,6,9,6,13,5,9,3,8,4,10,4,8,3,10,5,8,4,8,7,6,5,8,6,7,4,6,6,5,7,6,7,6,5,3,4,6,4,3,4,4,5,3,5,3,6,3,5,3,5,0,0,0,0,0,0,0,0,0,0]"
[0;32mI (979) csi_recv: compensate_gain 0.971628, agc_gain 1, fft_gain -21[0m
CSI_DATA,32813,14:c1:9f:28:c1:a0,-10,11,1,0,1,1,1,0,0,0,0,-97,0,11,2,975759,0,47,0,128,0,"[0,0,0,0,0,0,0,0,0,0,0,0,0,-11,0,-10,0,-13,1,-12,0,-10,0,-9,0,-10,0,-7,0,-9,-2,-8,0,-11,-1,-12,0,-10,-2,-9,-2,-7,-1,-11,-2,-10,-4,-8,-4,-9,-3,-8,-2,-6,-3,-9,-4,-5,-3,-10,-3,-11,-2,-9,0,0,-5,-10,-2,-11,-2,-11,-6,-12,-5,-9,-3,-9,-4,-10,-3,-7,-4,-11,-3,-8,-1,-11,-2,-8,-2,-10,-1,-8,0,-8,0,-9,0,-9,-1,-8,0,-6,-1,-8,0,-5,0,-7,0,-6,0,-7,0,-6,0,-6,0,0,0,0,0,0,0,0,0,0]"
[0;32mI (989) csi_recv: compensate_gain 0.971628, agc_gain 0, fft_gain -17[0m
CSI_DATA,32814,14:c1:9f:28:c1:a0,-10,11,1,0,1,1,1,0,0,0,0,-97,0,11,2,985924,0,47,0,128,0,"[0,0,0,0,0,0,0,0,0,0,0,0,10,-2,8,-2,11,-4,11,-2,9,-3,7,-2,8,-2,5,-3,7,-3,6,-5,9,-2,9,-5,8,-3,7,-4,5,-4,8,-5,7,-5,5,-6,6,-6,5,-5,3,-4,6,-6,3,-6,7,-6,8,-6,6,-5,0,0,6,-7,8,-6,8,-5,9,-10,5,-7,6,-6,7,-7,5,-6,7,-8,5,-5,9,-4,6,-4,8,-5,6,-4,7,-3,8,-2,8,-3,6,-3,4,-1,5,-3,4,-1,5,-2,5,-1,6,0,5,-1,5,0,0,0,0,0,0,0,0,0,0,0]"
[0;32mI (999) csi_recv: compensate_gain 0.971628, agc_gain 0, fft_gain -17[0m
CSI_DATA,32815,14:c1:9f:28:c1:a0,-10,11,1,0,1,1,1,0,0,0,0,-97,0,11,2,996944,0,47,0,128,0,"[0,0,0,0,0,0,0,0,0,0,0,0,5,-9,4,-8,6,-11,7,-9,4,-8,4,-7,4,-8,2,-6,4,-7,1,-9,5,-8,3,-10,4,-8,2,-9,1,-7,3,-10,2,-9,0,-9,0,-9,0,-8,0,-6,0,-9,0,-7,1,-10,2,-10,1,-9,0,0,0,-10,2,-10,3,-10,0,-14,0,-10,1,-9,1,-10,0,-8,1,-11,1,-8,4,-10,2,-8,3,-10,2,-7,3,-7,5,-7,4,-8,2,-7,2,-4,2,-7,2,-4,3,-5,3,-4,4,-4,3,-4,3,-4,0,0,0,0,0,0,0,0,0,0]"
[0;32mI (1009) csi_recv: compensate_gain 0.971628, agc_gain 0, fft_gain -17[0m
CSI_DATA,32816,14:c1:9f:28:c1:a0,-10,11,1,0,1,1,1,0,0,0,0,-97,0,11,2,1007946,0,47,0,128,0,"[0,0,0,0,0,0,0,0,0,0,0,0,0,-11,0,-10,0,-13,1,-12,0,-10,0,-8,0,-10,0,-7,0,-9,-2,-9,0,-10,-1,-11,0,-10,-1,-9,-1,-7,-1,-11,-2,-9,-4,-8,-3,-8,-3,-8,-2,-5,-3,-8,-4,-6,-3,-10,-2,-10,-2,-9,0,0,-4,-9,-2,-11,-1,-11,-5,-13,-4,-9,-3,-9,-4,-10,-3,-7,-4,-11,-2,-8,0,-11,-1,-8,-1,-10,-1,-8,0,-8,0,-9,0,-9,0,-8,0,-6,-1,-8,0,-5,0,-7,0,-6,1,-7,0,-6,0,-6,0,0,0,0,0,0,0,0,0,0]"
[0;32mI (1019) csi_recv: compensate_gain 1.000000, agc_gain 0, fft_gain -18[0m
CSI_DATA,32817,14:c1:9f:28:c1:a0,-9,11,1,0,1,1,1,0,0,0,0,-97,0,11,2,1018948,0,47,0,128,0,"[0,0,0,0,0,0,0,0,0,0,0,0,-2,-12,-2,-11,-3,-14,-1,-13,-3,-11,-2,-10,-2,-10,-3,-8,-2,-10,-5,-9,-2,-11,-5,-11,-3,-10,-5,-9,-4,-8,-4,-11,-5,-10,-6,-8,-6,-8,-5,-8,-4,-6,-6,-9,-6,-5,-6,-10,-6,-10,-5,-9,0,0,-7,-9,-5,-11,-5,-11,-9,-12,-7,-8,-5,-9,-7,-10,-6,-8,-7,-11,-5,-8,-3,-11,-4,-8,-5,-11,-4,-8,-2,-9,-1,-10,-2,-10,-3,-9,-1,-7,-3,-8,-1,-6,-1,-8,-1,-7,0,-8,0,-7,0,-7,0,0,0,0,0,0,0,0,0,0]"
[0;32mI (1029) csi_recv: compensate_gain 0.944061, agc_gain 0, fft_gain -16[0m
CSI_DATA,32818,14:c1:9f:28:c1:a0,-10,11,1,0,1,1,1,0,0,0,0,-97,0,11,2,1029921,0,47,0,128,0,"[0,0,0,0,0,0,0,0,0,0,0,0,-1,-11,-2,-10,-3,-13,-2,-12,-3,-10,-2,-9,-2,-9,-3,-6,-2,-9,-5,-7,-2,-10,-5,-10,-3,-9,-4,-8,-4,-6,-4,-10,-5,-9,-6,-6,-6,-7,-5,-6,-4,-4,-6,-7,-6,-4,-6,-9,-6,-9,-5,-8,0,0,-8,-7,-6,-9,-5,-10,-10,-10,-7,-7,-6,-7,-7,-8,-5,-6,-7,-9,-5,-6,-4,-10,-4,-7,-5,-9,-4,-7,-2,-8,-1,-9,-2,-9,-3,-7,-1,-5,-3,-7,-1,-5,-2,-7,-1,-6,0,-7,0,-6,0,-6,0,0,0,0,0,0,0,0,0,0]"
[0;32mI (1039) csi_recv: compensate_gain 0.971628, agc_gain 0, fft_gain -17[0m
CSI_DATA,32819,14:c1:9f:28:c1:a0,-10,11,1,0,1,1,1,0,0,0,0,-97,0,11,2,1040943,0,47,0,128,0,"[0,0,0,0,0,0,0,0,0,0,0,0,-6,-9,-6,-8,-8,-10,-6,-10,-7,-7,-5,-6,-6,-7,-5,-4,-6,-6,-8,-4,-6,-8,-8,-7,-7,-7,-7,-5,-6,-3,-8,-6,-8,-5,-8,-2,-9,-3,-7,-3,-5,-2,-8,-3,-7,-1,-9,-4,-9,-5,-8,-5,0,0,-10,-3,-9,-6,-9,-6,-13,-4,-9,-3,-9,-4,-10,-4,-7,-3,-10,-4,-7,-3,-8,-7,-7,-4,-9,-5,-6,-4,-6,-5,-5,-7,-6,-7,-6,-5,-4,-4,-6,-4,-3,-4,-4,-5,-4,-4,-3,-6,-3,-5,-3,-5,0,0,0,0,0,0,0,0,0,0]"
[0;32mI (1049) csi_recv: compensate_gain 0.971628, agc_gain 0, fft_gain -17[0m
CSI_DATA,32820,14:c1:9f:28:c1:a0,-10,11,1,0,1,1,1,0,0,0,0,-97,0,11,2,1051918,0,47,0,128,0,"[0,0,0,0,0,0,0,0,0,0,0,0,-5,-9,-4,-8,-7,-10,-5,-10,-6,-8,-4,-7,-5,-7,-5,-5,-5,-7,-7,-5,-5,-9,-7,-8,-5,-7,-6,-6,-5,-4,-7,-7,-7,-6,-8,-4,-7,-4,-7,-4,-5,-2,-7,-5,-6,-2,-8,-6,-8,-6,-7,-5,0,0,-9,-4,-8,-7,-7,-7,-12,-6,-8,-4,-7,-5,-9,-5,-7,-4,-9,-6,-6,-4,-6,-8,-6,-5,-7,-7,-5,-5,-5,-6,-4,-8,-5,-8,-5,-6,-3,-4,-5,-5,-2,-4,-3,-5,-2,-5,-2,-6,-2,-5,-2,-5,0,0,0,0,0,0,0,0,0,0]"
[0;32mI (1059) csi_recv: compensate_gain 0.971628, agc_gain 0, fft_gain -17[0m
CSI_DATA,32821,14:c1:9f:28:c1:a0,-10,11,1,0,1,1,1,0,0,0,0,-97,0,11,2,1062929,0,47,0,128,0,"[0,0,0,0,0,0,0,0,0,0,0,0,-7,-8,-6,-7,-9,-9,-7,-9,-7,-7,-6,-6,-6,-7,-5,-4,-6,-6,-8,-4,-7,-8,-9,-6,-7,-6,-8,-4,-6,-3,-9,-6,-8,-4,-9,-2,-9,-3,-8,-3,-6,-2,-8,-3,-7,0,-10,-4,-10,-5,-8,-4,0,0,-10,-2,-10,-5,-9,-5,-13,-4,-9,-2,-9,-3,-10,-3,-8,-2,-11,-3,-8,-3,-9,-6,-7,-4,-9,-5,-7,-4,-6,-5,-6,-7,-7,-6,-6,-4,-4,-4,-6,-4,-3,-4,-5,-4,-4,-4,-3,-6,-4,-5,-3,-5,0,0,0,0,0,0,0,0,0,0]"
[0;32mI (1069) csi_recv: compensate_gain 0.971628, agc_gain 0, fft_gain -17[0m
CSI_DATA,32822,14:c1:9f:28:c1:a0,-10,11,1,0,1,1,1,0,0,0,0,-97,0,11,2,1073931,0,47,0,128,0,"[0,0,0,0,0,0,0,0,0,0,0,0,-6,-9,-6,-8,-8,-9,-7,-10,-7,-7,-5,-6,-6,-7,-5,-4,-6,-7,-8,-4,-6,-8,-9,-7,-6,-7,-7,-5,-6,-4,-8,-7,-8,-5,-8,-3,-9,-3,-7,-3,-5,-2,-8,-4,-7,-1,-9,-5,-9,-5,-8,-5,0,0,-10,-4,-9,-6,-9,-6,-13,-5,-9,-3,-8,-4,-10,-5,-7,-3,-10,-5,-7,-4,-8,-7,-6,-5,-8,-6,-6,-5,-6,-6,-5,-7,-6,-7,-6,-5,-3,-4,-6,-5,-3,-4,-4,-5,-3,-5,-2,-6,-3,-5,-3,-5,0,0,0,0,0,0,0,0,0,0]"
[0;32mI (1089) csi_recv: compensate_gain 0.971628, agc_gain 0, fft_gain -17[0m
CSI_DATA,32823,14:c1:9f:28:c1:a0,-10,11,1,0,1,1,1,0,0,0,0,-97,0,11,2,1084962,0,47,0,128,0,"[0,0,0,0,0,0,0,0,0,0,0,0,-9,-5,-8,-4,-12,-5,-10,-6,-9,-4,-7,-3,-8,-4,-7,-2,-8,-3,-9,-1,-9,-5,-11,-3,-9,-3,-9,-2,-7,-1,-10,-2,-9,-1,-9,0,-9,0,-8,0,-6,0,-9,0,-7,0,-10,-1,-11,-1,-9,-1,0,0,-10,0,-11,-1,-10,-2,-14,0,-9,0,-9,0,-11,0,-8,0,-11,0,-8,0,-10,-3,-8,-1,-10,-2,-8,-1,-8,-2,-8,-4,-9,-4,-7,-2,-5,-2,-7,-1,-4,-2,-6,-2,-5,-3,-5,-4,-5,-3,-5,-3,0,0,0,0,0,0,0,0,0,0]"
[0;32mI (1099) csi_recv: compensate_gain 1.000000, agc_gain 0, fft_gain -18[0m
CSI_DATA,32824,14:c1:9f:28:c1:a0,-10,11,1,0,1,1,1,0,0,0,0,-97,0,11,2,1095928,0,47,0,128,0,"[0,0,0,0,0,0,0,0,0,0,0,0,-6,-10,-6,-9,-8,-12,-6,-12,-7,-9,-6,-8,-6,-9,-6,-6,-6,-8,-8,-6,-6,-10,-8,-9,-7,-9,-7,-7,-7,-6,-8,-9,-8,-7,-9,-5,-9,-6,-8,-5,-6,-4,-8,-6,-8,-3,-9,-7,-9,-8,-8,-7,0,0,-10,-6,-9,-8,-9,-9,-13,-8,-10,-5,-9,-7,-10,-6,-8,-5,-10,-7,-7,-6,-8,-9,-7,-7,-8,-8,-6,-7,-6,-7,-5,-9,-6,-9,-6,-7,-3,-6,-6,-6,-3,-6,-4,-6,-3,-6,-2,-8,-3,-7,-3,-7,0,0,0,0,0,0,0,0,0,0]"
[0;32mI (1109) csi_recv: compensate_gain 0.971628, agc_gain 0, fft_gain -17[0m
CSI_DATA,32825,14:c1:9f:28:c1:a0,-10,11,1,0,1,1,1,0,0,0,0,-97,0,11,2,1106939,0,47,0,128,0,"[0,0,0,0,0,0,0,0,0,0,0,0,-5,-9,-5,-8,-7,-10,-6,-11,-6,-8,-5,-7,-5,-7,-5,-5,-5,-7,-7,-5,-5,-9,-8,-8,-6,-7,-7,-6,-6,-4,-7,-7,-7,-6,-8,-4,-8,-4,-7,-4,-5,-2,-8,-4,-7,-1,-9,-6,-9,-6,-7,-5,0,0,-10,-4,-8,-7,-8,-7,-12,-6,-9,-4,-8,-5,-9,-5,-7,-3,-10,-5,-7,-4,-7,-8,-6,-5,-8,-7,-6,-5,-5,-6,-4,-8,-5,-7,-6,-6,-3,-4,-5,-5,-3,-4,-4,-5,-3,-5,-2,-6,-3,-5,-2,-5,0,0,0,0,0,0,0,0,0,0]"
[0;32mI (1119) csi_recv: compensate_gain 0.971628, agc_gain 0, fft_gain -17[0m
CSI_DATA,32826,14:c1:9f:28:c1:a0,-10,11,1,0,1,1,1,0,0,0,0,-97,0,11,2,1117923,0,47,0,128,0,"[0,0,0,0,0,0,0,0,0,0,0,0,-5,-10,-4,-8,-7,-11,-5,-11,-5,-8,-4,-7,-5,-8,-4,-5,-5,-7,-7,-6,-5,-9,-7,-8,-5,-8,-6,-6,-5,-4,-7,-8,-7,-6,-8,-4,-8,-5,-7,-4,-5,-3,-7,-5,-7,-2,-8,-6,-8,-7,-7,-6,0,0,-9,-5,-8,-7,-8,-7,-12,-7,-8,-4,-8,-5,-9,-6,-7,-4,-9,-6,-7,-5,-7,-8,-6,-6,-8,-7,-6,-5,-5,-7,-4,-8,-5,-8,-5,-6,-3,-5,-5,-5,-2,-4,-4,-5,-3,-5,-2,-6,-3,-5,-2,-6,0,0,0,0,0,0,0,0,0,0]"
[0;32mI (1129) csi_recv: compensate_gain 1.000000, agc_gain 0, fft_gain -18[0m
CSI_DATA,32827,14:c1:9f:28:c1:a0,-10,11,1,0,1,1,1,0,0,0,0,-97,0,11,2,1128985,0,47,0,128,0,"[0,0,0,0,0,0,0,0,0,0,0,0,-8,-9,-8,-8,-11,-9,-9,-10,-9,-7,-7,-7,-8,-7,-7,-5,-8,-6,-9,-4,-8,-8,-10,-7,-8,-7,-9,-5,-7,-4,-10,-6,-10,-5,-10,-2,-10,-3,-9,-3,-7,-2,-9,-3,-8,-1,-11,-5,-11,-5,-9,-4,0,0,-11,-3,-11,-6,-10,-6,-14,-4,-10,-3,-10,-4,-11,-4,-9,-3,-12,-4,-9,-4,-10,-7,-8,-5,-10,-6,-8,-5,-7,-6,-7,-7,-8,-7,-7,-5,-5,-5,-7,-5,-4,-5,-6,-5,-5,-5,-4,-7,-5,-6,-4,-6,0,0,0,0,0,0,0,0,0,0]"
[0;32mI (1139) csi_recv: compensate_gain 0.971628, agc_gain 0, fft_gain -17[0m
CSI_DATA,32828,14:c1:9f:28:c1:a0,-10,11,1,0,1,1,1,0,0,0,0,-97,0,11,2,1139938,0,47,0,128,0,"[0,0,0,0,0,0,0,0,0,0,0,0,-1,-11,-1,-10,-2,-13,0,-12,-2,-10,-1,-8,-2,-9,-2,-7,-2,-9,-4,-7,-1,-10,-4,-11,-2,-9,-3,-8,-3,-6,-4,-10,-4,-8,-6,-7,-5,-7,-5,-6,-4,-4,-5,-7,-5,-4,-5,-9,-5,-9,-4,-8,0,0,-7,-8,-5,-10,-4,-10,-9,-11,-6,-7,-5,-8,-6,-8,-5,-6,-7,-9,-5,-7,-3,-10,-3,-7,-4,-9,-3,-7,-2,-8,-1,-9,-2,-9,-2,-7,-1,-5,-3,-7,-1,-5,-2,-6,-1,-6,0,-7,0,-6,0,-6,0,0,0,0,0,0,0,0,0,0]"
[0;32mI (1149) csi_recv: compensate_gain 0.971628, agc_gain 0, fft_gain -17[0m
CSI_DATA,32829,14:c1:9f:28:c1:a0,-10,11,1,0,1,1,1,0,0,0,0,-97,0,11,2,1150940,0,47,0,128,0,"[0,0,0,0,0,0,0,0,0,0,0,0,0,-11,0,-10,0,-13,0,-12,0,-10,0,-9,0,-9,-1,-7,0,-9,-3,-8,0,-10,-2,-11,0,-10,-2,-9,-2,-7,-2,-10,-2,-10,-4,-8,-4,-8,-3,-7,-2,-5,-4,-8,-5,-5,-4,-10,-3,-10,-3,-9,0,0,-5,-9,-3,-10,-2,-11,-6,-12,-5,-8,-4,-9,-4,-9,-4,-7,-4,-10,-3,-7,-1,-11,-2,-8,-2,-10,-2,-8,0,-8,0,-9,0,-9,-1,-8,0,-6,-1,-7,0,-5,0,-6,0,-6,0,-7,0,-6,0,-6,0,0,0,0,0,0,0,0,0,0]"
[0;32mI (1159) csi_recv: compensate_gain 0.971628, agc_gain 0, fft_gain -17[0m
CSI_DATA,32830,14:c1:9f:28:c1:a0,-10,11,1,0,1,1,1,0,0,0,0,-97,0,11,2,1161915,0,47,0,128,0,"[0,0,0,0,0,0,0,0,0,0,0,0,4,-10,3,-9,4,-12,5,-10,3,-9,2,-8,3,-8,1,-7,2,-8,0,-9,4,-9,2,-11,2,-9,0,-9,0,-7,1,-10,0,-10,0,-9,0,-9,0,-8,0,-6,0,-9,-2,-7,0,-10,0,-11,0,-9,0,0,0,-11,0,-11,1,-11,0,-14,0,-10,0,-9,0,-11,0,-8,0,-11,0,-8,2,-10,0,-8,0,-10,0,-8,2,-8,3,-8,3,-8,1,-8,1,-5,0,-7,1,-5,1,-6,1,-5,3,-5,2,-5,3,-5,0,0,0,0,0,0,0,0,0,0]"
[0;32mI (1169) csi_recv: compensate_gain 0.971628, agc_gain 0, fft_gain -17[0m
CSI_DATA,32831,14:c1:9f:28:c1:a0,-10,11,1,0,1,1,1,0,0,0,0,-97,0,11,2,1172935,0,47,0,128,0,"[0,0,0,0,0,0,0,0,0,0,0,0,5,-9,4,-8,5,-11,6,-10,3,-9,3,-8,3,-8,1,-7,2,-8,0,-9,4,-9,2,-11,3,-9,1,-9,0,-7,1,-10,0,-10,0,-9,0,-9,0,-8,0,-6,0,-9,-1,-7,0,-11,0,-11,0,-9,0,0,0,-10,0,-11,1,-11,0,-14,0,-10,0,-10,0,-11,0,-8,0,-11,0,-8,2,-10,0,-8,0,-10,0,-8,1,-8,3,-8,2,-8,1,-8,1,-5,0,-7,1,-5,1,-6,1,-5,3,-5,2,-5,2,-5,0,0,0,0,0,0,0,0,0,0]"
[0;32mI (1179) csi_recv: compensate_gain 0.971628, agc_gain 0, fft_gain -17[0m
CSI_DATA,32832,14:c1:9f:28:c1:a0,-10,11,1,0,1,1,1,0,0,0,0,-97,0,11,2,1183927,0,47,0,128,0,"[0,0,0,0,0,0,0,0,0,0,0,0,9,-4,8,-4,10,-6,10,-5,7,-5,7,-4,7,-5,4,-4,6,-4,5,-7,8,-4,8,-7,7,-5,5,-6,4,-5,7,-7,6,-7,3,-8,4,-8,4,-7,2,-5,4,-7,1,-7,6,-8,6,-8,5,-7,0,0,4,-9,7,-8,7,-7,6,-12,4,-8,5,-8,5,-9,3,-7,5,-9,4,-6,7,-7,5,-6,6,-7,5,-5,6,-5,7,-4,7,-4,5,-5,4,-3,5,-5,4,-2,4,-3,4,-2,6,-1,4,-2,5,-2,0,0,0,0,0,0,0,0,0,0]"
[0;32mI (1199) csi_recv: compensate_gain 0.971628, agc_gain 0, fft_gain -17[0m
CSI_DATA,32833,14:c1:9f:28:c1:a0,-9,11,1,0,1,1,1,0,0,0,0,-97,0,11,2,1194929,0,47,0,128,0,"[0,0,0,0,0,0,0,0,0,0,0,0,10,0,9,-1,12,-2,11,0,9,-2,7,-1,8,-1,6,-2,8,-1,7,-4,9,-1,10,-4,8,-2,7,-3,5,-3,9,-4,8,-4,6,-6,6,-5,6,-4,4,-3,6,-5,4,-6,8,-5,8,-5,7,-4,0,0,7,-6,9,-5,9,-4,10,-8,6,-6,7,-5,7,-6,5,-5,8,-6,6,-4,9,-3,7,-3,8,-4,6,-3,7,-2,8,-1,8,-2,6,-3,4,-1,6,-3,4,0,5,-1,5,-1,6,0,5,0,5,0,0,0,0,0,0,0,0,0,0,0]"
[0;32mI (1209) csi_recv: compensate_gain 1.000000, agc_gain 0, fft_gain -18[0m
CSI_DATA,32834,14:c1:9f:28:c1:a0,-9,11,1,0,1,1,1,0,0,0,0,-97,0,11,2,1205940,0,47,0,128,0,"[0,0,0,0,0,0,0,0,0,0,0,0,11,3,10,2,13,2,12,4,10,1,8,2,9,2,7,0,9,1,9,-1,10,3,11,1,10,1,9,0,7,-1,11,0,10,-1,9,-3,9,-3,8,-2,6,-2,9,-2,6,-4,11,-2,11,-1,9,-1,0,0,10,-3,11,-1,11,-1,14,-4,9,-3,9,-2,11,-3,8,-2,11,-3,9,-2,11,1,8,0,11,0,8,0,8,1,9,3,9,2,8,0,5,1,7,0,5,1,6,1,6,2,6,3,5,2,5,2,0,0,0,0,0,0,0,0,0,0]"
[0;32mI (1219) csi_recv: compensate_gain 1.000000, agc_gain 0, fft_gain -18[0m
CSI_DATA,32835,14:c1:9f:28:c1:a0,-9,11,1,0,1,1,1,0,0,0,0,-97,0,11,2,1216933,0,47,0,128,0,"[0,0,0,0,0,0,0,0,0,0,0,0,6,9,6,8,8,10,6,10,6,7,5,7,6,7,5,4,5,7,7,4,6,8,8,7,6,7,7,5,6,4,7,6,8,6,8,3,8,4,7,3,5,2,8,4,7,1,9,5,9,5,7,5,0,0,10,4,9,6,9,6,12,5,9,3,8,4,9,4,7,3,10,5,7,4,8,7,6,5,8,6,6,4,5,6,5,7,6,7,6,5,3,4,5,4,3,4,4,5,3,4,3,6,3,5,3,5,0,0,0,0,0,0,0,0,0,0]"
[0;32mI (1229) csi_recv: compensate_gain 0.971628, agc_gain 0, fft_gain -17[0m
CSI_DATA,32836,14:c1:9f:28:c1:a0,-10,11,1,0,1,1,1,0,0,0,0,-97,0,11,2,1227944,0,47,0,128,0,"[0,0,0,0,0,0,0,0,0,0,0,0,1,9,2,8,3,11,1,11,3,8,2,7,2,8,2,5,2,7,4,6,2,9,4,9,2,8,4,6,3,4,4,8,4,6,6,5,5,5,5,5,3,3,5,5,5,2,5,7,5,7,4,6,0,0,6,6,5,8,5,8,9,8,6,5,5,6,6,6,5,4,6,7,4,5,3,9,3,6,4,7,3,5,2,6,1,8,2,8,2,6,0,4,2,5,0,4,1,5,0,5,0,6,0,5,0,5,0,0,0,0,0,0,0,0,0,0]"
[0;32mI (1239) csi_recv: compensate_gain 1.000000, agc_gain 0, fft_gain -18[0m
CSI_DATA,32837,14:c1:9f:28:c1:a0,-9,11,1,0,1,1,1,0,0,0,0,-97,0,11,2,1238942,0,47,0,128,0,"[0,0,0,0,0,0,0,0,0,0,0,0,-7,9,-6,8,-7,11,-8,10,-5,9,-5,8,-5,8,-3,7,-5,8,-2,9,-7,9,-5,11,-5,9,-3,9,-2,7,-4,10,-3,10,-1,9,-1,10,-2,8,-1,6,-2,9,1,7,-2,10,-3,11,-3,9,0,0,-1,11,-3,11,-4,11,-1,14,-1,10,-2,9,-2,11,-1,8,-2,11,-2,8,-5,10,-3,8,-4,10,-3,8,-4,8,-6,8,-5,8,-4,8,-4,5,-3,7,-4,4,-4,6,-4,5,-6,5,-5,5,-5,5,0,0,0,0,0,0,0,0,0,0]"
[0;32mI (1249) csi_recv: compensate_gain 1.000000, agc_gain 0, fft_gain -18[0m
CSI_DATA,32838,14:c1:9f:28:c1:a0,-9,11,1,0,1,1,1,0,0,0,0,-97,0,11,2,1249944,0,47,0,128,0,"[0,0,0,0,0,0,0,0,0,0,0,0,-10,5,-9,5,-11,7,-12,5,-9,6,-8,5,-9,5,-6,5,-8,5,-6,7,-10,5,-9,8,-8,6,-7,7,-5,6,-8,7,-7,7,-5,8,-5,8,-5,7,-3,5,-5,8,-2,7,-6,9,-7,9,-6,7,0,0,-5,9,-8,8,-8,8,-7,12,-5,9,-6,8,-6,9,-4,7,-6,10,-5,7,-8,7,-6,6,-7,8,-6,6,-7,5,-8,5,-8,5,-6,6,-5,3,-6,5,-5,3,-6,4,-5,3,-7,2,-6,3,-6,2,0,0,0,0,0,0,0,0,0,0]"
[0;32mI (1259) csi_recv: compensate_gain 1.000000, agc_gain 0, fft_gain -18[0m
CSI_DATA,32839,14:c1:9f:28:c1:a0,-9,11,1,0,1,1,1,0,0,0,0,-97,0,11,2,1260928,0,47,0,128,0,"[0,0,0,0,0,0,0,0,0,0,0,0,-12,-2,-11,-1,-14,-1,-13,-2,-11,0,-9,-1,-10,-1,-8,1,-10,-1,-9,2,-11,-1,-12,1,-10,0,-10,2,-8,2,-11,1,-10,2,-9,4,-9,4,-9,3,-6,2,-9,3,-6,4,-11,3,-11,3,-10,2,0,0,-10,5,-12,2,-11,2,-13,6,-9,4,-10,3,-11,4,-8,3,-11,4,-9,3,-11,0,-9,1,-11,2,-8,1,-9,0,-10,-2,-10,-1,-8,0,-6,-1,-8,1,-6,-1,-7,-1,-7,-1,-7,-3,-7,-2,-7,-2,0,0,0,0,0,0,0,0,0,0]"
[0;32mI (1269) csi_recv: compensate_gain 1.000000, agc_gain 0, fft_gain -18[0m
CSI_DATA,32840,14:c1:9f:28:c1:a0,-9,11,1,0,1,1,1,0,0,0,0,-97,0,11,2,1271948,0,47,0,128,0,"[0,0,0,0,0,0,0,0,0,0,0,0,-10,-7,-9,-6,-12,-7,-11,-8,-10,-5,-8,-5,-9,-5,-7,-3,-8,-5,-10,-2,-10,-6,-11,-4,-9,-5,-10,-3,-8,-2,-11,-4,-10,-3,-10,-1,-10,-1,-9,-1,-7,-1,-10,-1,-8,1,-11,-2,-11,-2,-10,-2,0,0,-11,0,-12,-3,-11,-3,-15,-1,-10,0,-10,-2,-11,-1,-9,-1,-12,-1,-9,-2,-11,-4,-9,-3,-11,-3,-8,-3,-8,-4,-8,-5,-9,-5,-8,-3,-6,-3,-8,-3,-5,-3,-7,-3,-6,-4,-6,-5,-6,-4,-6,-4,0,0,0,0,0,0,0,0,0,0]"
[0;32mI (1279) csi_recv: compensate_gain 1.000000, agc_gain 0, fft_gain -18[0m
CSI_DATA,32841,14:c1:9f:28:c1:a0,-10,11,1,0,1,1,1,0,0,0,0,-97,0,11,2,1282922,0,47,0,128,0,"[0,0,0,0,0,0,0,0,0,0,0,0,-1,-12,-1,-11,-2,-14,0,-13,-2,-11,-1,-10,-2,-10,-3,-8,-2,-10,-4,-9,-1,-12,-4,-12,-2,-11,-4,-10,-4,-8,-4,-11,-4,-10,-6,-8,-6,-9,-5,-8,-4,-6,-5,-9,-6,-6,-5,-10,-5,-11,-4,-9,0,0,-7,-10,-4,-11,-4,-11,-8,-13,-6,-9,-5,-9,-6,-10,-5,-8,-6,-11,-4,-8,-3,-12,-3,-9,-4,-11,-3,-9,-2,-9,0,-10,-1,-10,-2,-9,-1,-6,-3,-8,-1,-6,-1,-7,-1,-7,1,-8,0,-7,0,-7,0,0,0,0,0,0,0,0,0,0]"
[0;32mI (1289) csi_recv: compensate_gain 1.000000, agc_gain 0, fft_gain -18[0m
CSI_DATA,32842,14:c1:9f:28:c1:a0,-10,11,1,0,1,1,1,0,0,0,0,-97,0,11,2,1293941,0,47,0,128,0,"[0,0,0,0,0,0,0,0,0,0,0,0,4,-11,3,-10,3,-14,5,-12,2,-11,2,-9,2,-10,1,-8,2,-9,-1,-10,3,-11,1,-12,2,-10,0,-10,-1,-8,1,-11,0,-11,-3,-10,-2,-10,-2,-9,-2,-7,-2,-10,-4,-7,-1,-12,-1,-12,-1,-10,0,0,-3,-11,0,-12,0,-12,-3,-15,-3,-10,-1,-10,-2,-12,-2,-9,-2,-12,-1,-9,1,-12,0,-9,0,-11,0,-9,1,-9,3,-9,2,-10,1,-9,1,-6,0,-8,1,-6,1,-7,2,-6,3,-7,2,-7,3,-6,0,0,0,0,0,0,0,0,0,0]"
[0;32mI (1309) csi_recv: compensate_gain 1.000000, agc_gain 0, fft_gain -18[0m
CSI_DATA,32843,14:c1:9f:28:c1:a0,-10,11,1,0,1,1,1,0,0,0,0,-97,0,11,2,1304916,0,47,0,128,0,"[0,0,0,0,0,0,0,0,0,0,0,0,10,-5,9,-5,11,-7,11,-5,9,-5,7,-4,8,-5,5,-5,7,-5,6,-7,9,-5,9,-7,8,-5,7,-7,5,-6,8,-7,7,-7,5,-8,6,-8,5,-7,3,-6,5,-8,2,-7,7,-8,8,-8,6,-7,0,0,6,-9,8,-8,8,-7,8,-12,5,-9,6,-8,6,-9,5,-7,7,-9,5,-7,9,-6,6,-6,8,-7,6,-5,7,-5,8,-4,8,-4,7,-5,5,-3,6,-5,5,-2,6,-3,5,-2,7,-1,6,-2,6,-2,0,0,0,0,0,0,0,0,0,0]"
[0;32mI (1319) csi_recv: compensate_gain 1.000000, agc_gain 0, fft_gain -18[0m
CSI_DATA,32844,14:c1:9f:28:c1:a0,-9,11,1,0,1,1,1,0,0,0,0,-97,0,11,2,1315918,0,47,0,128,0,"[0,0,0,0,0,0,0,0,0,0,0,0,11,2,10,1,13,1,12,3,10,1,8,1,9,1,7,-1,9,0,9,-2,10,2,11,-1,10,0,9,-1,7,-2,11,-1,10,-2,9,-4,9,-3,8,-3,6,-3,9,-3,6,-5,10,-3,11,-2,9,-2,0,0,10,-4,11,-2,11,-2,13,-5,9,-4,9,-3,10,-4,8,-4,11,-4,8,-3,11,0,8,-1,10,-1,8,-1,8,0,9,2,9,1,8,-1,6,0,8,-1,5,0,7,0,6,1,6,2,6,1,6,2,0,0,0,0,0,0,0,0,0,0]"
[0;32mI (1329) csi_recv: compensate_gain 1.000000, agc_gain 0, fft_gain -18[0m
CSI_DATA,32845,14:c1:9f:28:c1:a0,-9,11,1,0,1,1,1,0,0,0,0,-97,0,11,2,1326929,0,47,0,128,0,"[0,0,0,0,0,0,0,0,0,0,0,0,9,5,9,4,11,5,10,6,9,3,8,3,8,4,7,2,8,3,8,1,9,5,10,3,9,3,9,2,8,1,10,2,10,1,8,-1,9,0,8,0,6,-1,9,0,6,-2,10,1,10,1,9,1,0,0,10,-1,10,2,11,2,13,0,10,-1,9,0,10,0,8,0,11,0,8,1,10,4,8,2,10,2,8,2,7,3,7,5,8,4,7,3,5,2,7,2,4,3,5,3,5,3,5,5,4,3,4,4,0,0,0,0,0,0,0,0,0,0]"
[0;32mI (1339) csi_recv: compensate_gain 0.971628, agc_gain 1, fft_gain -21[0m
CSI_DATA,32846,14:c1:9f:28:c1:a0,-10,11,1,0,1,1,1,0,0,0,0,-97,0,11,2,1337944,0,47,0,128,0,"[0,0,0,0,0,0,0,0,0,0,0,0,4,9,4,7,6,10,4,10,5,7,4,6,4,7,4,4,4,6,6,4,4,8,7,7,5,6,6,5,5,3,6,7,6,5,7,3,7,3,6,3,4,1,7,4,6,0,8,5,7,5,6,4,0,0,8,3,7,6,7,6,11,6,7,3,7,4,8,4,6,3,9,5,6,4,6,7,5,4,7,6,5,4,4,5,3,7,4,7,4,5,2,4,4,4,1,3,3,4,2,4,1,6,1,4,1,5,0,0,0,0,0,0,0,0,0,0]"
[0;32mI (1349) csi_recv: compensate_gain 1.000000, agc_gain 0, fft_gain -18[0m
CSI_DATA,32847,14:c1:9f:28:c1:a0,-10,11,1,0,1,1,1,0,0,0,0,-97,0,11,2,1348941,0,47,0,128,0,"[0,0,0,0,0,0,0,0,0,0,0,0,-1,11,-1,10,0,13,-2,12,0,10,0,9,0,9,1,7,0,9,3,8,-1,11,2,11,1,9,2,9,2,7,2,10,3,9,4,8,4,8,3,7,3,5,4,8,5,5,4,10,4,10,3,8,0,0,5,9,3,10,3,11,7,12,5,8,4,9,5,9,4,7,5,10,3,8,1,11,2,8,3,10,2,8,1,8,-1,9,0,9,1,8,0,5,1,7,0,5,0,6,0,6,-2,7,-1,6,-1,6,0,0,0,0,0,0,0,0,0,0]"
[0;32mI (1359) csi_recv: compensate_gain 0.971628, agc_gain 0, fft_gain -17[0m
CSI_DATA,32848,14:c1:9f:28:c1:a0,-9,11,1,0,1,1,1,0,0,0,0,-97,0,11,2,1359934,0,47,0,128,0,"[0,0,0,0,0,0,0,0,0,0,0,0,-7,7,-6,7,-7,9,-8,8,-5,7,-5,6,-5,6,-3,5,-5,6,-2,7,-6,7,-5,9,-5,7,-3,7,-2,6,-4,8,-3,8,-1,8,-2,8,-2,7,-1,5,-2,7,0,6,-3,9,-3,9,-3,7,0,0,-1,9,-4,9,-4,9,-2,12,-1,8,-2,8,-2,9,-1,7,-2,10,-2,7,-5,8,-3,6,-4,8,-3,6,-4,6,-6,5,-5,6,-4,6,-3,3,-3,5,-3,3,-4,4,-4,3,-5,3,-4,3,-5,3,0,0,0,0,0,0,0,0,0,0]"
[0;32mI (1369) csi_recv: compensate_gain 1.000000, agc_gain 0, fft_gain -18[0m
CSI_DATA,32849,14:c1:9f:28:c1:a0,-10,11,1,0,1,1,1,0,0,0,0,-97,0,11,2,1370945,0,47,0,128,0,"[0,0,0,0,0,0,0,0,0,0,0,0,-10,6,-9,6,-11,8,-11,6,-9,7,-8,5,-8,6,-6,5,-8,5,-6,7,-9,6,-8,8,-8,6,-7,7,-5,6,-8,8,-7,8,-4,8,-5,8,-5,7,-3,6,-5,8,-2,7,-6,9,-7,9,-6,7,0,0,-5,10,-7,9,-8,9,-7,13,-4,9,-6,8,-6,9,-4,8,-6,10,-5,7,-8,8,-6,6,-7,8,-6,6,-7,6,-8,5,-8,6,-6,6,-5,3,-6,6,-5,3,-6,4,-6,3,-7,2,-6,3,-6,3,0,0,0,0,0,0,0,0,0,0]"
[0;32mI (1379) csi_recv: compensate_gain 1.000000, agc_gain 0, fft_gain -18[0m
CSI_DATA,32850,14:c1:9f:28:c1:a0,-9,11,1,0,1,1,1,0,0,0,0,-97,0,11,2,1381929,0,47,0,128,0,"[0,0,0,0,0,0,0,0,0,0,0,0,-12,-2,-11,-2,-14,-1,-13,-3,-11,-1,-10,-1,-10,-1,-8,0,-10,-1,-10,2,-11,-2,-12,0,-11,-1,-10,1,-8,1,-12,1,-11,2,-9,3,-10,3,-9,2,-7,2,-10,3,-7,4,-11,2,-12,2,-10,1,0,0,-11,4,-12,2,-12,1,-14,5,-10,4,-10,2,-11,3,-9,3,-12,3,-9,2,-12,0,-9,0,-11,1,-9,0,-9,-1,-10,-2,-11,-2,-9,0,-7,-1,-9,0,-6,-2,-7,-1,-7,-2,-7,-4,-7,-2,-7,-3,0,0,0,0,0,0,0,0,0,0]"
[0;32mI (1389) csi_recv: compensate_gain 0.971628, agc_gain 0, fft_gain -17[0m
CSI_DATA,32851,14:c1:9f:28:c1:a0,-9,11,1,0,1,1,1,0,0,0,0,-97,0,11,2,1392940,0,47,0,128,0,"[0,0,0,0,0,0,0,0,0,0,0,0,-9,-5,-9,-5,-12,-5,-10,-7,-9,-4,-8,-4,-8,-4,-7,-2,-8,-4,-9,-1,-9,-5,-11,-3,-9,-3,-9,-2,-8,-1,-10,-3,-10,-1,-9,0,-9,0,-8,0,-6,0,-9,0,-7,0,-10,-1,-11,-1,-9,-1,0,0,-11,0,-11,-2,-11,-2,-14,0,-10,0,-10,0,-11,0,-8,0,-11,0,-8,0,-10,-3,-8,-2,-10,-2,-8,-2,-8,-3,-8,-5,-8,-4,-8,-2,-5,-2,-7,-2,-4,-2,-6,-3,-5,-3,-5,-5,-5,-3,-5,-4,0,0,0,0,0,0,0,0,0,0]"
[0;32mI (1399) csi_recv: compensate_gain 1.000000, agc_gain 0, fft_gain -18[0m
CSI_DATA,32852,14:c1:9f:28:c1:a0,-10,11,1,0,1,1,1,0,0,0,0,-97,0,11,2,1403933,0,47,0,128,0,"[0,0,0,0,0,0,0,0,0,0,0,0,-7,-10,-7,-9,-10,-11,-8,-11,-8,-8,-7,-8,-7,-8,-7,-5,-7,-7,-9,-5,-7,-9,-9,-8,-8,-8,-8,-6,-7,-5,-9,-8,-9,-6,-9,-4,-10,-5,-9,-4,-7,-3,-9,-5,-8,-2,-10,-6,-10,-7,-8,-6,0,0,-11,-5,-10,-7,-10,-8,-14,-6,-10,-4,-10,-5,-11,-5,-9,-4,-11,-6,-8,-5,-9,-9,-7,-6,-9,-7,-7,-6,-6,-7,-6,-9,-7,-8,-7,-6,-4,-5,-6,-6,-4,-5,-5,-6,-4,-6,-3,-8,-4,-6,-3,-7,0,0,0,0,0,0,0,0,0,0]"
[0;32mI (1419) csi_recv: compensate_gain 1.000000, agc_gain 0, fft_gain -18[0m
CSI_DATA,32853,14:c1:9f:28:c1:a0,-9,11,1,0,1,1,1,0,0,0,0,-97,0,11,2,1414917,0,47,0,128,0,"[0,0,0,0,0,0,0,0,0,0,0,0,0,-12,0,-11,-1,-14,1,-13,-1,-11,0,-9,-1,-10,-2,-8,-1,-10,-4,-9,0,-11,-3,-12,-1,-10,-3,-10,-3,-8,-3,-11,-3,-10,-5,-9,-5,-9,-4,-8,-4,-6,-4,-9,-5,-6,-4,-11,-4,-11,-3,-9,0,0,-6,-10,-4,-11,-3,-11,-7,-13,-5,-9,-4,-10,-5,-10,-4,-8,-5,-11,-4,-9,-2,-12,-2,-9,-3,-11,-2,-9,-1,-9,0,-10,0,-10,-1,-9,0,-7,-2,-8,0,-6,0,-7,0,-7,1,-7,0,-7,1,-7,0,0,0,0,0,0,0,0,0,0]"
[0;32mI (1429) csi_recv: compensate_gain 1.000000, agc_gain 0, fft_gain -18[0m
CSI_DATA,32854,14:c1:9f:28:c1:a0,-9,11,1,0,1,1,1,0,0,0,0,-97,0,11,2,1425919,0,47,0,128,0,"[0,0,0,0,0,0,0,0,0,0,0,0,5,-10,5,-10,5,-12,7,-11,4,-10,4,-9,4,-9,2,-8,4,-9,1,-9,5,-10,3,-11,4,-10,2,-10,1,-8,3,-11,2,-11,0,-9,0,-10,0,-9,0,-7,1,-10,-2,-8,1,-11,2,-11,2,-10,0,0,0,-12,3,-11,3,-12,1,-14,0,-11,1,-10,1,-11,0,-9,1,-12,1,-9,4,-10,2,-9,3,-11,2,-9,4,-8,6,-8,4,-8,3,-8,3,-5,2,-8,3,-5,3,-6,3,-5,5,-5,4,-5,4,-5,0,0,0,0,0,0,0,0,0,0]"
[0;32mI (1439) csi_recv: compensate_gain 0.971628, agc_gain 0, fft_gain -17[0m
CSI_DATA,32855,14:c1:9f:28:c1:a0,-9,11,1,0,1,1,1,0,0,0,0,-97,0,11,2,1436944,0,47,0,128,0,"[0,0,0,0,0,0,0,0,0,0,0,0,5,-8,4,-8,5,-11,6,-10,3,-8,3,-7,3,-8,1,-6,3,-8,1,-8,4,-9,3,-10,3,-8,1,-8,0,-7,2,-10,1,-9,0,-9,0,-9,0,-8,0,-6,0,-9,-1,-7,0,-10,1,-11,1,-9,0,0,0,-10,1,-10,2,-11,0,-14,0,-10,0,-9,0,-10,0,-8,0,-11,0,-8,3,-10,1,-8,1,-10,0,-8,2,-7,4,-8,3,-8,1,-8,1,-5,1,-7,1,-5,1,-6,2,-5,3,-5,2,-5,3,-5,0,0,0,0,0,0,0,0,0,0]"
[0;32mI (1449) csi_recv: compensate_gain 1.000000, agc_gain 0, fft_gain -18[0m
CSI_DATA,32856,14:c1:9f:28:c1:a0,-9,11,1,0,1,1,1,0,0,0,0,-97,0,11,2,1447932,0,47,0,128,0,"[0,0,0,0,0,0,0,0,0,0,0,0,10,-3,9,-3,12,-5,12,-3,9,-4,8,-3,9,-4,6,-4,8,-4,7,-6,10,-3,10,-6,9,-4,7,-6,6,-5,9,-6,8,-6,6,-8,6,-7,6,-6,4,-5,6,-7,3,-7,8,-7,8,-7,7,-6,0,0,7,-8,9,-7,9,-7,9,-11,6,-8,7,-7,7,-8,5,-7,8,-9,6,-6,10,-5,7,-5,8,-6,6,-5,7,-4,9,-3,9,-4,7,-4,5,-3,6,-5,5,-2,6,-3,6,-2,7,-1,6,-2,6,-1,0,0,0,0,0,0,0,0,0,0]"
[0;32mI (1459) csi_recv: compensate_gain 1.000000, agc_gain 4, fft_gain -34[0m
CSI_DATA,32857,14:c1:9f:28:c1:a0,-9,11,1,0,1,1,1,0,0,0,0,-97,0,11,2,1458943,0,47,0,128,0,"[0,0,0,0,0,0,0,0,0,0,0,0,10,1,9,0,13,0,12,1,10,-1,8,0,9,0,7,-1,8,0,8,-3,10,0,11,-2,9,-1,9,-2,7,-3,10,-2,9,-3,8,-5,8,-4,7,-4,5,-3,8,-4,5,-5,9,-4,10,-4,8,-3,0,0,9,-5,10,-3,10,-3,12,-7,8,-5,8,-4,9,-5,7,-4,10,-5,7,-4,10,-2,8,-2,10,-3,7,-2,8,-1,8,0,9,-1,7,-2,5,-1,7,-2,5,0,6,-1,6,0,6,1,6,0,6,1,0,0,0,0,0,0,0,0,0,0]"
[0;32mI (1469) csi_recv: compensate_gain 1.000000, agc_gain 0, fft_gain -18[0m
CSI_DATA,32858,14:c1:9f:28:c1:a0,-9,11,1,0,1,1,1,0,0,0,0,-97,0,11,2,1469917,0,47,0,128,0,"[0,0,0,0,0,0,0,0,0,0,0,0,9,6,8,5,11,6,10,7,9,4,7,4,8,4,6,2,8,4,9,1,9,5,10,3,8,4,9,2,7,1,10,3,9,2,9,-1,9,0,8,0,6,-1,9,0,7,-2,10,1,10,1,9,1,0,0,10,-1,11,1,10,2,14,-1,9,-1,9,0,11,0,8,-1,11,-1,8,0,10,3,8,1,10,1,8,1,8,2,7,4,9,3,8,2,5,2,7,1,4,2,6,2,5,2,5,4,5,3,5,3,0,0,0,0,0,0,0,0,0,0]"
[0;32mI (1479) csi_recv: compensate_gain 1.000000, agc_gain 0, fft_gain -18[0m
CSI_DATA,32859,14:c1:9f:28:c1:a0,-9,11,1,0,1,1,1,0,0,0,0,-97,0,11,2,1480937,0,47,0,128,0,"[0,0,0,0,0,0,0,0,0,0,0,0,8,7,7,6,11,7,9,8,9,5,7,5,8,5,6,3,7,4,9,2,8,6,10,5,8,5,8,3,7,2,10,4,9,3,9,0,9,1,8,1,6,0,9,1,7,-1,10,2,10,3,8,2,0,0,10,0,10,3,10,3,14,1,9,0,9,1,10,1,8,0,11,1,8,1,9,4,8,2,10,3,7,2,7,4,7,5,8,5,7,3,4,3,7,2,4,3,5,3,5,3,4,5,4,4,4,4,0,0,0,0,0,0,0,0,0,0]"
[0;32mI (1489) csi_recv: compensate_gain 1.000000, agc_gain 0, fft_gain -18[0m
CSI_DATA,32860,14:c1:9f:28:c1:a0,-10,11,1,0,1,1,1,0,0,0,0,-97,0,11,2,1491925,0,47,0,128,0,"[0,0,0,0,0,0,0,0,0,0,0,0,4,10,4,9,6,12,4,11,5,9,3,8,4,8,4,6,4,8,6,6,4,9,6,9,5,8,6,7,5,5,6,8,6,7,7,5,7,5,6,5,5,3,7,6,7,3,8,7,8,8,6,7,0,0,9,6,7,8,7,8,11,8,8,5,7,6,8,7,6,5,8,7,6,6,5,9,5,6,7,8,5,6,4,7,3,9,4,9,4,7,2,5,4,6,1,5,3,6,2,6,1,7,1,6,1,6,0,0,0,0,0,0,0,0,0,0]"
[0;32mI (1499) csi_recv: compensate_gain 1.000000, agc_gain 0, fft_gain -18[0m
CSI_DATA,32861,14:c1:9f:28:c1:a0,-9,11,1,0,1,1,1,0,0,0,0,-97,0,11,2,1502918,0,47,0,128,0,"[0,0,0,0,0,0,0,0,0,0,0,0,2,10,2,10,4,12,2,12,3,9,2,8,2,9,3,6,2,8,5,7,2,10,5,10,3,8,5,7,4,6,5,9,5,8,6,6,6,6,5,6,4,4,6,7,6,3,6,8,6,8,5,7,0,0,7,7,6,9,5,9,9,9,7,6,6,7,7,7,5,5,7,8,5,6,4,10,4,6,5,9,4,7,3,7,1,9,3,9,3,7,1,5,3,6,1,5,2,6,1,5,0,7,1,6,0,6,0,0,0,0,0,0,0,0,0,0]"
[0;32mI (1509) csi_recv: compensate_gain 1.000000, agc_gain 0, fft_gain -18[0m
CSI_DATA,32862,14:c1:9f:28:c1:a0,-9,11,1,0,1,1,1,0,0,0,0,-97,0,11,2,1513919,0,47,0,128,0,"[0,0,0,0,0,0,0,0,0,0,0,0,0,11,0,10,1,13,-1,12,1,10,1,8,1,9,2,7,1,9,4,8,0,10,3,10,1,9,3,8,3,6,3,10,4,8,5,7,5,7,4,7,4,4,5,7,5,4,5,9,4,9,3,8,0,0,6,8,4,10,4,9,8,11,6,7,5,8,6,8,5,6,6,9,4,7,3,10,3,7,4,9,3,7,2,8,1,9,1,9,2,7,1,5,3,7,0,5,1,6,0,6,-1,7,0,6,-1,6,0,0,0,0,0,0,0,0,0,0]"
[0;32mI (1529) csi_recv: compensate_gain 1.000000, agc_gain 0, fft_gain -18[0m
CSI_DATA,32863,14:c1:9f:28:c1:a0,-9,11,1,0,1,1,1,0,0,0,0,-97,0,11,2,1524921,0,47,0,128,0,"[0,0,0,0,0,0,0,0,0,0,0,0,-2,11,-1,10,-1,13,-3,12,0,10,-1,9,-1,9,0,7,-1,8,2,8,-1,10,1,11,0,9,1,8,2,7,1,10,2,9,4,8,3,8,3,8,2,5,3,8,4,5,3,10,3,10,2,8,0,0,4,9,2,10,2,10,5,12,4,8,3,9,4,10,3,7,4,10,2,8,1,11,1,8,2,10,1,8,0,8,-2,9,-1,9,0,8,-1,5,1,7,-1,5,-1,6,-1,6,-3,7,-2,6,-2,6,0,0,0,0,0,0,0,0,0,0]"
[0;32mI (1539) csi_recv: compensate_gain 1.000000, agc_gain 0, fft_gain -18[0m
CSI_DATA,32864,14:c1:9f:28:c1:a0,-10,11,1,0,1,1,1,0,0,0,0,-97,0,11,2,1535941,0,47,0,128,0,"[0,0,0,0,0,0,0,0,0,0,0,0,-1,11,-1,10,0,13,-2,12,0,10,0,9,0,9,1,7,0,9,3,8,-1,10,2,11,0,9,2,8,2,7,2,10,3,9,4,7,4,8,3,7,3,5,4,8,5,5,4,10,3,10,3,8,0,0,5,9,3,10,3,10,7,12,5,8,4,8,5,9,4,7,5,10,3,7,2,10,2,8,3,10,2,7,1,8,-1,9,0,9,1,8,0,5,2,7,0,5,0,6,0,6,-2,7,-1,6,-1,6,0,0,0,0,0,0,0,0,0,0]"
[0;32mI (1549) csi_recv: compensate_gain 1.000000, agc_gain 0, fft_gain -18[0m
CSI_DATA,32865,14:c1:9f:28:c1:a0,-9,11,1,0,1,1,1,0,0,0,0,-97,0,11,2,1546938,0,47,0,128,0,"[0,0,0,0,0,0,0,0,0,0,0,0,0,11,1,10,1,13,0,12,2,10,1,8,1,9,2,7,1,9,4,8,1,10,3,11,1,9,3,8,3,6,3,10,4,9,5,7,5,7,4,7,3,5,4,7,5,5,5,9,4,9,3,8,0,0,6,8,4,10,4,10,8,11,5,7,4,8,6,9,4,7,6,9,4,7,2,10,2,8,3,9,3,7,1,8,0,9,1,9,2,7,0,5,2,7,0,5,1,6,0,6,-1,7,-1,6,-1,6,0,0,0,0,0,0,0,0,0,0]"
[0;32mI (1559) csi_recv: compensate_gain 1.000000, agc_gain 0, fft_gain -18[0m
CSI_DATA,32866,14:c1:9f:28:c1:a0,-9,11,1,0,1,1,1,0,0,0,0,-97,0,11,2,1557931,0,47,0,128,0,"[0,0,0,0,0,0,0,0,0,0,0,0,-1,11,-1,10,0,13,-2,12,0,10,0,8,0,9,1,7,0,9,2,8,-1,10,2,11,0,9,2,9,2,7,2,10,2,9,4,8,4,8,3,7,3,5,4,8,4,5,3,10,3,10,2,8,0,0,5,9,3,10,2,10,6,12,5,8,3,8,4,9,4,7,5,10,3,8,1,11,2,8,2,10,2,7,1,8,-1,9,0,9,1,8,0,5,1,7,-1,5,0,6,-1,6,-2,7,-1,6,-2,6,0,0,0,0,0,0,0,0,0,0]"
[0;32mI (1569) csi_recv: compensate_gain 1.000000, agc_gain 0, fft_gain -18[0m
CSI_DATA,32867,14:c1:9f:28:c1:a0,-9,11,1,0,1,1,1,0,0,0,0,-97,0,11,2,1568947,0,47,0,128,0,"[0,0,0,0,0,0,0,0,0,0,0,0,0,11,0,10,1,13,0,12,1,10,1,8,1,9,2,7,1,9,4,8,0,10,3,11,1,9,3,8,3,7,3,10,3,9,5,7,5,8,4,7,3,5,4,8,5,5,4,9,4,10,3,8,0,0,6,8,3,10,3,10,7,11,5,8,4,8,5,9,4,7,5,10,4,7,2,11,2,8,3,10,2,7,1,8,-1,9,0,9,1,8,0,5,2,7,0,5,0,6,0,6,-2,7,-1,6,-1,6,0,0,0,0,0,0,0,0,0,0]"
[0;32mI (1579) csi_recv: compensate_gain 1.000000, agc_gain 0, fft_gain -18[0m
CSI_DATA,32868,14:c1:9f:28:c1:a0,-9,11,1,0,1,1,1,0,0,0,0,-97,0,11,2,1579940,0,47,0,128,0,"[0,0,0,0,0,0,0,0,0,0,0,0,1,11,1,10,2,12,0,12,2,9,1,8,1,9,2,7,1,8,4,7,1,10,4,10,2,9,4,8,3,6,3,10,4,9,6,7,5,7,4,6,3,4,5,7,5,4,5,9,5,9,4,8,0,0,7,8,5,10,4,10,8,10,6,7,5,8,6,8,5,6,6,9,4,7,3,10,3,7,4,9,3,7,2,8,1,9,2,9,2,7,1,5,2,7,0,5,1,6,1,5,-1,7,0,6,-1,6,0,0,0,0,0,0,0,0,0,0]"
[0;32mI (1589) csi_recv: compensate_gain 1.000000, agc_gain 0, fft_gain -18[0m
CSI_DATA,32869,14:c1:9f:28:c1:a0,-10,11,1,0,1,1,1,0,0,0,0,-97,0,11,2,1590916,0,47,0,128,0,"[0,0,0,0,0,0,0,0,0,0,0,0,-1,11,-1,10,0,13,-2,12,0,10,-1,9,0,10,1,7,0,9,3,9,-1,11,2,11,0,10,2,9,2,7,2,11,3,9,4,8,4,8,3,8,3,5,4,8,5,5,4,10,4,10,3,9,0,0,5,9,3,10,3,11,7,12,5,8,4,9,5,9,4,7,5,10,3,8,2,11,2,8,3,10,2,7,1,8,-1,9,0,9,2,8,0,6,2,7,0,5,0,6,0,6,-2,7,-1,6,-1,6,0,0,0,0,0,0,0,0,0,0]"
[0;32mI (1599) csi_recv: compensate_gain 1.000000, agc_gain 0, fft_gain -18[0m
CSI_DATA,32870,14:c1:9f:28:c1:a0,-9,11,1,0,1,1,1,0,0,0,0,-97,0,11,2,1601918,0,47,0,128,0,"[0,0,0,0,0,0,0,0,0,0,0,0,1,11,1,10,3,12,1,12,2,9,2,8,2,9,3,6,2,8,4,7,2,10,4,10,3,9,4,8,4,6,4,9,4,8,6,6,6,7,5,6,4,4,5,7,6,4,6,8,6,9,5,8,0,0,7,8,5,9,5,10,9,10,7,7,5,7,6,8,5,6,7,9,5,6,4,10,4,7,5,9,4,7,2,8,1,9,2,9,3,7,1,5,3,7,1,5,1,6,1,5,0,7,0,6,0,6,0,0,0,0,0,0,0,0,0,0]"
[0;32mI (1609) csi_recv: compensate_gain 1.000000, agc_gain 0, fft_gain -18[0m
CSI_DATA,32871,14:c1:9f:28:c1:a0,-9,11,1,0,1,1,1,0,0,0,0,-97,0,11,2,1612920,0,47,0,128,0,"[0,0,0,0,0,0,0,0,0,0,0,0,5,9,5,8,8,10,6,10,6,7,4,7,5,7,5,5,5,7,7,5,5,8,8,7,5,7,7,5,6,4,7,7,7,6,8,3,8,4,7,4,5,2,7,4,7,1,8,5,8,6,7,5,0,0,9,4,8,7,8,7,12,6,8,4,7,5,9,5,7,4,9,5,7,4,7,8,6,5,7,7,5,5,5,6,4,8,5,7,5,6,2,4,5,5,2,4,3,5,3,5,2,6,2,5,2,5,0,0,0,0,0,0,0,0,0,0]"
[0;32mI (1619) csi_recv: compensate_gain 1.000000, agc_gain 0, fft_gain -18[0m
CSI_DATA,32872,14:c1:9f:28:c1:a0,-9,11,1,0,1,1,1,0,0,0,0,-97,0,11,2,1623931,0,47,0,128,0,"[0,0,0,0,0,0,0,0,0,0,0,0,8,8,7,6,10,8,8,9,8,6,6,5,7,6,6,3,7,5,8,3,7,7,9,6,7,5,8,4,7,2,9,5,8,4,9,1,9,2,8,2,6,1,8,2,7,-1,10,3,10,4,8,3,0,0,10,2,10,4,10,5,13,3,9,1,9,3,10,2,8,1,11,3,8,2,9,6,7,3,9,5,7,3,7,5,6,6,7,6,6,4,4,3,6,3,4,3,5,4,4,4,3,6,4,4,3,4,0,0,0,0,0,0,0,0,0,0]"
[0;32mI (1639) csi_recv: compensate_gain 1.000000, agc_gain 0, fft_gain -18[0m
CSI_DATA,32873,14:c1:9f:28:c1:a0,-9,11,1,0,1,1,1,0,0,0,0,-97,0,11,2,1634924,0,47,0,128,0,"[0,0,0,0,0,0,0,0,0,0,0,0,10,4,9,3,12,3,11,5,9,2,8,2,9,2,7,1,8,2,9,-1,10,3,11,1,9,2,9,0,7,-1,10,1,10,0,9,-3,9,-2,8,-2,6,-2,9,-2,6,-4,10,-1,11,-1,9,-1,0,0,10,-3,11,-1,11,0,13,-3,9,-3,9,-2,10,-2,8,-2,11,-2,8,-2,10,1,8,0,10,0,8,0,8,1,8,2,9,2,8,0,5,1,7,0,5,1,6,1,5,1,6,3,5,2,5,2,0,0,0,0,0,0,0,0,0,0]"
[0;32mI (1649) csi_recv: compensate_gain 1.000000, agc_gain 0, fft_gain -18[0m
CSI_DATA,32874,14:c1:9f:28:c1:a0,-9,11,1,0,1,1,1,0,0,0,0,-97,0,11,2,1645980,0,47,0,128,0,"[0,0,0,0,0,0,0,0,0,0,0,0,9,-5,8,-5,10,-6,11,-5,7,-5,7,-4,7,-5,5,-5,7,-5,5,-7,8,-5,8,-7,7,-5,6,-6,5,-6,7,-6,6,-7,4,-7,5,-8,4,-7,3,-5,5,-7,2,-7,6,-8,7,-8,6,-7,0,0,5,-9,7,-7,8,-7,7,-11,5,-8,5,-7,6,-8,4,-7,6,-9,5,-6,8,-6,5,-6,7,-7,6,-6,6,-4,8,-4,7,-5,6,-5,4,-3,5,-5,4,-3,5,-4,5,-3,6,-2,5,-2,5,-2,0,0,0,0,0,0,0,0,0,0]"
[0;32mI (1659) csi_recv: compensate_gain 1.000000, agc_gain 0, fft_gain -18[0m
CSI_DATA,32875,14:c1:9f:28:c1:a0,-10,11,1,0,1,1,1,0,0,0,0,-97,0,11,2,1656948,0,47,0,128,0,"[0,0,0,0,0,0,0,0,0,0,0,0,9,-7,7,-7,10,-9,10,-7,7,-8,6,-6,7,-7,4,-6,6,-7,4,-9,8,-7,7,-10,7,-7,5,-8,3,-7,6,-9,5,-9,3,-9,3,-9,3,-8,2,-6,3,-9,0,-8,5,-10,5,-10,4,-9,0,0,3,-11,6,-10,6,-10,4,-14,2,-10,4,-9,3,-11,2,-8,4,-11,3,-8,7,-9,4,-8,6,-9,4,-7,5,-7,7,-6,7,-7,5,-7,4,-5,4,-7,4,-4,4,-5,4,-5,6,-4,5,-4,5,-4,0,0,0,0,0,0,0,0,0,0]"
[0;32mI (1669) csi_recv: compensate_gain 1.000000, agc_gain 0, fft_gain -18[0m
CSI_DATA,32876,14:c1:9f:28:c1:a0,-9,11,1,0,1,1,1,0,0,0,0,-97,0,11,2,1667915,0,47,0,128,0,"[0,0,0,0,0,0,0,0,0,0,0,0,5,-11,4,-10,5,-13,6,-11,3,-10,3,-9,3,-9,2,-8,3,-9,0,-10,4,-10,2,-12,3,-10,1,-10,0,-8,2,-11,1,-11,-1,-10,-1,-10,0,-9,-1,-7,0,-10,-2,-8,0,-11,1,-12,1,-10,0,0,-1,-11,1,-12,2,-11,-1,-15,-1,-10,0,-11,0,-11,-1,-9,0,-12,0,-9,3,-11,1,-9,2,-11,1,-8,2,-9,4,-9,4,-9,2,-9,2,-6,2,-8,2,-5,2,-7,3,-6,4,-6,3,-6,3,-6,0,0,0,0,0,0,0,0,0,0]"
[0;32mI (1679) csi_recv: compensate_gain 1.000000, agc_gain 0, fft_gain -18[0m
CSI_DATA,32877,14:c1:9f:28:c1:a0,-9,11,1,0,1,1,1,0,0,0,0,-97,0,11,2,1678928,0,47,0,128,0,"[0,0,0,0,0,0,0,0,0,0,0,0,-4,-11,-4,-10,-5,-13,-3,-13,-5,-10,-4,-9,-4,-9,-4,-7,-4,-9,-6,-7,-4,-11,-6,-10,-5,-9,-6,-8,-5,-6,-6,-10,-7,-9,-8,-6,-8,-7,-7,-6,-5,-5,-7,-7,-7,-4,-8,-9,-8,-9,-6,-8,0,0,-9,-7,-7,-10,-7,-10,-11,-10,-8,-7,-7,-8,-9,-8,-7,-6,-9,-8,-7,-7,-6,-10,-5,-7,-7,-9,-5,-7,-4,-8,-3,-10,-4,-9,-5,-8,-3,-6,-5,-7,-2,-6,-3,-7,-3,-6,-2,-8,-2,-7,-2,-7,0,0,0,0,0,0,0,0,0,0]"
[0;32mI (1689) csi_recv: compensate_gain 1.000000, agc_gain 0, fft_gain -18[0m
CSI_DATA,32878,14:c1:9f:28:c1:a0,-9,11,1,0,1,1,1,0,0,0,0,-97,0,11,2,1689942,0,47,0,128,0,"[0,0,0,0,0,0,0,0,0,0,0,0,-11,-4,-10,-4,-13,-4,-12,-5,-11,-3,-9,-3,-10,-3,-8,-1,-9,-3,-10,0,-11,-4,-12,-2,-10,-2,-10,-1,-8,0,-11,-1,-11,0,-10,2,-10,1,-9,1,-7,1,-10,1,-7,2,-11,0,-12,0,-10,0,0,0,-11,2,-12,-1,-12,-1,-14,2,-10,2,-10,0,-11,1,-9,1,-12,1,-9,0,-11,-2,-9,-1,-11,-1,-9,-1,-9,-2,-9,-4,-10,-3,-9,-2,-6,-3,-8,-1,-6,-3,-7,-3,-6,-3,-7,-4,-6,-3,-6,-4,0,0,0,0,0,0,0,0,0,0]"
[0;32mI (1699) csi_recv: compensate_gain 1.000000, agc_gain 0, fft_gain -18[0m
CSI_DATA,32879,14:c1:9f:28:c1:a0,-9,11,1,0,1,1,1,0,0,0,0,-97,0,11,2,1700927,0,47,0,128,0,"[0,0,0,0,0,0,0,0,0,0,0,0,-11,3,-10,3,-13,5,-13,3,-10,4,-9,3,-9,3,-7,3,-9,3,-7,6,-11,3,-10,5,-9,4,-8,5,-7,5,-10,5,-8,6,-6,7,-7,7,-6,6,-5,4,-7,6,-4,6,-8,7,-9,7,-7,6,0,0,-7,8,-9,7,-9,6,-10,10,-7,7,-7,6,-8,8,-6,6,-8,8,-7,6,-10,5,-7,4,-9,6,-7,4,-8,4,-9,3,-9,4,-8,4,-6,2,-7,4,-6,1,-7,2,-6,2,-8,1,-7,1,-7,1,0,0,0,0,0,0,0,0,0,0]"
[0;32mI (1709) csi_recv: compensate_gain 1.000000, agc_gain 0, fft_gain -18[0m
CSI_DATA,32880,14:c1:9f:28:c1:a0,-10,11,1,0,1,1,1,0,0,0,0,-97,0,11,2,1711920,0,47,0,128,0,"[0,0,0,0,0,0,0,0,0,0,0,0,-6,9,-6,9,-6,11,-7,10,-5,9,-5,8,-5,8,-3,7,-4,8,-2,9,-6,9,-4,11,-4,9,-3,9,-2,7,-4,10,-3,10,0,9,-1,9,-1,8,0,6,-1,9,1,7,-2,10,-2,11,-2,9,0,0,0,10,-3,10,-3,11,-1,14,0,9,-1,9,-1,10,-1,8,-1,11,-1,8,-4,10,-3,8,-3,10,-3,8,-4,7,-6,7,-5,8,-3,7,-3,5,-3,7,-3,4,-4,6,-4,5,-5,5,-4,5,-5,5,0,0,0,0,0,0,0,0,0,0]"
[0;32mI (1719) csi_recv: compensate_gain 1.000000, agc_gain 0, fft_gain -18[0m
CSI_DATA,32881,14:c1:9f:28:c1:a0,-9,11,1,0,1,1,1,0,0,0,0,-97,0,11,2,1722917,0,47,0,128,0,"[0,0,0,0,0,0,0,0,0,0,0,0,4,10,4,8,6,11,4,11,5,8,4,7,4,8,4,5,4,7,6,6,5,9,7,8,5,8,6,6,5,5,7,8,7,6,8,4,7,5,7,5,5,3,7,5,7,2,8,7,8,7,6,6,0,0,9,5,8,7,7,7,12,7,8,4,7,6,8,6,7,4,9,6,6,5,6,8,5,6,7,7,5,5,5,7,3,8,5,8,5,6,3,5,5,5,2,5,3,5,2,5,2,6,2,5,2,5,0,0,0,0,0,0,0,0,0,0]"
[0;32mI (1729) csi_recv: compensate_gain 1.000000, agc_gain 0, fft_gain -18[0m
CSI_DATA,32882,14:c1:9f:28:c1:a0,-9,11,1,0,1,1,1,0,0,0,0,-97,0,11,2,1733937,0,47,0,128,0,"[0,0,0,0,0,0,0,0,0,0,0,0,11,-2,10,-2,13,-3,12,-1,10,-3,8,-2,9,-3,7,-3,8,-3,8,-5,10,-2,10,-5,9,-3,8,-5,6,-4,10,-5,8,-5,7,-7,7,-6,6,-6,4,-5,7,-6,4,-6,9,-7,9,-6,8,-5,0,0,7,-8,9,-6,9,-6,10,-10,7,-7,7,-6,8,-7,6,-6,9,-8,7,-6,10,-5,7,-4,9,-6,7,-4,8,-4,9,-2,9,-3,7,-4,5,-2,6,-4,5,-2,6,-2,6,-2,7,-1,6,-1,6,-1,0,0,0,0,0,0,0,0,0,0]"
[0;32mI (1749) csi_recv: compensate_gain 1.000000, agc_gain 0, fft_gain -18[0m
CSI_DATA,32883,14:c1:9f:28:c1:a0,-9,11,1,0,1,1,1,0,0,0,0,-97,0,11,2,1744924,0,47,0,128,0,"[0,0,0,0,0,0,0,0,0,0,0,0,3,-11,3,-10,3,-13,5,-12,2,-10,2,-9,2,-10,1,-8,2,-9,-1,-10,3,-11,1,-12,2,-10,0,-10,-1,-8,1,-11,-1,-11,-3,-10,-2,-10,-2,-9,-2,-7,-2,-10,-4,-7,-1,-11,-1,-12,-1,-10,0,0,-3,-11,0,-12,0,-12,-3,-14,-3,-10,-1,-10,-2,-11,-2,-9,-2,-12,-1,-9,1,-12,0,-9,0,-11,0,-9,1,-9,3,-9,2,-10,1,-9,1,-6,0,-8,1,-6,1,-7,1,-6,3,-7,2,-7,3,-6,0,0,0,0,0,0,0,0,0,0]"
[0;32mI (1759) csi_recv: compensate_gain 1.000000, agc_gain 0, fft_gain -18[0m
CSI_DATA,32884,14:c1:9f:28:c1:a0,-9,11,1,0,1,1,1,0,0,0,0,-97,0,11,2,1755943,0,47,0,128,0,"[0,0,0,0,0,0,0,0,0,0,0,0,-9,-7,-9,-7,-11,-8,-10,-9,-9,-6,-8,-6,-8,-6,-7,-4,-8,-6,-9,-3,-9,-7,-11,-5,-9,-6,-9,-4,-8,-3,-10,-5,-10,-4,-10,-2,-10,-2,-9,-2,-7,-2,-10,-2,-8,0,-11,-3,-11,-4,-9,-3,0,0,-11,-2,-11,-5,-11,-5,-14,-3,-10,-2,-10,-3,-11,-3,-9,-2,-12,-3,-9,-3,-10,-6,-8,-4,-10,-5,-8,-4,-8,-5,-7,-7,-8,-6,-8,-4,-5,-4,-8,-4,-5,-4,-6,-5,-5,-5,-5,-6,-5,-5,-5,-5,0,0,0,0,0,0,0,0,0,0]"
[0;32mI (1769) csi_recv: compensate_gain 1.000000, agc_gain 0, fft_gain -18[0m
CSI_DATA,32885,14:c1:9f:28:c1:a0,-9,11,1,0,1,1,1,0,0,0,0,-97,0,11,2,1766916,0,47,0,128,0,"[0,0,0,0,0,0,0,0,0,0,0,0,-10,4,-9,4,-11,6,-12,5,-9,5,-8,4,-8,5,-6,4,-8,4,-6,6,-10,4,-9,7,-8,5,-7,6,-6,5,-8,7,-7,7,-5,7,-6,7,-5,6,-4,5,-6,7,-3,6,-7,8,-8,8,-7,6,0,0,-6,9,-8,8,-8,7,-8,11,-5,8,-6,7,-6,8,-5,7,-7,9,-5,6,-9,6,-6,5,-8,7,-6,5,-7,4,-9,4,-8,4,-7,5,-5,3,-6,5,-5,2,-6,3,-6,2,-7,1,-6,2,-7,2,0,0,0,0,0,0,0,0,0,0]"
[0;32mI (1779) csi_recv: compensate_gain 1.000000, agc_gain 0, fft_gain -18[0m
CSI_DATA,32886,14:c1:9f:28:c1:a0,-9,11,1,0,1,1,1,0,0,0,0,-97,0,11,2,1777936,0,47,0,128,0,"[0,0,0,0,0,0,0,0,0,0,0,0,4,10,4,9,6,11,4,11,5,8,4,7,4,8,4,5,4,7,6,6,4,9,6,9,5,8,6,7,5,5,6,8,6,7,7,5,7,5,6,5,5,3,7,5,6,2,7,7,7,7,6,6,0,0,8,5,7,8,7,8,11,8,8,5,7,6,8,6,6,5,8,7,6,5,5,9,5,6,6,8,5,6,4,7,3,8,4,8,4,6,2,5,4,6,2,5,3,6,2,5,1,7,1,6,1,6,0,0,0,0,0,0,0,0,0,0]"
[0;32mI (1789) csi_recv: compensate_gain 1.000000, agc_gain 0, fft_gain -18[0m
CSI_DATA,32887,14:c1:9f:28:c1:a0,-9,11,1,0,1,1,1,0,0,0,0,-97,0,11,2,1788990,0,47,0,128,0,"[0,0,0,0,0,0,0,0,0,0,0,0,7,-9,6,-8,8,-11,9,-10,5,-9,5,-8,5,-8,3,-7,5,-8,2,-9,6,-9,5,-11,5,-9,3,-9,2,-8,5,-10,4,-10,1,-9,2,-10,2,-9,1,-7,2,-9,-1,-8,3,-10,4,-11,3,-9,0,0,2,-11,5,-10,5,-11,3,-14,2,-10,3,-10,3,-11,2,-9,3,-12,2,-9,6,-9,4,-8,5,-10,4,-8,5,-7,7,-7,6,-7,4,-7,4,-5,4,-7,4,-4,4,-5,4,-5,6,-4,4,-5,5,-4,0,0,0,0,0,0,0,0,0,0]"
[0;32mI (1799) csi_recv: compensate_gain 1.000000, agc_gain 0, fft_gain -18[0m
CSI_DATA,32888,14:c1:9f:28:c1:a0,-9,11,1,0,1,1,1,0,0,0,0,-97,0,11,2,1799928,0,47,0,128,0,"[0,0,0,0,0,0,0,0,0,0,0,0,-4,-11,-4,-10,-6,-13,-4,-12,-5,-10,-4,-9,-4,-10,-4,-7,-4,-9,-6,-8,-4,-11,-7,-10,-5,-9,-6,-8,-5,-6,-6,-10,-7,-8,-8,-7,-8,-7,-7,-7,-5,-5,-7,-7,-7,-4,-8,-9,-7,-9,-6,-8,0,0,-9,-7,-7,-10,-7,-10,-11,-10,-8,-7,-7,-8,-8,-8,-7,-6,-9,-9,-6,-7,-5,-10,-5,-8,-6,-9,-5,-7,-4,-8,-3,-9,-4,-10,-4,-8,-2,-6,-4,-7,-2,-6,-3,-7,-2,-7,-1,-8,-2,-7,-1,-7,0,0,0,0,0,0,0,0,0,0]"
[0;32mI (1809) csi_recv: compensate_gain 1.000000, agc_gain 0, fft_gain -18[0m
CSI_DATA,32889,14:c1:9f:28:c1:a0,-9,11,1,0,1,1,1,0,0,0,0,-97,0,11,2,1810930,0,47,0,128,0,"[0,0,0,0,0,0,0,0,0,0,0,0,-11,2,-10,2,-13,3,-13,2,-10,3,-9,2,-10,3,-7,3,-9,2,-8,5,-11,2,-11,5,-10,3,-9,4,-7,4,-10,4,-9,5,-7,6,-8,6,-7,5,-5,4,-8,6,-4,6,-9,6,-10,6,-8,5,0,0,-8,7,-10,5,-10,5,-11,9,-7,7,-8,6,-8,7,-6,6,-9,7,-7,5,-11,4,-8,4,-10,5,-8,4,-8,3,-10,2,-10,2,-8,3,-6,2,-7,3,-6,1,-7,2,-6,1,-8,0,-7,1,-7,0,0,0,0,0,0,0,0,0,0,0]"
[0;32mI (1819) csi_recv: compensate_gain 1.000000, agc_gain 0, fft_gain -18[0m
CSI_DATA,32890,14:c1:9f:28:c1:a0,-9,11,1,0,1,1,1,0,0,0,0,-97,0,11,2,1821938,0,47,0,128,0,"[0,0,0,0,0,0,0,0,0,0,0,0,3,10,3,9,5,12,3,12,4,9,3,8,3,8,3,6,3,8,5,6,3,10,6,9,4,8,5,7,4,5,5,9,6,7,7,6,7,6,6,6,4,4,6,6,6,3,7,8,7,8,5,7,0,0,8,6,6,9,6,9,10,9,7,6,6,7,7,7,6,5,8,8,5,6,5,9,4,7,5,8,4,6,3,7,2,9,3,9,3,7,1,5,3,6,1,5,2,6,1,6,0,7,1,6,0,6,0,0,0,0,0,0,0,0,0,0]"
[0;32mI (1829) csi_recv: compensate_gain 1.000000, agc_gain 0, fft_gain -18[0m
CSI_DATA,32891,14:c1:9f:28:c1:a0,-9,11,1,0,1,1,1,0,0,0,0,-97,0,11,2,1832935,0,47,0,128,0,"[0,0,0,0,0,0,0,0,0,0,0,0,9,-6,8,-6,10,-8,11,-7,8,-7,7,-6,7,-6,5,-6,7,-6,5,-8,8,-6,8,-8,7,-7,6,-8,4,-7,7,-8,6,-8,4,-9,4,-9,4,-8,3,-6,4,-9,1,-8,5,-9,6,-9,5,-8,0,0,4,-10,7,-9,7,-9,6,-13,4,-9,5,-9,5,-10,4,-8,5,-11,4,-8,8,-8,5,-7,7,-9,5,-7,6,-6,7,-5,7,-6,5,-6,4,-4,5,-6,4,-4,5,-5,5,-4,6,-3,5,-3,5,-3,0,0,0,0,0,0,0,0,0,0]"
[0;32mI (1839) csi_recv: compensate_gain 1.000000, agc_gain 0, fft_gain -18[0m
CSI_DATA,32892,14:c1:9f:28:c1:a0,-9,11,1,0,1,1,1,0,0,0,0,-97,0,11,2,1843945,0,47,0,128,0,"[0,0,0,0,0,0,0,0,0,0,0,0,-9,-8,-8,-7,-11,-9,-9,-9,-9,-6,-8,-6,-8,-6,-7,-4,-8,-6,-9,-3,-9,-7,-11,-6,-9,-6,-9,-4,-8,-3,-10,-5,-10,-4,-10,-2,-10,-2,-9,-2,-7,-1,-10,-3,-8,0,-11,-3,-11,-4,-9,-3,0,0,-11,-2,-11,-4,-11,-5,-15,-2,-10,-1,-10,-3,-11,-2,-9,-1,-12,-2,-9,-2,-10,-5,-8,-4,-11,-4,-8,-3,-8,-5,-8,-6,-9,-6,-8,-4,-5,-4,-8,-3,-5,-4,-6,-4,-5,-4,-5,-6,-5,-5,-5,-5,0,0,0,0,0,0,0,0,0,0]"
[0;32mI (1859) csi_recv: compensate_gain 1.000000, agc_gain 0, fft_gain -18[0m
CSI_DATA,32893,14:c1:9f:28:c1:a0,-9,11,1,0,1,1,1,0,0,0,0,-97,0,11,2,1854948,0,47,0,128,0,"[0,0,0,0,0,0,0,0,0,0,0,0,-7,8,-7,8,-8,11,-9,9,-6,8,-6,7,-6,7,-4,6,-5,7,-3,8,-7,8,-5,10,-5,8,-4,8,-3,7,-5,9,-4,9,-1,9,-2,9,-2,8,-1,6,-2,9,0,7,-3,10,-3,10,-3,8,0,0,-1,10,-4,10,-4,10,-2,13,-1,9,-2,9,-2,10,-1,8,-2,11,-2,8,-5,10,-3,7,-4,9,-3,7,-4,7,-6,7,-6,8,-4,7,-4,5,-3,7,-4,4,-4,5,-4,5,-6,4,-5,4,-5,4,0,0,0,0,0,0,0,0,0,0]"
[0;32mI (1869) csi_recv: compensate_gain 1.000000, agc_gain 0, fft_gain -18[0m
CSI_DATA,32894,14:c1:9f:28:c1:a0,-9,11,1,0,1,1,1,0,0,0,0,-97,0,11,2,1865925,0,47,0,128,0,"[0,0,0,0,0,0,0,0,0,0,0,0,10,3,9,2,12,3,11,4,10,2,8,2,9,2,7,0,8,2,9,-1,10,2,11,0,9,1,9,0,7,-1,10,0,10,-1,8,-3,9,-2,8,-2,6,-2,9,-2,6,-4,10,-2,11,-1,9,-1,0,0,10,-3,11,-1,11,0,13,-3,9,-3,9,-2,10,-2,8,-2,11,-2,8,-1,10,1,8,0,10,0,8,0,8,1,8,3,9,2,8,0,5,1,7,0,5,1,6,1,5,2,6,3,5,2,5,3,0,0,0,0,0,0,0,0,0,0]"
[0;32mI (1879) csi_recv: compensate_gain 1.000000, agc_gain 0, fft_gain -18[0m
CSI_DATA,32895,14:c1:9f:28:c1:a0,-9,11,1,0,1,1,1,0,0,0,0,-97,0,11,2,1876918,0,47,0,128,0,"[0,0,0,0,0,0,0,0,0,0,0,0,0,-12,0,-11,-1,-14,0,-13,-2,-11,-1,-9,-1,-10,-2,-8,-1,-10,-4,-9,-1,-11,-3,-12,-2,-10,-3,-10,-3,-8,-3,-11,-4,-10,-5,-8,-5,-9,-5,-8,-4,-6,-5,-9,-6,-6,-5,-10,-5,-11,-4,-9,0,0,-6,-9,-4,-11,-4,-11,-8,-13,-6,-9,-5,-9,-6,-10,-5,-8,-6,-11,-4,-8,-3,-11,-3,-9,-4,-11,-3,-8,-2,-9,0,-10,-1,-10,-2,-9,-1,-6,-3,-8,-1,-6,-1,-7,-1,-7,1,-8,0,-7,0,-7,0,0,0,0,0,0,0,0,0,0]"
[0;32mI (1889) csi_recv: compensate_gain 1.000000, agc_gain 0, fft_gain -18[0m
CSI_DATA,32896,14:c1:9f:28:c1:a0,-9,11,1,0,1,1,1,0,0,0,0,-97,0,11,2,1887929,0,47,0,128,0,"[0,0,0,0,0,0,0,0,0,0,0,0,-9,7,-8,7,-10,9,-10,8,-7,7,-7,6,-7,7,-5,6,-7,6,-4,8,-8,7,-7,9,-7,7,-5,8,-4,7,-7,8,-5,8,-3,8,-4,9,-4,7,-2,6,-4,8,-1,7,-5,9,-6,9,-5,8,0,0,-3,10,-6,9,-6,9,-5,13,-3,9,-4,9,-4,10,-3,8,-5,10,-4,7,-7,8,-5,7,-6,9,-5,7,-6,6,-8,6,-7,6,-6,6,-5,4,-5,6,-5,3,-5,4,-5,3,-7,3,-6,3,-6,3,0,0,0,0,0,0,0,0,0,0]"
[0;32mI (1899) csi_recv: compensate_gain 1.000000, agc_gain 0, fft_gain -18[0m
CSI_DATA,32897,14:c1:9f:28:c1:a0,-9,11,1,0,1,1,1,0,0,0,0,-97,0,11,2,1898934,0,47,0,128,0,"[0,0,0,0,0,0,0,0,0,0,0,0,10,3,10,2,12,2,12,4,10,1,9,2,9,2,7,0,8,1,8,-1,10,2,11,0,9,1,9,-1,7,-1,10,0,10,-1,8,-3,9,-3,8,-2,6,-2,9,-2,6,-4,10,-2,10,-2,9,-1,0,0,10,-4,10,-1,11,-1,13,-4,9,-4,9,-2,10,-3,8,-3,11,-3,8,-2,10,0,8,-1,10,-1,8,-1,8,0,9,2,9,1,8,0,5,1,7,0,5,1,6,1,5,1,6,3,6,2,6,2,0,0,0,0,0,0,0,0,0,0]"
[0;32mI (1909) csi_recv: compensate_gain 1.000000, agc_gain 0, fft_gain -18[0m
CSI_DATA,32898,14:c1:9f:28:c1:a0,-9,11,1,0,1,1,1,0,0,0,0,-97,0,11,2,1909936,0,47,0,128,0,"[0,0,0,0,0,0,0,0,0,0,0,0,-3,-11,-3,-10,-5,-13,-3,-13,-4,-10,-3,-9,-4,-10,-4,-7,-4,-9,-6,-8,-3,-11,-6,-11,-4,-10,-6,-8,-5,-7,-6,-10,-6,-9,-7,-7,-7,-7,-6,-7,-5,-5,-7,-7,-7,-5,-7,-9,-7,-9,-6,-8,0,0,-8,-8,-7,-10,-6,-10,-11,-11,-8,-7,-7,-8,-8,-8,-7,-6,-8,-9,-6,-7,-5,-11,-5,-8,-6,-10,-5,-8,-4,-8,-3,-10,-4,-10,-4,-8,-2,-6,-4,-7,-2,-6,-3,-7,-2,-7,-1,-8,-2,-7,-1,-7,0,0,0,0,0,0,0,0,0,0]"
[0;32mI (1919) csi_recv: compensate_gain 1.000000, agc_gain 0, fft_gain -18[0m
CSI_DATA,32899,14:c1:9f:28:c1:a0,-9,11,1,0,1,1,1,0,0,0,0,-97,0,11,2,1920947,0,47,0,128,0,"[0,0,0,0,0,0,0,0,0,0,0,0,-6,9,-5,9,-6,12,-7,10,-4,9,-4,8,-4,8,-2,7,-4,8,-2,9,-5,9,-3,11,-4,9,-2,9,-1,7,-3,10,-2,9,1,9,0,9,0,8,0,6,0,9,2,7,-1,10,-1,11,-2,9,0,0,1,10,-2,11,-2,10,1,14,1,9,-1,9,0,10,0,8,0,11,-1,9,-4,10,-2,8,-2,10,-2,8,-3,8,-5,8,-4,9,-2,8,-3,5,-2,7,-3,5,-3,6,-3,5,-5,5,-4,5,-4,5,0,0,0,0,0,0,0,0,0,0]"
[0;32mI (1929) csi_recv: compensate_gain 1.000000, agc_gain 0, fft_gain -18[0m
CSI_DATA,32900,14:c1:9f:28:c1:a0,-9,11,1,0,1,1,1,0,0,0,0,-97,0,11,2,1931931,0,47,0,128,0,"[0,0,0,0,0,0,0,0,0,0,0,0,10,-5,9,-5,11,-7,12,-5,8,-5,8,-4,8,-5,6,-5,7,-5,6,-7,9,-5,9,-7,8,-5,7,-7,5,-6,8,-7,7,-8,5,-8,6,-8,5,-7,3,-6,6,-8,2,-7,7,-8,7,-8,6,-7,0,0,6,-9,8,-8,8,-8,8,-12,5,-9,6,-8,6,-9,5,-7,7,-9,5,-7,9,-7,6,-6,8,-7,6,-6,7,-5,8,-4,8,-5,7,-5,5,-3,6,-5,5,-3,6,-4,5,-3,7,-2,6,-2,6,-2,0,0,0,0,0,0,0,0,0,0]"
[0;32mI (1939) csi_recv: compensate_gain 1.000000, agc_gain 0, fft_gain -18[0m
CSI_DATA,32901,14:c1:9f:28:c1:a0,-9,11,1,0,1,1,1,0,0,0,0,-97,0,11,2,1942987,0,47,0,128,0,"[0,0,0,0,0,0,0,0,0,0,0,0,-10,5,-9,5,-11,7,-12,5,-9,6,-8,4,-8,5,-6,5,-8,5,-6,7,-10,5,-9,8,-8,6,-7,7,-5,6,-8,7,-7,7,-5,8,-5,8,-5,7,-3,5,-5,8,-2,7,-7,8,-7,8,-6,7,0,0,-5,9,-8,8,-8,8,-7,12,-4,9,-6,8,-6,9,-4,7,-6,10,-5,7,-8,7,-6,6,-8,8,-6,6,-7,5,-8,4,-8,5,-6,5,-5,3,-6,5,-5,3,-6,4,-6,3,-7,2,-6,3,-6,2,0,0,0,0,0,0,0,0,0,0]"
[0;32mI (1949) csi_recv: compensate_gain 1.000000, agc_gain 0, fft_gain -18[0m
CSI_DATA,32902,14:c1:9f:28:c1:a0,-9,11,1,0,1,1,1,0,0,0,0,-97,0,11,2,1953950,0,47,0,128,0,"[0,0,0,0,0,0,0,0,0,0,0,0,8,5,8,4,11,5,9,6,8,4,7,3,8,4,6,2,7,3,8,1,8,5,10,3,8,3,8,2,7,1,9,3,9,1,8,-1,9,0,8,0,6,0,8,0,6,-2,10,1,10,1,8,1,0,0,10,-1,10,2,10,2,13,0,9,-1,9,1,10,0,8,0,10,0,8,0,9,3,7,1,9,2,7,2,7,3,7,4,8,4,7,2,4,2,6,2,4,2,5,2,5,3,4,4,4,3,4,3,0,0,0,0,0,0,0,0,0,0]"
[0;32mI (1969) csi_recv: compensate_gain 1.000000, agc_gain 0, fft_gain -18[0m
CSI_DATA,32903,14:c1:9f:28:c1:a0,-9,11,1,0,1,1,1,0,0,0,0,-97,0,11,2,1964941,0,47,0,128,0,"[0,0,0,0,0,0,0,0,0,0,0,0,-5,-11,-5,-10,-7,-12,-6,-12,-6,-9,-5,-9,-5,-9,-5,-6,-5,-8,-7,-7,-5,-10,-8,-10,-6,-9,-7,-7,-6,-6,-7,-9,-8,-8,-8,-5,-8,-6,-7,-6,-6,-4,-8,-6,-7,-3,-9,-8,-9,-8,-7,-7,0,0,-9,-7,-8,-9,-8,-9,-12,-9,-9,-6,-8,-7,-9,-7,-7,-6,-10,-8,-7,-6,-7,-10,-6,-7,-7,-9,-6,-7,-5,-8,-4,-9,-5,-9,-5,-8,-3,-6,-5,-7,-3,-6,-3,-7,-3,-6,-2,-8,-3,-7,-2,-7,0,0,0,0,0,0,0,0,0,0]"
[0;32mI (1979) csi_recv: compensate_gain 1.000000, agc_gain 0, fft_gain -18[0m
CSI_DATA,32904,14:c1:9f:28:c1:a0,-9,11,1,0,1,1,1,0,0,0,0,-97,0,11,2,1975925,0,47,0,128,0,"[0,0,0,0,0,0,0,0,0,0,0,0,-1,11,-1,10,0,13,-2,12,0,10,0,8,0,9,1,7,0,8,3,8,-1,10,2,11,0,9,2,9,2,7,2,10,3,9,4,8,4,8,3,7,3,5,4,8,5,5,4,9,4,10,3,8,0,0,5,8,4,10,3,10,7,11,5,8,4,8,5,9,4,7,5,9,4,7,2,10,2,7,3,9,2,7,1,8,0,9,1,9,2,7,0,5,2,7,0,5,1,6,0,6,-1,7,-1,6,-1,6,0,0,0,0,0,0,0,0,0,0]"
[0;32mI (1989) csi_recv: compensate_gain 1.000000, agc_gain 0, fft_gain -18[0m
CSI_DATA,32905,14:c1:9f:28:c1:a0,-9,11,1,0,1,1,1,0,0,0,0,-97,0,11,2,1986945,0,47,0,128,0,"[0,0,0,0,0,0,0,0,0,0,0,0,1,-12,0,-11,0,-14,1,-13,-1,-11,0,-9,0,-10,-1,-8,-1,-10,-3,-9,0,-11,-2,-12,-1,-10,-3,-10,-3,-8,-2,-11,-3,-10,-5,-9,-5,-9,-4,-8,-3,-6,-4,-9,-5,-6,-4,-11,-4,-11,-3,-9,0,0,-6,-10,-4,-11,-3,-11,-7,-13,-6,-9,-4,-10,-5,-10,-5,-8,-5,-11,-4,-9,-2,-12,-3,-9,-3,-11,-3,-8,-2,-9,0,-10,-1,-10,-2,-9,-1,-6,-2,-8,0,-6,-1,-7,0,-7,1,-8,0,-7,1,-7,0,0,0,0,0,0,0,0,0,0]"
[0;32mI (1999) csi_recv: compensate_gain 1.000000, agc_gain 0, fft_gain -18[0m
CSI_DATA,32906,14:c1:9f:28:c1:a0,-9,11,1,0,1,1,1,0,0,0,0,-97,0,11,2,1997983,0,47,0,128,0,"[0,0,0,0,0,0,0,0,0,0,0,0,1,11,1,10,3,13,1,12,2,10,1,8,2,9,2,7,2,8,4,7,1,10,4,10,2,9,4,8,4,6,4,10,4,8,6,6,6,7,5,6,4,4,5,7,5,4,6,8,5,9,4,7,0,0,7,7,5,9,5,9,9,10,6,7,5,7,6,8,5,6,7,9,5,7,4,10,4,7,4,9,3,7,2,8,1,9,2,9,3,7,1,5,3,6,1,5,1,6,1,6,-1,7,0,6,0,6,0,0,0,0,0,0,0,0,0,0]"
[0;32mI (2009) csi_recv: compensate_gain 1.000000, agc_gain 0, fft_gain -18[0m
CSI_DATA,32907,14:c1:9f:28:c1:a0,-9,11,1,0,1,1,1,0,0,0,0,-97,0,11,2,2008921,0,47,0,128,0,"[0,0,0,0,0,0,0,0,0,0,0,0,3,-11,3,-10,3,-13,4,-12,2,-11,2,-9,2,-10,0,-8,2,-9,-1,-10,3,-11,1,-12,2,-10,0,-10,-1,-8,1,-11,0,-11,-3,-10,-2,-10,-2,-9,-2,-7,-2,-10,-3,-7,-1,-11,-1,-11,-1,-10,0,0,-3,-11,0,-12,0,-12,-3,-15,-3,-10,-1,-10,-2,-11,-2,-9,-2,-12,-1,-9,2,-11,0,-9,0,-11,0,-9,1,-9,3,-9,2,-10,1,-9,1,-6,1,-8,2,-6,1,-7,2,-6,4,-7,2,-6,3,-6,0,0,0,0,0,0,0,0,0,0]"
[0;32mI (2019) csi_recv: compensate_gain 1.000000, agc_gain 0, fft_gain -18[0m
CSI_DATA,32908,14:c1:9f:28:c1:a0,-9,11,1,0,1,1,1,0,0,0,0,-97,0,11,2,2019923,0,47,0,128,0,"[0,0,0,0,0,0,0,0,0,0,0,0,-4,10,-3,9,-4,12,-5,11,-3,10,-3,8,-3,9,-1,7,-2,9,0,9,-4,10,-1,11,-2,9,-1,9,0,7,-1,10,0,9,2,9,2,9,1,8,1,6,1,9,3,6,1,10,0,11,0,9,0,0,2,10,0,11,0,11,3,13,3,9,1,9,2,10,2,8,2,11,1,8,-2,11,0,8,0,10,0,8,-1,8,-3,8,-2,9,-1,8,-2,5,0,7,-2,5,-1,6,-2,6,-4,6,-3,5,-3,5,0,0,0,0,0,0,0,0,0,0]"
[0;32mI (2029) csi_recv: compensate_gain 1.000000, agc_gain 0, fft_gain -18[0m
CSI_DATA,32909,14:c1:9f:28:c1:a0,-9,11,1,0,1,1,1,0,0,0,0,-97,0,11,2,2030925,0,47,0,128,0,"[0,0,0,0,0,0,0,0,0,0,0,0,2,-11,2,-10,2,-13,3,-12,1,-11,1,-9,1,-10,0,-8,1,-9,-2,-9,2,-11,0,-12,0,-10,-1,-10,-2,-8,-1,-11,-1,-10,-3,-9,-3,-10,-3,-9,-2,-6,-3,-9,-4,-7,-2,-11,-2,-11,-2,-10,0,0,-4,-10,-1,-11,-1,-11,-4,-14,-4,-10,-2,-10,-3,-11,-3,-9,-3,-11,-2,-9,0,-11,-1,-9,-1,-11,-1,-8,0,-9,2,-9,1,-10,0,-9,1,-6,0,-8,1,-6,1,-7,1,-6,3,-7,2,-6,2,-6,0,0,0,0,0,0,0,0,0,0]"
[0;32mI (2039) csi_recv: compensate_gain 1.000000, agc_gain 0, fft_gain -18[0m
CSI_DATA,32910,14:c1:9f:28:c1:a0,-9,11,1,0,1,1,1,0,0,0,0,-97,0,11,2,2041927,0,47,0,128,0,"[0,0,0,0,0,0,0,0,0,0,0,0,-2,10,-1,10,-1,13,-3,12,-1,10,-1,9,-1,9,0,7,-1,9,2,8,-2,10,1,11,0,9,1,9,1,7,1,10,1,10,3,8,3,9,2,8,2,6,2,8,4,5,2,10,2,10,2,9,0,0,4,9,1,11,1,11,4,12,4,9,2,9,3,10,2,8,3,11,2,8,0,11,1,8,1,10,0,8,-1,8,-3,9,-2,9,0,8,-1,6,0,7,-2,5,-1,6,-2,6,-3,6,-2,6,-3,6,0,0,0,0,0,0,0,0,0,0]"
[0;32mI (2049) csi_recv: compensate_gain 1.000000, agc_gain 0, fft_gain -18[0m
CSI_DATA,32911,14:c1:9f:28:c1:a0,-9,11,1,0,1,1,1,0,0,0,0,-97,0,11,2,2052938,0,47,0,128,0,"[0,0,0,0,0,0,0,0,0,0,0,0,-4,-11,-4,-10,-6,-13,-4,-13,-5,-10,-4,-9,-4,-10,-4,-7,-4,-9,-6,-7,-4,-11,-7,-10,-5,-9,-6,-8,-5,-6,-7,-10,-7,-8,-8,-6,-8,-7,-7,-6,-5,-4,-7,-7,-7,-4,-8,-8,-8,-9,-6,-8,0,0,-9,-7,-8,-9,-7,-9,-11,-10,-8,-6,-7,-7,-9,-8,-7,-6,-9,-8,-7,-7,-6,-10,-5,-7,-7,-9,-5,-7,-5,-8,-3,-9,-4,-10,-5,-8,-3,-6,-5,-7,-2,-6,-4,-7,-3,-7,-2,-8,-2,-7,-2,-7,0,0,0,0,0,0,0,0,0,0]"
[0;32mI (2059) csi_recv: compensate_gain 1.000000, agc_gain 0, fft_gain -18[0m
CSI_DATA,32912,14:c1:9f:28:c1:a0,-9,11,1,0,1,1,1,0,0,0,0,-97,0,11,2,2063938,0,47,0,128,0,"[0,0,0,0,0,0,0,0,0,0,0,0,7,8,7,7,10,9,8,9,8,6,6,6,7,6,6,4,6,5,8,3,7,7,9,6,7,6,8,4,6,2,9,5,8,4,9,2,9,2,8,2,6,1,8,2,7,0,10,3,10,4,8,3,0,0,10,1,10,4,9,4,13,3,9,1,9,2,10,2,8,1,11,2,8,2,9,5,7,3,9,4,7,3,7,4,6,6,7,5,7,4,4,3,7,3,4,3,5,3,4,4,4,5,4,4,4,4,0,0,0,0,0,0,0,0,0,0]"
[0;32mI (2079) csi_recv: compensate_gain 1.000000, agc_gain 0, fft_gain -18[0m
CSI_DATA,32913,14:c1:9f:28:c1:a0,-9,11,1,0,1,1,1,0,0,0,0,-97,0,11,2,2074922,0,47,0,128,0,"[0,0,0,0,0,0,0,0,0,0,0,0,-10,-7,-10,-6,-13,-7,-11,-8,-10,-5,-9,-5,-9,-5,-8,-3,-9,-5,-10,-2,-10,-6,-12,-4,-10,-4,-10,-3,-9,-2,-11,-4,-11,-3,-10,0,-10,-1,-9,-1,-7,0,-10,-1,-8,1,-11,-2,-12,-2,-10,-2,0,0,-12,0,-12,-3,-12,-3,-15,0,-11,0,-11,-1,-12,-1,-9,0,-12,-1,-9,-1,-11,-4,-9,-2,-11,-3,-9,-2,-9,-4,-9,-6,-10,-5,-9,-3,-6,-3,-8,-3,-6,-3,-7,-4,-6,-4,-6,-5,-6,-4,-6,-5,0,0,0,0,0,0,0,0,0,0]"
[0;32mI (2089) csi_recv: compensate_gain 1.000000, agc_gain 0, fft_gain -18[0m
CSI_DATA,32914,14:c1:9f:28:c1:a0,-9,11,1,0,1,1,1,0,0,0,0,-97,0,11,2,2085960,0,47,0,128,0,"[0,0,0,0,0,0,0,0,0,0,0,0,10,-6,8,-5,11,-7,11,-5,8,-6,7,-5,8,-5,5,-5,7,-5,6,-8,9,-6,8,-8,8,-6,6,-7,4,-6,8,-8,6,-8,4,-9,4,-9,4,-8,3,-6,5,-8,2,-8,6,-9,6,-9,5,-8,0,0,4,-10,7,-9,7,-9,6,-13,4,-9,5,-9,5,-10,4,-8,6,-10,4,-8,8,-8,5,-7,7,-8,5,-7,6,-6,7,-5,7,-6,5,-6,4,-4,5,-6,4,-4,5,-5,5,-4,6,-3,5,-4,5,-3,0,0,0,0,0,0,0,0,0,0]"
[0;32mI (2099) csi_recv: compensate_gain 1.000000, agc_gain 0, fft_gain -18[0m
CSI_DATA,32915,14:c1:9f:28:c1:a0,-9,11,1,0,1,1,1,0,0,0,0,-97,0,11,2,2096944,0,47,0,128,0,"[0,0,0,0,0,0,0,0,0,0,0,0,-6,10,-5,9,-6,12,-7,10,-5,9,-4,8,-4,8,-2,7,-4,8,-1,9,-5,9,-3,11,-4,9,-2,9,-1,7,-3,10,-2,10,0,9,0,9,-1,8,0,6,0,9,2,7,-1,10,-2,10,-2,9,0,0,0,10,-2,11,-2,10,1,14,1,9,-1,9,0,10,0,8,0,11,-1,8,-4,10,-2,8,-2,10,-2,8,-3,8,-5,8,-4,9,-3,8,-3,5,-2,7,-3,5,-3,6,-3,5,-5,5,-4,5,-4,5,0,0,0,0,0,0,0,0,0,0]"
[0;32mI (2109) csi_recv: compensate_gain 1.000000, agc_gain 0, fft_gain -18[0m
CSI_DATA,32916,14:c1:9f:28:c1:a0,-10,11,1,0,1,1,1,0,0,0,0,-97,0,11,2,2107913,0,47,0,128,0,"[0,0,0,0,0,0,0,0,0,0,0,0,-2,-12,-2,-11,-4,-13,-2,-13,-3,-10,-2,-9,-3,-10,-3,-7,-3,-9,-5,-8,-3,-11,-5,-11,-3,-10,-5,-9,-5,-7,-5,-10,-5,-9,-7,-7,-6,-8,-6,-7,-5,-5,-6,-8,-6,-5,-6,-9,-6,-10,-5,-9,0,0,-8,-9,-6,-10,-5,-11,-9,-11,-7,-8,-6,-8,-7,-9,-6,-7,-7,-10,-5,-8,-4,-11,-4,-8,-5,-10,-4,-8,-3,-9,-2,-10,-3,-10,-4,-8,-2,-6,-3,-8,-1,-6,-2,-7,-2,-7,0,-8,-1,-7,-1,-7,0,0,0,0,0,0,0,0,0,0]"
[0;32mI (2119) csi_recv: compensate_gain 1.000000, agc_gain 0, fft_gain -18[0m
CSI_DATA,32917,14:c1:9f:28:c1:a0,-9,11,1,0,1,1,1,0,0,0,0,-97,0,11,2,2118915,0,47,0,128,0,"[0,0,0,0,0,0,0,0,0,0,0,0,9,5,8,5,11,6,10,6,9,4,7,4,8,4,7,2,8,3,9,1,9,5,10,3,8,4,9,2,7,1,10,3,9,2,9,-1,9,0,8,0,6,0,9,0,7,-2,10,1,10,2,9,2,0,0,10,0,11,2,10,3,14,0,9,0,9,1,10,0,8,0,11,1,8,1,10,4,8,2,10,3,7,2,7,3,7,5,8,4,7,3,5,2,7,2,4,3,5,3,5,3,4,5,4,3,4,4,0,0,0,0,0,0,0,0,0,0]"
[0;32mI (2129) csi_recv: compensate_gain 1.000000, agc_gain 0, fft_gain -18[0m
CSI_DATA,32918,14:c1:9f:28:c1:a0,-9,11,1,0,1,1,1,0,0,0,0,-97,0,11,2,2129926,0,47,0,128,0,"[0,0,0,0,0,0,0,0,0,0,0,0,-10,5,-9,5,-11,7,-12,6,-9,6,-8,5,-8,5,-6,5,-8,5,-6,7,-9,5,-9,8,-8,6,-7,7,-5,6,-8,7,-7,8,-4,8,-5,8,-5,7,-3,5,-5,8,-2,7,-6,9,-7,9,-6,7,0,0,-5,9,-7,8,-8,8,-7,12,-5,9,-6,8,-6,9,-4,7,-6,10,-5,7,-8,7,-6,6,-7,8,-6,6,-7,5,-9,5,-8,5,-6,6,-5,3,-6,5,-5,3,-6,4,-6,3,-7,2,-6,3,-6,2,0,0,0,0,0,0,0,0,0,0]"
[0;32mI (2139) csi_recv: compensate_gain 1.000000, agc_gain 0, fft_gain -18[0m
CSI_DATA,32919,14:c1:9f:28:c1:a0,-9,11,1,0,1,1,1,0,0,0,0,-97,0,11,2,2140928,0,47,0,128,0,"[0,0,0,0,0,0,0,0,0,0,0,0,-4,-11,-4,-10,-6,-13,-4,-13,-5,-10,-4,-9,-4,-9,-4,-7,-4,-9,-7,-7,-4,-11,-7,-10,-5,-9,-6,-8,-6,-6,-7,-10,-7,-8,-8,-6,-8,-7,-7,-6,-5,-4,-7,-7,-7,-4,-8,-8,-8,-9,-7,-8,0,0,-9,-7,-8,-9,-7,-10,-11,-10,-8,-6,-7,-7,-9,-8,-7,-6,-9,-8,-7,-7,-6,-10,-6,-7,-7,-9,-5,-7,-4,-8,-3,-9,-4,-10,-5,-8,-3,-6,-5,-7,-2,-6,-3,-7,-2,-6,-1,-8,-2,-7,-2,-7,0,0,0,0,0,0,0,0,0,0]"
[0;32mI (2149) csi_recv: compensate_gain 1.000000, agc_gain 0, fft_gain -18[0m
CSI_DATA,32920,14:c1:9f:28:c1:a0,-9,11,1,0,1,1,1,0,0,0,0,-97,0,11,2,2151910,0,47,0,128,0,"[0,0,0,0,0,0,0,0,0,0,0,0,11,-1,9,-1,13,-2,12,0,10,-2,8,-1,9,-1,7,-2,8,-2,8,-4,10,-1,11,-3,9,-2,9,-4,6,-4,10,-4,9,-4,7,-6,8,-5,7,-5,5,-4,8,-5,5,-6,9,-5,10,-5,8,-4,0,0,8,-7,10,-5,10,-4,11,-8,8,-6,8,-5,9,-6,7,-5,9,-6,7,-5,10,-3,8,-3,10,-4,7,-3,8,-2,9,-1,9,-2,7,-3,5,-1,7,-3,5,-1,6,-2,6,-1,7,1,6,-1,6,0,0,0,0,0,0,0,0,0,0,0]"
[0;32mI (2159) csi_recv: compensate_gain 1.000000, agc_gain 0, fft_gain -18[0m
CSI_DATA,32921,14:c1:9f:28:c1:a0,-9,11,1,0,1,1,1,0,0,0,0,-97,0,11,2,2162934,0,47,0,128,0,"[0,0,0,0,0,0,0,0,0,0,0,0,0,11,0,10,1,13,0,12,1,10,1,8,1,9,2,7,1,9,3,8,0,10,3,11,1,9,3,8,3,6,3,10,3,8,5,7,5,7,4,7,3,5,5,7,5,5,4,9,4,9,3,8,0,0,6,8,4,10,3,10,8,11,6,7,4,8,5,9,4,6,6,9,4,7,2,10,3,7,3,9,2,7,1,8,0,9,1,9,2,7,0,5,2,7,0,5,1,6,0,6,-1,7,0,6,-1,6,0,0,0,0,0,0,0,0,0,0]"
[0;32mI (2169) csi_recv: compensate_gain 1.000000, agc_gain 0, fft_gain -18[0m
CSI_DATA,32922,14:c1:9f:28:c1:a0,-9,11,1,0,1,1,1,0,0,0,0,-97,0,11,2,2173936,0,47,0,128,0,"[0,0,0,0,0,0,0,0,0,0,0,0,-12,0,-11,0,-14,1,-13,0,-11,1,-9,0,-10,1,-8,1,-10,1,-9,3,-11,0,-12,3,-10,1,-9,3,-8,3,-11,3,-10,3,-8,5,-9,5,-8,4,-6,3,-9,4,-6,5,-10,4,-11,4,-9,3,0,0,-9,6,-11,3,-11,3,-12,7,-9,5,-9,4,-10,5,-8,4,-11,5,-8,4,-11,2,-9,2,-10,3,-8,2,-9,1,-10,0,-10,0,-9,1,-6,0,-8,2,-6,0,-7,0,-7,0,-8,-2,-7,-1,-7,-1,0,0,0,0,0,0,0,0,0,0]"
[0;32mI (2189) csi_recv: compensate_gain 1.000000, agc_gain 0, fft_gain -18[0m
CSI_DATA,32923,14:c1:9f:28:c1:a0,-9,11,1,0,1,1,1,0,0,0,0,-97,0,11,2,2184929,0,47,0,128,0,"[0,0,0,0,0,0,0,0,0,0,0,0,-2,-12,-2,-11,-3,-14,-1,-13,-3,-11,-2,-9,-2,-10,-3,-8,-3,-9,-5,-8,-2,-11,-4,-11,-3,-10,-5,-9,-4,-7,-5,-10,-5,-10,-7,-8,-6,-8,-6,-7,-5,-5,-6,-8,-6,-5,-6,-10,-6,-10,-5,-9,0,0,-8,-9,-6,-10,-6,-11,-9,-11,-7,-8,-6,-9,-7,-9,-6,-7,-7,-10,-5,-8,-4,-11,-4,-8,-5,-10,-4,-8,-3,-9,-2,-10,-3,-10,-4,-8,-2,-6,-4,-8,-1,-6,-2,-7,-2,-7,0,-8,-1,-7,-1,-7,0,0,0,0,0,0,0,0,0,0]"
[0;32mI (2199) csi_recv: compensate_gain 1.000000, agc_gain 0, fft_gain -18[0m
CSI_DATA,32924,14:c1:9f:28:c1:a0,-9,11,1,0,1,1,1,0,0,0,0,-97,0,11,2,2195940,0,47,0,128,0,"[0,0,0,0,0,0,0,0,0,0,0,0,10,-5,9,-5,11,-7,11,-5,8,-6,7,-5,8,-5,5,-5,7,-5,6,-7,9,-5,8,-8,8,-6,6,-7,5,-6,8,-7,6,-7,4,-8,5,-8,5,-7,3,-6,5,-8,2,-8,6,-9,7,-9,6,-7,0,0,5,-9,8,-8,8,-8,7,-12,4,-9,6,-8,6,-9,4,-8,7,-10,5,-7,8,-7,6,-6,7,-8,6,-6,7,-5,8,-4,8,-5,6,-6,5,-3,5,-6,5,-3,6,-4,5,-3,7,-2,5,-3,6,-3,0,0,0,0,0,0,0,0,0,0]"
[0;32mI (2209) csi_recv: compensate_gain 1.000000, agc_gain 0, fft_gain -18[0m
CSI_DATA,32925,14:c1:9f:28:c1:a0,-9,11,1,0,1,1,1,0,0,0,0,-97,0,11,2,2206913,0,47,0,128,0,"[0,0,0,0,0,0,0,0,0,0,0,0,5,9,5,8,7,11,5,11,6,8,4,7,5,8,5,5,5,7,7,5,5,9,8,8,5,7,7,6,6,4,7,7,7,6,8,4,8,4,7,4,5,3,7,5,7,2,8,6,8,6,7,6,0,0,9,5,8,7,8,7,12,7,8,4,7,5,9,6,7,4,9,6,6,5,6,8,6,5,7,7,5,5,4,6,4,8,5,8,5,6,3,5,5,5,2,5,3,5,2,5,1,6,2,5,2,5,0,0,0,0,0,0,0,0,0,0]"
[0;32mI (2219) csi_recv: compensate_gain 1.000000, agc_gain 0, fft_gain -18[0m
CSI_DATA,32926,14:c1:9f:28:c1:a0,-9,11,1,0,1,1,1,0,0,0,0,-97,0,11,2,2217915,0,47,0,128,0,"[0,0,0,0,0,0,0,0,0,0,0,0,-6,9,-5,9,-6,12,-7,10,-5,9,-4,8,-4,8,-3,7,-4,8,-1,9,-5,9,-4,11,-4,9,-2,9,-2,7,-3,10,-2,9,0,9,0,9,-1,8,0,6,-1,9,2,7,-1,10,-1,10,-2,9,0,0,0,10,-2,11,-3,11,0,14,0,9,-1,9,0,10,0,8,-1,11,-1,9,-4,10,-2,8,-2,10,-2,8,-4,8,-5,8,-4,8,-3,8,-3,5,-2,7,-3,5,-3,6,-3,5,-5,5,-4,5,-4,5,0,0,0,0,0,0,0,0,0,0]"
[0;32mI (2229) csi_recv: compensate_gain 1.000000, agc_gain 0, fft_gain -18[0m
CSI_DATA,32927,14:c1:9f:28:c1:a0,-9,11,1,0,1,1,1,0,0,0,0,-97,0,11,2,2228921,0,47,0,128,0,"[0,0,0,0,0,0,0,0,0,0,0,0,-11,1,-10,1,-13,3,-13,1,-11,2,-9,2,-10,2,-7,2,-9,2,-8,4,-11,1,-11,4,-10,2,-9,4,-7,3,-11,4,-9,4,-8,6,-8,6,-8,5,-5,4,-8,5,-5,6,-10,5,-10,5,-9,4,0,0,-8,7,-10,5,-10,4,-11,9,-8,6,-9,5,-9,6,-7,5,-10,6,-8,4,-11,3,-8,3,-10,4,-8,3,-9,2,-10,1,-10,2,-8,3,-6,1,-8,3,-6,0,-7,1,-7,1,-8,-1,-7,0,-7,0,0,0,0,0,0,0,0,0,0,0]"
[0;32mI (2239) csi_recv: compensate_gain 1.000000, agc_gain 0, fft_gain -18[0m
CSI_DATA,32928,14:c1:9f:28:c1:a0,-9,11,1,0,1,1,1,0,0,0,0,-97,0,11,2,2239941,0,47,0,128,0,"[0,0,0,0,0,0,0,0,0,0,0,0,-10,-6,-10,-5,-12,-6,-11,-7,-10,-5,-9,-5,-9,-5,-8,-3,-9,-4,-10,-2,-10,-6,-11,-4,-10,-4,-10,-3,-8,-2,-11,-4,-11,-2,-10,0,-10,-1,-9,-1,-7,0,-10,-1,-8,1,-11,-2,-11,-2,-10,-2,0,0,-11,0,-11,-3,-12,-3,-15,-1,-11,0,-10,-1,-11,-1,-9,-1,-12,-1,-9,-1,-11,-5,-9,-3,-11,-3,-9,-3,-8,-4,-9,-6,-9,-5,-8,-3,-6,-3,-8,-3,-5,-3,-6,-4,-6,-4,-6,-6,-6,-4,-5,-5,0,0,0,0,0,0,0,0,0,0]"
[0;32mI (2249) csi_recv: compensate_gain 1.000000, agc_gain 0, fft_gain -18[0m
CSI_DATA,32929,14:c1:9f:28:c1:a0,-9,11,1,0,1,1,1,0,0,0,0,-97,0,11,2,2250934,0,47,0,128,0,"[0,0,0,0,0,0,0,0,0,0,0,0,-1,-12,-2,-11,-2,-14,-1,-13,-2,-11,-1,-10,-2,-10,-3,-8,-2,-10,-5,-9,-1,-11,-4,-12,-2,-10,-4,-9,-4,-8,-3,-11,-4,-10,-6,-8,-6,-9,-5,-8,-4,-6,-5,-9,-6,-6,-5,-10,-5,-11,-4,-9,0,0,-7,-9,-4,-11,-4,-11,-7,-13,-6,-9,-5,-9,-6,-10,-5,-8,-6,-11,-4,-8,-2,-11,-3,-9,-3,-11,-3,-9,-1,-9,0,-10,-1,-10,-2,-9,-1,-6,-2,-8,0,-6,-1,-7,0,-7,1,-8,0,-7,1,-7,0,0,0,0,0,0,0,0,0,0]"
[0;32mI (2259) csi_recv: compensate_gain 1.000000, agc_gain 0, fft_gain -18[0m
CSI_DATA,32930,14:c1:9f:28:c1:a0,-9,11,1,0,1,1,1,0,0,0,0,-97,0,11,2,2261978,0,47,0,128,0,"[0,0,0,0,0,0,0,0,0,0,0,0,1,-11,0,-10,0,-13,2,-12,-1,-10,0,-9,0,-10,-1,-8,0,-9,-3,-9,0,-11,-2,-11,-1,-10,-2,-9,-2,-8,-2,-11,-3,-10,-4,-8,-4,-9,-3,-8,-3,-6,-4,-9,-5,-6,-4,-10,-4,-10,-3,-9,0,0,-5,-10,-3,-11,-3,-11,-6,-12,-5,-9,-4,-9,-4,-10,-4,-8,-4,-11,-3,-8,-1,-11,-2,-8,-2,-10,-2,-8,-1,-8,1,-10,0,-9,-1,-8,0,-6,-1,-8,0,-6,0,-7,0,-6,2,-7,1,-7,1,-6,0,0,0,0,0,0,0,0,0,0]"
[0;32mI (2269) csi_recv: compensate_gain 1.000000, agc_gain 0, fft_gain -18[0m
CSI_DATA,32931,14:c1:9f:28:c1:a0,-9,11,1,0,1,1,1,0,0,0,0,-97,0,11,2,2272913,0,47,0,128,0,"[0,0,0,0,0,0,0,0,0,0,0,0,10,-3,9,-4,12,-5,12,-3,9,-4,8,-3,9,-4,6,-4,8,-4,7,-6,10,-3,10,-6,9,-4,8,-6,6,-5,9,-6,8,-6,6,-7,7,-7,6,-6,4,-5,7,-7,3,-7,8,-7,8,-7,7,-6,0,0,7,-8,9,-7,9,-6,9,-10,6,-8,7,-7,8,-8,6,-6,8,-8,6,-6,10,-5,7,-5,9,-6,7,-5,7,-4,9,-2,9,-3,7,-4,5,-2,6,-4,5,-2,6,-2,6,-2,7,-1,6,-2,6,-1,0,0,0,0,0,0,0,0,0,0]"
[0;32mI (2279) csi_recv: compensate_gain 1.000000, agc_gain 0, fft_gain -18[0m
CSI_DATA,32932,14:c1:9f:28:c1:a0,-9,11,1,0,1,1,1,0,0,0,0,-97,0,11,2,2283933,0,47,0,128,0,"[0,0,0,0,0,0,0,0,0,0,0,0,11,-1,9,-1,13,-2,12,0,10,-2,8,-1,9,-2,7,-3,9,-2,8,-4,10,-1,11,-4,9,-2,8,-4,6,-4,10,-4,9,-4,7,-6,8,-6,7,-5,5,-4,8,-5,5,-6,9,-5,10,-5,8,-4,0,0,8,-7,10,-5,10,-4,11,-8,7,-6,8,-5,9,-6,7,-5,9,-7,7,-5,10,-3,7,-3,9,-4,7,-3,8,-2,9,-1,9,-2,7,-3,5,-2,7,-3,5,-1,6,-2,6,-1,7,0,6,0,6,0,0,0,0,0,0,0,0,0,0,0]"
[0;32mI (2299) csi_recv: compensate_gain 1.000000, agc_gain 0, fft_gain -18[0m
CSI_DATA,32933,14:c1:9f:28:c1:a0,-9,11,1,0,1,1,1,0,0,0,0,-97,0,11,2,2294908,0,47,0,128,0,"[0,0,0,0,0,0,0,0,0,0,0,0,9,6,8,5,11,6,10,7,9,4,7,4,8,4,7,2,7,4,9,1,8,5,10,4,8,4,9,2,7,1,10,3,9,2,9,0,9,0,8,0,6,0,9,1,7,-2,10,1,10,2,9,2,0,0,10,0,11,2,10,3,14,0,10,0,9,1,10,1,8,0,11,1,8,1,10,4,8,2,10,3,7,2,7,3,7,5,8,4,7,3,5,2,7,2,4,3,6,3,5,3,5,5,4,4,4,4,0,0,0,0,0,0,0,0,0,0]"
[0;32mI (2309) csi_recv: compensate_gain 1.000000, agc_gain 0, fft_gain -18[0m
CSI_DATA,32934,14:c1:9f:28:c1:a0,-9,11,1,0,1,1,1,0,0,0,0,-97,0,11,2,2305909,0,47,0,128,0,"[0,0,0,0,0,0,0,0,0,0,0,0,6,9,6,8,8,10,6,10,6,7,5,7,6,7,5,5,5,6,7,4,6,8,8,7,6,7,7,5,6,4,8,7,8,6,8,3,8,4,7,4,5,2,8,4,7,1,9,5,9,6,7,5,0,0,9,4,8,6,8,7,12,6,9,3,8,5,9,5,7,3,10,5,7,4,7,7,6,5,8,7,6,5,5,6,4,8,5,7,5,5,3,4,5,5,3,4,4,5,3,5,2,6,2,5,2,5,0,0,0,0,0,0,0,0,0,0]"
[0;32mI (2319) csi_recv: compensate_gain 1.000000, agc_gain 0, fft_gain -18[0m
CSI_DATA,32935,14:c1:9f:28:c1:a0,-9,11,1,0,1,1,1,0,0,0,0,-97,0,11,2,2316921,0,47,0,128,0,"[0,0,0,0,0,0,0,0,0,0,0,0,7,8,7,7,9,9,8,9,7,6,6,6,6,6,6,4,6,6,8,3,7,7,9,6,7,6,8,4,6,3,9,5,8,4,8,2,9,2,8,2,6,1,8,3,7,0,9,4,10,4,8,4,0,0,10,2,10,5,9,5,13,3,9,2,9,3,10,3,8,2,10,3,8,3,8,6,7,4,9,4,7,3,6,5,6,6,7,6,6,4,4,4,6,4,3,4,5,4,4,4,3,6,4,4,3,5,0,0,0,0,0,0,0,0,0,0]"
[0;32mI (2329) csi_recv: compensate_gain 1.000000, agc_gain 0, fft_gain -18[0m
CSI_DATA,32936,14:c1:9f:28:c1:a0,-9,11,1,0,1,1,1,0,0,0,0,-97,0,11,2,2327914,0,47,0,128,0,"[0,0,0,0,0,0,0,0,0,0,0,0,7,7,7,7,10,8,8,9,8,6,6,5,7,6,6,4,6,6,8,3,7,7,9,6,7,5,8,4,7,3,9,5,9,4,8,2,9,2,8,2,6,1,8,3,7,0,10,3,10,4,8,3,0,0,10,2,10,5,10,5,13,3,9,1,9,3,10,3,8,2,11,3,8,3,9,6,7,3,9,5,7,3,6,5,6,6,7,6,6,4,4,4,6,4,3,3,5,4,4,4,4,6,4,4,3,5,0,0,0,0,0,0,0,0,0,0]"
[0;32mI (2339) csi_recv: compensate_gain 1.000000, agc_gain 0, fft_gain -18[0m
CSI_DATA,32937,14:c1:9f:28:c1:a0,-9,11,1,0,1,1,1,0,0,0,0,-97,0,11,2,2338916,0,47,0,128,0,"[0,0,0,0,0,0,0,0,0,0,0,0,7,8,7,7,9,9,7,9,7,6,6,6,6,6,6,4,6,6,8,4,6,7,9,6,7,6,8,5,7,3,8,6,8,5,8,2,9,3,8,3,6,1,8,3,7,0,9,4,9,5,8,4,0,0,10,3,9,5,9,6,13,4,9,2,8,3,10,3,8,2,10,4,7,3,8,7,7,4,8,5,7,4,6,5,5,7,6,6,6,5,4,4,6,4,3,4,4,4,3,4,3,6,3,5,3,5,0,0,0,0,0,0,0,0,0,0]"
[0;32mI (2349) csi_recv: compensate_gain 1.000000, agc_gain 0, fft_gain -18[0m
CSI_DATA,32938,14:c1:9f:28:c1:a0,-9,11,1,0,1,1,1,0,0,0,0,-97,0,11,2,2349936,0,47,0,128,0,"[0,0,0,0,0,0,0,0,0,0,0,0,10,3,10,3,12,3,11,4,10,2,8,2,9,2,7,1,8,2,9,-1,10,3,11,1,9,1,9,0,7,-1,10,1,10,0,8,-2,9,-2,8,-1,6,-2,9,-2,6,-3,10,-1,11,-1,9,-1,0,0,10,-3,11,0,11,0,13,-3,9,-3,9,-1,10,-2,8,-2,11,-2,8,-1,10,2,8,0,10,0,8,0,8,1,8,3,9,3,8,1,5,2,7,1,5,2,6,2,5,2,5,4,5,2,5,3,0,0,0,0,0,0,0,0,0,0]"
[0;32mI (2359) csi_recv: compensate_gain 1.000000, agc_gain 0, fft_gain -18[0m
CSI_DATA,32939,14:c1:9f:28:c1:a0,-9,11,1,0,1,1,1,0,0,0,0,-97,0,11,2,2360935,0,47,0,128,0,"[0,0,0,0,0,0,0,0,0,0,0,0,11,0,10,0,13,-1,12,1,10,-1,8,-1,9,-1,7,-2,9,-1,8,-4,10,0,11,-3,9,-1,9,-3,7,-3,10,-3,9,-3,8,-5,8,-5,7,-4,5,-4,8,-5,5,-6,10,-5,10,-4,8,-4,0,0,9,-6,10,-4,11,-3,12,-7,8,-6,8,-4,9,-5,7,-5,10,-6,8,-4,11,-2,8,-3,10,-3,8,-3,8,-1,9,0,9,-1,8,-2,5,-1,7,-2,5,-1,6,-1,6,0,6,1,6,0,6,0,0,0,0,0,0,0,0,0,0,0]"
[0;32mI (2369) csi_recv: compensate_gain 1.000000, agc_gain 0, fft_gain -18[0m
CSI_DATA,32940,14:c1:9f:28:c1:a0,-9,11,1,0,1,1,1,0,0,0,0,-97,0,11,2,2371912,0,47,0,128,0,"[0,0,0,0,0,0,0,0,0,0,0,0,10,-4,9,-4,12,-5,12,-3,9,-4,8,-4,9,-4,6,-4,8,-4,7,-6,10,-4,10,-6,9,-4,7,-6,6,-5,9,-6,8,-7,6,-8,6,-8,6,-7,4,-5,6,-7,3,-7,8,-7,8,-7,7,-6,0,0,7,-9,9,-7,9,-7,9,-11,6,-8,7,-7,7,-8,5,-7,8,-9,6,-6,9,-6,7,-5,8,-6,6,-5,7,-4,9,-3,9,-4,7,-5,5,-3,6,-5,5,-2,6,-3,5,-2,7,-1,6,-2,6,-1,0,0,0,0,0,0,0,0,0,0]"
[0;32mI (2379) csi_recv: compensate_gain 1.000000, agc_gain 0, fft_gain -18[0m
CSI_DATA,32941,14:c1:9f:28:c1:a0,-9,11,1,0,1,1,1,0,0,0,0,-97,0,11,2,2382941,0,47,0,128,0,"[0,0,0,0,0,0,0,0,0,0,0,0,4,-10,4,-10,4,-13,6,-12,3,-10,3,-9,3,-9,1,-8,3,-9,0,-10,4,-10,2,-12,3,-10,1,-10,0,-8,2,-11,1,-11,-1,-10,-1,-10,0,-9,-1,-7,0,-10,-3,-8,0,-11,1,-12,1,-10,0,0,-1,-11,1,-11,2,-12,-1,-14,-1,-11,0,-10,0,-11,-1,-9,0,-12,0,-9,3,-11,1,-9,2,-11,1,-9,3,-9,4,-9,3,-9,2,-9,2,-6,2,-8,2,-6,2,-7,2,-6,4,-6,3,-6,4,-6,0,0,0,0,0,0,0,0,0,0]"
[0;32mI (2389) csi_recv: compensate_gain 1.000000, agc_gain 0, fft_gain -18[0m
CSI_DATA,32942,14:c1:9f:28:c1:a0,-9,11,1,0,1,1,1,0,0,0,0,-97,0,11,2,2393934,0,47,0,128,0,"[0,0,0,0,0,0,0,0,0,0,0,0,-3,-11,-3,-11,-5,-13,-3,-13,-4,-10,-3,-9,-3,-10,-4,-7,-3,-9,-6,-8,-3,-11,-6,-11,-4,-10,-5,-9,-5,-7,-5,-10,-6,-9,-7,-7,-7,-8,-6,-7,-5,-5,-7,-8,-7,-5,-7,-9,-7,-10,-6,-8,0,0,-8,-8,-6,-10,-6,-11,-10,-11,-8,-8,-6,-8,-7,-9,-6,-7,-8,-10,-6,-8,-4,-11,-5,-8,-5,-10,-4,-8,-3,-9,-2,-10,-3,-10,-4,-8,-2,-6,-4,-8,-2,-6,-2,-7,-2,-7,0,-8,-1,-7,-1,-7,0,0,0,0,0,0,0,0,0,0]"
[0;32mI (2409) csi_recv: compensate_gain 1.000000, agc_gain 0, fft_gain -18[0m
CSI_DATA,32943,14:c1:9f:28:c1:a0,-9,11,1,0,1,1,1,0,0,0,0,-97,0,11,2,2404918,0,47,0,128,0,"[0,0,0,0,0,0,0,0,0,0,0,0,-11,-5,-10,-4,-13,-5,-12,-6,-11,-4,-9,-3,-10,-4,-8,-2,-9,-3,-10,0,-10,-5,-12,-3,-10,-3,-10,-2,-8,-1,-11,-2,-10,-1,-10,1,-10,1,-9,0,-7,1,-10,0,-7,2,-11,0,-12,-1,-10,-1,0,0,-11,1,-12,-1,-11,-2,-15,1,-10,1,-10,0,-11,1,-9,1,-12,1,-9,0,-11,-3,-9,-1,-11,-1,-9,-1,-9,-3,-9,-4,-10,-4,-9,-2,-6,-2,-8,-1,-6,-3,-7,-3,-6,-3,-6,-5,-6,-3,-6,-4,0,0,0,0,0,0,0,0,0,0]"
[0;32mI (2419) csi_recv: compensate_gain 1.000000, agc_gain 0, fft_gain -18[0m
CSI_DATA,32944,14:c1:9f:28:c1:a0,-9,11,1,0,1,1,1,0,0,0,0,-97,0,11,2,2415913,0,47,0,128,0,"[0,0,0,0,0,0,0,0,0,0,0,0,-10,5,-9,5,-11,7,-12,6,-9,6,-8,5,-8,5,-6,5,-8,5,-6,7,-10,5,-9,8,-8,6,-7,7,-5,6,-8,7,-7,7,-4,8,-5,8,-5,7,-3,5,-6,8,-2,7,-7,8,-7,8,-6,7,0,0,-5,9,-8,8,-8,8,-7,12,-5,9,-6,8,-6,9,-5,7,-6,9,-5,7,-9,7,-6,6,-8,7,-6,6,-7,5,-9,4,-8,5,-7,5,-5,3,-6,5,-5,2,-6,3,-6,3,-7,2,-6,2,-6,2,0,0,0,0,0,0,0,0,0,0]"
[0;32mI (2429) csi_recv: compensate_gain 1.000000, agc_gain 0, fft_gain -18[0m
CSI_DATA,32945,14:c1:9f:28:c1:a0,-9,11,1,0,1,1,1,0,0,0,0,-97,0,11,2,2426942,0,47,0,128,0,"[0,0,0,0,0,0,0,0,0,0,0,0,4,10,4,9,6,11,4,11,5,8,4,7,4,8,4,5,4,7,6,6,4,9,6,8,4,8,6,7,5,5,6,8,6,7,7,5,7,5,6,5,5,3,7,5,6,2,7,7,7,7,6,6,0,0,8,5,7,8,7,8,10,8,8,5,7,6,8,6,6,5,8,7,6,5,5,9,5,6,6,8,5,6,4,7,3,8,4,8,4,6,2,5,4,6,2,5,3,6,1,5,1,7,1,5,1,6,0,0,0,0,0,0,0,0,0,0]"
[0;32mI (2439) csi_recv: compensate_gain 1.000000, agc_gain 0, fft_gain -18[0m
CSI_DATA,32946,14:c1:9f:28:c1:a0,-9,11,1,0,1,1,1,0,0,0,0,-97,0,11,2,2437908,0,47,0,128,0,"[0,0,0,0,0,0,0,0,0,0,0,0,11,-1,10,-2,13,-3,12,-1,10,-2,8,-2,9,-2,7,-3,8,-2,8,-5,10,-2,10,-4,9,-3,8,-4,6,-4,10,-4,8,-5,7,-6,7,-6,7,-5,5,-4,7,-6,4,-6,9,-6,9,-6,8,-5,0,0,8,-7,10,-5,10,-5,11,-9,7,-7,8,-6,9,-7,6,-6,9,-7,7,-5,10,-4,7,-4,9,-5,7,-4,8,-3,9,-2,9,-2,7,-3,5,-2,7,-3,5,-1,6,-2,6,-1,7,0,6,-1,6,0,0,0,0,0,0,0,0,0,0,0]"
[0;32mI (2449) csi_recv: compensate_gain 1.000000, agc_gain 0, fft_gain -18[0m
CSI_DATA,32947,14:c1:9f:28:c1:a0,-9,11,1,0,1,1,1,0,0,0,0,-97,0,11,2,2448937,0,47,0,128,0,"[0,0,0,0,0,0,0,0,0,0,0,0,-5,-11,-5,-10,-6,-12,-5,-12,-6,-9,-5,-9,-5,-9,-5,-7,-5,-8,-7,-7,-5,-11,-7,-10,-5,-9,-7,-8,-6,-6,-7,-9,-7,-8,-8,-6,-8,-6,-7,-6,-6,-4,-8,-6,-7,-3,-8,-8,-8,-9,-7,-8,0,0,-9,-7,-8,-9,-8,-9,-12,-9,-9,-6,-8,-7,-9,-7,-8,-6,-10,-8,-7,-6,-7,-10,-6,-7,-7,-9,-6,-7,-5,-8,-4,-9,-5,-9,-5,-7,-3,-6,-5,-7,-3,-6,-4,-6,-3,-6,-2,-8,-2,-7,-2,-7,0,0,0,0,0,0,0,0,0,0]"
[0;32mI (2459) csi_recv: compensate_gain 1.000000, agc_gain 0, fft_gain -18[0m
CSI_DATA,32948,14:c1:9f:28:c1:a0,-9,11,1,0,1,1,1,0,0,0,0,-97,0,11,2,2459941,0,47,0,128,0,"[0,0,0,0,0,0,0,0,0,0,0,0,-11,3,-10,3,-13,4,-13,3,-10,4,-9,3,-9,3,-7,3,-9,3,-7,5,-11,3,-10,5,-10,4,-8,5,-7,4,-10,5,-8,6,-6,7,-7,7,-6,6,-5,4,-7,6,-4,6,-9,7,-9,6,-8,5,0,0,-7,8,-9,6,-10,6,-10,10,-7,7,-8,6,-8,7,-6,6,-9,8,-7,5,-10,5,-8,4,-9,5,-7,4,-8,3,-10,2,-9,3,-8,4,-6,2,-7,4,-6,1,-7,2,-6,1,-8,0,-7,1,-7,0,0,0,0,0,0,0,0,0,0,0]"
[0;32mI (2469) csi_recv: compensate_gain 1.000000, agc_gain 0, fft_gain -18[0m
CSI_DATA,32949,14:c1:9f:28:c1:a0,-9,11,1,0,1,1,1,0,0,0,0,-97,0,11,2,2470909,0,47,0,128,0,"[0,0,0,0,0,0,0,0,0,0,0,0,3,10,3,9,5,12,3,12,4,9,3,8,3,9,3,6,3,8,5,7,3,10,5,9,4,8,5,7,4,6,5,9,6,8,7,6,6,6,5,6,4,4,6,7,6,3,7,8,7,8,6,7,0,0,7,7,6,9,6,9,10,9,7,6,6,7,7,7,6,5,7,8,5,6,4,9,4,7,5,8,4,7,3,7,2,9,3,9,3,7,1,5,3,6,1,5,2,6,1,6,0,7,1,6,0,6,0,0,0,0,0,0,0,0,0,0]"
[0;32mI (2479) csi_recv: compensate_gain 1.000000, agc_gain 0, fft_gain -18[0m
CSI_DATA,32950,14:c1:9f:28:c1:a0,-9,11,1,0,1,1,1,0,0,0,0,-97,0,11,2,2481911,0,47,0,128,0,"[0,0,0,0,0,0,0,0,0,0,0,0,9,-7,8,-7,10,-9,10,-7,7,-7,7,-6,7,-7,4,-6,6,-7,4,-8,8,-7,7,-9,7,-7,5,-8,4,-7,6,-9,5,-9,3,-9,4,-9,3,-8,2,-6,4,-9,1,-8,5,-10,5,-10,5,-8,0,0,3,-11,6,-10,6,-10,5,-14,3,-10,4,-9,4,-10,3,-8,4,-11,4,-8,7,-9,5,-7,6,-9,4,-7,5,-7,7,-6,7,-7,5,-7,4,-5,4,-7,4,-4,4,-5,4,-4,6,-4,5,-4,5,-4,0,0,0,0,0,0,0,0,0,0]"
[0;32mI (2489) csi_recv: compensate_gain 1.000000, agc_gain 0, fft_gain -18[0m
CSI_DATA,32951,14:c1:9f:28:c1:a0,-9,11,1,0,1,1,1,0,0,0,0,-97,0,11,2,2492931,0,47,0,128,0,"[0,0,0,0,0,0,0,0,0,0,0,0,-11,-4,-10,-3,-14,-4,-12,-5,-11,-3,-9,-3,-10,-3,-8,-1,-9,-3,-10,0,-11,-4,-12,-1,-10,-2,-10,-1,-8,0,-11,-1,-10,0,-10,2,-10,1,-9,1,-7,1,-10,1,-7,3,-11,1,-12,0,-10,0,0,0,-11,2,-12,0,-12,-1,-14,3,-10,2,-10,1,-11,2,-9,1,-12,2,-9,1,-12,-2,-9,-1,-11,0,-9,-1,-9,-2,-9,-3,-10,-3,-9,-1,-6,-2,-8,-1,-6,-2,-7,-2,-7,-2,-7,-4,-6,-3,-6,-3,0,0,0,0,0,0,0,0,0,0]"
[0;32mI (2499) csi_recv: compensate_gain 1.000000, agc_gain 0, fft_gain -18[0m
CSI_DATA,32952,14:c1:9f:28:c1:a0,-9,11,1,0,1,1,1,0,0,0,0,-97,0,11,2,2503942,0,47,0,128,0,"[0,0,0,0,0,0,0,0,0,0,0,0,4,10,4,9,6,11,5,11,5,8,4,7,4,8,4,5,4,7,7,6,4,9,7,8,5,8,6,6,5,5,7,8,7,6,7,4,7,5,7,5,5,3,7,5,7,2,8,6,8,7,6,6,0,0,9,5,8,7,7,8,11,7,8,4,7,5,8,6,7,4,9,6,6,5,6,8,5,6,7,7,5,6,4,7,3,8,4,8,5,6,3,5,5,5,2,4,3,5,2,5,1,7,2,5,1,6,0,0,0,0,0,0,0,0,0,0]"
[0;32mI (2519) csi_recv: compensate_gain 1.000000, agc_gain 0, fft_gain -18[0m
CSI_DATA,32953,14:c1:9f:28:c1:a0,-9,11,1,0,1,1,1,0,0,0,0,-97,0,11,2,2514915,0,47,0,128,0,"[0,0,0,0,0,0,0,0,0,0,0,0,6,-10,5,-9,6,-12,7,-11,4,-10,4,-8,4,-9,2,-8,4,-9,1,-9,5,-9,4,-11,4,-9,2,-10,1,-8,3,-11,2,-10,0,-10,0,-10,1,-9,0,-7,1,-10,-2,-8,1,-11,2,-11,2,-10,0,0,0,-11,2,-11,3,-11,0,-15,0,-10,1,-10,1,-11,0,-9,1,-12,1,-9,4,-11,2,-8,3,-10,2,-8,3,-8,5,-8,5,-9,3,-8,3,-5,2,-8,3,-5,3,-6,3,-6,5,-5,4,-6,4,-5,0,0,0,0,0,0,0,0,0,0]"
[0;32mI (2529) csi_recv: compensate_gain 1.000000, agc_gain 0, fft_gain -18[0m
CSI_DATA,32954,14:c1:9f:28:c1:a0,-9,11,1,0,1,1,1,0,0,0,0,-97,0,11,2,2525935,0,47,0,128,0,"[0,0,0,0,0,0,0,0,0,0,0,0,-12,2,-10,2,-13,3,-13,2,-10,3,-9,2,-10,2,-7,3,-9,3,-8,5,-11,2,-11,5,-10,3,-9,4,-7,4,-10,5,-9,5,-7,6,-8,6,-7,5,-5,4,-7,6,-4,6,-9,6,-9,6,-8,5,0,0,-8,7,-10,6,-10,6,-10,10,-7,7,-8,6,-8,7,-6,6,-9,8,-7,5,-10,5,-8,4,-9,5,-7,4,-8,3,-10,2,-9,3,-8,4,-6,2,-7,4,-6,1,-7,2,-6,1,-8,0,-7,1,-7,1,0,0,0,0,0,0,0,0,0,0]"
[0;32mI (2539) csi_recv: compensate_gain 1.000000, agc_gain 0, fft_gain -18[0m
CSI_DATA,32955,14:c1:9f:28:c1:a0,-9,11,1,0,1,1,1,0,0,0,0,-97,0,11,2,2536919,0,47,0,128,0,"[0,0,0,0,0,0,0,0,0,0,0,0,10,2,10,2,13,2,12,3,10,1,9,1,9,1,7,0,8,1,9,-2,10,2,11,0,9,1,9,-1,7,-1,10,0,10,-1,8,-3,9,-3,8,-2,6,-2,9,-2,6,-4,10,-2,11,-1,9,-1,0,0,10,-3,11,-1,11,-1,13,-4,9,-3,9,-2,10,-3,8,-3,11,-3,8,-2,10,1,8,0,10,0,8,0,8,1,8,3,9,2,8,1,5,1,7,0,5,1,6,1,5,1,6,3,5,2,5,2,0,0,0,0,0,0,0,0,0,0]"
[0;32mI (2549) csi_recv: compensate_gain 1.000000, agc_gain 0, fft_gain -18[0m
CSI_DATA,32956,14:c1:9f:28:c1:a0,-9,11,1,0,1,1,1,0,0,0,0,-97,0,11,2,2547912,0,47,0,128,0,"[0,0,0,0,0,0,0,0,0,0,0,0,-10,-8,-8,-6,-12,-8,-10,-8,-10,-6,-8,-5,-9,-6,-7,-4,-8,-5,-10,-3,-9,-7,-11,-6,-9,-6,-9,-4,-8,-3,-11,-5,-10,-3,-10,-1,-10,-2,-9,-2,-7,-1,-10,-2,-8,0,-11,-3,-11,-4,-9,-3,0,0,-11,-1,-12,-4,-11,-4,-15,-2,-10,-1,-10,-2,-11,-2,-9,-1,-12,-2,-9,-2,-10,-5,-8,-3,-11,-4,-8,-3,-9,-5,-8,-6,-9,-6,-8,-4,-5,-3,-8,-3,-5,-4,-6,-4,-6,-5,-5,-6,-5,-5,-5,-5,0,0,0,0,0,0,0,0,0,0]"
[0;32mI (2559) csi_recv: compensate_gain 1.000000, agc_gain 0, fft_gain -18[0m
CSI_DATA,32957,14:c1:9f:28:c1:a0,-9,11,1,0,1,1,1,0,0,0,0,-97,0,11,2,2558932,0,47,0,128,0,"[0,0,0,0,0,0,0,0,0,0,0,0,8,7,7,6,10,7,9,8,8,6,7,5,7,6,6,3,7,5,8,3,8,7,10,5,8,5,8,3,7,2,9,4,9,3,9,1,9,1,8,2,6,1,9,2,7,-1,10,3,10,3,8,3,0,0,10,1,10,4,10,4,13,2,9,1,9,2,10,2,8,1,11,2,8,2,9,5,7,3,9,4,7,3,7,4,7,6,7,5,7,4,4,3,6,3,4,3,5,4,4,4,4,5,4,4,4,4,0,0,0,0,0,0,0,0,0,0]"
[0;32mI (2569) csi_recv: compensate_gain 1.000000, agc_gain 0, fft_gain -18[0m
CSI_DATA,32958,14:c1:9f:28:c1:a0,-9,11,1,0,1,1,1,0,0,0,0,-97,0,11,2,2569913,0,47,0,128,0,"[0,0,0,0,0,0,0,0,0,0,0,0,-4,-11,-4,-11,-5,-13,-4,-13,-4,-10,-4,-9,-4,-10,-4,-7,-4,-9,-6,-8,-4,-11,-6,-11,-5,-10,-6,-8,-6,-7,-6,-10,-7,-9,-7,-7,-8,-7,-7,-7,-5,-5,-7,-7,-7,-4,-8,-9,-8,-9,-6,-8,0,0,-9,-8,-7,-10,-7,-10,-11,-10,-8,-7,-7,-8,-8,-8,-7,-6,-9,-9,-6,-7,-6,-10,-5,-8,-6,-10,-5,-7,-4,-8,-3,-10,-4,-10,-4,-8,-2,-6,-4,-7,-2,-6,-3,-7,-2,-6,-1,-8,-2,-7,-1,-7,0,0,0,0,0,0,0,0,0,0]"
[0;32mI (2579) csi_recv: compensate_gain 1.000000, agc_gain 0, fft_gain -18[0m
CSI_DATA,32959,14:c1:9f:28:c1:a0,-9,11,1,0,1,1,1,0,0,0,0,-97,0,11,2,2580924,0,47,0,128,0,"[0,0,0,0,0,0,0,0,0,0,0,0,4,10,4,9,6,11,4,11,5,8,4,8,4,8,4,6,4,7,6,6,4,9,7,9,5,8,6,7,5,5,6,8,7,7,7,5,7,5,6,5,5,3,7,5,6,2,7,7,8,7,6,6,0,0,8,6,7,8,7,8,11,8,8,5,7,6,8,6,6,5,8,7,6,5,6,9,5,6,6,8,5,6,4,7,3,9,4,8,4,7,2,5,4,6,2,5,3,6,2,5,1,7,1,6,1,6,0,0,0,0,0,0,0,0,0,0]"
[0;32mI (2589) csi_recv: compensate_gain 1.000000, agc_gain 0, fft_gain -18[0m
CSI_DATA,32960,14:c1:9f:28:c1:a0,-9,11,1,0,1,1,1,0,0,0,0,-97,0,11,2,2591926,0,47,0,128,0,"[0,0,0,0,0,0,0,0,0,0,0,0,-7,-10,-6,-9,-9,-11,-7,-11,-7,-8,-6,-8,-6,-8,-6,-6,-6,-7,-8,-6,-6,-9,-9,-9,-7,-8,-8,-6,-7,-5,-8,-8,-8,-7,-9,-4,-9,-5,-8,-5,-6,-3,-8,-5,-8,-2,-9,-6,-9,-7,-8,-6,0,0,-10,-5,-9,-7,-9,-8,-13,-7,-9,-5,-8,-6,-10,-6,-8,-5,-10,-6,-8,-5,-8,-9,-7,-6,-8,-8,-7,-6,-6,-7,-5,-9,-6,-8,-6,-7,-4,-5,-6,-6,-3,-5,-4,-6,-3,-6,-3,-7,-3,-6,-3,-6,0,0,0,0,0,0,0,0,0,0]"
[0;32mI (2599) csi_recv: compensate_gain 1.000000, agc_gain 0, fft_gain -18[0m
CSI_DATA,32961,14:c1:9f:28:c1:a0,-9,11,1,0,1,1,1,0,0,0,0,-97,0,11,2,2602919,0,47,0,128,0,"[0,0,0,0,0,0,0,0,0,0,0,0,7,8,7,7,9,9,8,9,7,6,6,6,7,6,6,4,6,6,8,3,7,7,9,6,7,6,8,4,6,3,9,5,8,4,9,2,9,2,8,2,6,1,8,3,7,0,10,4,10,4,8,4,0,0,10,2,10,4,10,5,13,3,9,2,9,3,10,3,8,2,10,3,8,3,9,6,7,4,9,5,7,4,6,4,6,6,7,6,7,4,4,3,6,4,4,4,5,4,4,4,3,6,4,4,3,5,0,0,0,0,0,0,0,0,0,0]"
[0;32mI (2609) csi_recv: compensate_gain 1.000000, agc_gain 0, fft_gain -18[0m
CSI_DATA,32962,14:c1:9f:28:c1:a0,-9,11,1,0,1,1,1,0,0,0,0,-97,0,11,2,2613918,0,47,0,128,0,"[0,0,0,0,0,0,0,0,0,0,0,0,-11,-5,-10,-5,-13,-5,-12,-6,-10,-4,-9,-4,-9,-4,-8,-2,-9,-4,-10,-1,-10,-5,-12,-3,-10,-3,-10,-2,-8,-1,-11,-3,-11,-2,-10,1,-10,0,-9,-1,-7,0,-10,0,-8,2,-11,-1,-12,-1,-10,-1,0,0,-11,1,-12,-2,-12,-3,-14,0,-10,0,-10,-1,-11,-1,-9,0,-12,-1,-9,-1,-11,-4,-9,-2,-11,-3,-9,-2,-8,-3,-9,-5,-9,-5,-8,-3,-6,-3,-8,-3,-5,-3,-7,-4,-6,-4,-6,-5,-6,-4,-6,-4,0,0,0,0,0,0,0,0,0,0]"
[0;32mI (2629) csi_recv: compensate_gain 1.000000, agc_gain 0, fft_gain -18[0m
CSI_DATA,32963,14:c1:9f:28:c1:a0,-9,11,1,0,1,1,1,0,0,0,0,-97,0,11,2,2624911,0,47,0,128,0,"[0,0,0,0,0,0,0,0,0,0,0,0,11,-2,9,-2,13,-3,12,-1,10,-3,8,-2,9,-2,7,-3,8,-2,8,-5,10,-2,10,-4,9,-3,8,-4,6,-4,10,-4,8,-5,7,-6,7,-6,7,-5,5,-4,7,-6,5,-6,9,-6,9,-5,8,-4,0,0,8,-7,10,-5,10,-5,11,-9,7,-7,8,-6,9,-7,6,-5,9,-7,7,-5,10,-4,7,-4,9,-5,7,-3,8,-3,9,-1,9,-2,7,-3,5,-2,7,-3,5,-1,6,-2,6,-1,7,0,6,-1,6,0,0,0,0,0,0,0,0,0,0,0]"
